업체명,지역,업종,전화번호,주소,담당자,메모,영업단계,등록일
정동종합건재,강원특별자치도 강릉시,건자재점,,강원특별자치도 강릉시 강동면 정동역길 84,,G21001 / 강동면,미방문,
클린유통건재,강원특별자치도 강릉시,건자재점,,강원특별자치도 강릉시 강동면 율곡로 1948,,G20404 / 강동면,미방문,
오호철물점,강원특별자치도 고성군,철물점,,강원특별자치도 고성군 죽왕면 동해대로 5907,,G21001 / 죽왕면,미방문,
진흥건재철물,강원특별자치도 정선군,건자재점,,강원특별자치도 정선군 정선읍 봉양6길 36-1,,G21001 / 정선읍,미방문,
봉양철물건재,강원특별자치도 정선군,건자재점,,강원특별자치도 정선군 정선읍 봉양2길 28,,G21001 / 정선읍,미방문,
보성철물자재,강원특별자치도 평창군,철물점,,강원특별자치도 평창군 진부면 진부중앙로 37,,G21001 / 진부면,미방문,
늘푸른농자재마트,강원특별자치도 평창군,농자재점,,강원특별자치도 평창군 진부면 경강로 4058,,G22199 / 진부면,미방문,
현대공업사,강원특별자치도 원주시,공구점,,강원특별자치도 원주시 지정면 보통로 325,,S20301 / 지정면,미방문,
남산철물,강원특별자치도 춘천시,철물점,,강원특별자치도 춘천시 남산면 한치로 90,,G21001 / 남산면,미방문,
신화철물,강원특별자치도 원주시,철물점,,강원특별자치도 원주시 치악로 1959,,G21001 / 태장1동,미방문,
선진정비공업사,강원특별자치도 춘천시,공구점,,강원특별자치도 춘천시 공단로70번길 17,,S20301 / 후평1동,미방문,
동명철물상사,강원특별자치도 강릉시,철물점,,강원특별자치도 강릉시 옥계면 현내시장길 74-3,,G21001 / 옥계면,미방문,
신진건재철물상사,강원특별자치도 정선군,건자재점,,강원특별자치도 정선군 남면 무릉1로 92,,G21001 / 남면,미방문,
믿음농자재,강원특별자치도 횡성군,농자재점,,강원특별자치도 횡성군 둔내면 둔방로14번길 69,,G21001 / 둔내면,미방문,
닭바위공업사,강원특별자치도 홍천군,공구점,,강원특별자치도 홍천군 홍천읍 공작산로 85,,S20501 / 홍천읍,미방문,
금성철물,강원특별자치도 태백시,철물점,,강원특별자치도 태백시 황지북3길 1,,G21001 / 황지동,미방문,
일흥공업사,강원특별자치도 철원군,공구점,,강원특별자치도 철원군 서면 와수1로 42,,S20301 / 서면,미방문,
원투공업사,강원특별자치도 화천군,공구점,,강원특별자치도 화천군 사내면 창안산길 2,,S20301 / 사내면,미방문,
대호철물점,강원특별자치도 강릉시,철물점,,강원특별자치도 강릉시 보래미길 51,,G21001 / 포남2동,미방문,
원흥공업사,강원특별자치도 영월군,공구점,,강원특별자치도 영월군 주천면 주천로58번길 28,,S20301 / 주천면,미방문,
산솔배관건재,강원특별자치도 홍천군,건자재점,,강원특별자치도 홍천군 홍천읍 구시울1길 9,,G21001 / 홍천읍,미방문,
중앙공업사,강원특별자치도 평창군,공구점,,강원특별자치도 평창군 진부면 석두산길 87,,S20401 / 진부면,미방문,
미림공업사,강원특별자치도 원주시,공구점,,강원특별자치도 원주시 문막읍 원문로 1466,,S20301 / 문막읍,미방문,
중앙공업사,강원특별자치도 홍천군,공구점,,강원특별자치도 홍천군 남면 시동안로 226-7,,S20401 / 남면,미방문,
경북철물,강원특별자치도 태백시,철물점,,강원특별자치도 태백시 태백로 926,,G21001 / 황지동,미방문,
한국철물,강원특별자치도 원주시,철물점,,강원특별자치도 원주시 평원로 85,,G21001 / 중앙동,미방문,
한신종합건재,강원특별자치도 철원군,건자재점,,강원특별자치도 철원군 갈말읍 명성로 162,,G21001 / 갈말읍,미방문,
공룡철물전기공사,강원특별자치도 원주시,철물점,,강원특별자치도 원주시 봉천길 4,,G21001 / 봉산동,미방문,
일등종합건재,강원특별자치도 강릉시,건자재점,,강원특별자치도 강릉시 구정면 정등로 54,,G21099 / 구정면,미방문,
현대철물，건재,강원특별자치도 원주시,건자재점,,강원특별자치도 원주시 흥업면 원문로 784,,G21001 / 흥업면,미방문,
계촌약속철물건재흙집상담,강원특별자치도 평창군,건자재점,,강원특별자치도 평창군 방림면 계촌길 65,,G21001 / 방림면,미방문,
신동철물,강원특별자치도 정선군,철물점,,강원특별자치도 정선군 신동읍 의림로 290,,G21001 / 신동읍,미방문,
전원철물공구점,강원특별자치도 홍천군,철물점,,강원특별자치도 홍천군 홍천읍 너브내길 41,,G21001 / 홍천읍,미방문,
사팔철물,강원특별자치도 강릉시,철물점,,강원특별자치도 강릉시 중앙시장2길 44,,G21001 / 중앙동,미방문,
두리앵글.철물,강원특별자치도 원주시,철물점,,강원특별자치도 원주시 북원로2475번길 22-9,,G21001 / 우산동,미방문,
서원철물건재,강원특별자치도 횡성군,건자재점,,강원특별자치도 횡성군 서원면 경강로 815,,G21001 / 서원면,미방문,
삼일공업사,강원특별자치도 평창군,공구점,,강원특별자치도 평창군 평창읍 송학로 62,,S20301 / 평창읍,미방문,
황지철물,강원특별자치도 태백시,철물점,,강원특별자치도 태백시 시장남길 27,,G21001 / 황지동,미방문,
강원종합철물건재,강원특별자치도 평창군,건자재점,,강원특별자치도 평창군 평창읍 군청길 31,,G21001 / 평창읍,미방문,
대장철물,강원특별자치도 평창군,철물점,,강원특별자치도 평창군 평창읍 평창시장1길 5,,G21001 / 평창읍,미방문,
철물DC마트,강원특별자치도 홍천군,철물점,,강원특별자치도 홍천군 홍천읍 홍천로 710,,G21001 / 홍천읍,미방문,
대승공업사,강원특별자치도 원주시,공구점,,강원특별자치도 원주시 우무개2길 2,,S20301 / 우산동,미방문,
유피아공업사,강원특별자치도 원주시,공구점,,강원특별자치도 원주시 문막읍 원문로 2198,,S20301 / 문막읍,미방문,
현대농기구,강원특별자치도 철원군,농자재점,,강원특별자치도 철원군 갈말읍 도창로 8,,G21001 / 갈말읍,미방문,
석사철물,강원특별자치도 춘천시,철물점,,강원특별자치도 춘천시 공지로 98,,G21001 / 석사동,미방문,
동현철물,강원특별자치도 삼척시,철물점,,강원특별자치도 삼척시 근덕면 교가길 5,,G21001 / 근덕면,미방문,
동호철물,강원특별자치도 동해시,철물점,,강원특별자치도 동해시 발한로 137,,G21001 / 동호동,미방문,
동아공업사,강원특별자치도 태백시,공구점,,강원특별자치도 태백시 편들길 72,,S20301 / 문곡소도동,미방문,
부론공업사,강원특별자치도 원주시,공구점,,강원특별자치도 원주시 부론면 법천시장길 42-2,,S20301 / 부론면,미방문,
미래철물,강원특별자치도 정선군,철물점,,강원특별자치도 정선군 여량면 서동로 2897,,G21001 / 여량면,미방문,
대성철물,강원특별자치도 태백시,철물점,,강원특별자치도 태백시 황지로 291-1,,G21001 / 황연동,미방문,
대성건재.공구,강원특별자치도 홍천군,공구점,,강원특별자치도 홍천군 북방면 홍천로 165,,G21001 / 북방면,미방문,
우주카공업사,강원특별자치도 횡성군,공구점,,강원특별자치도 횡성군 횡성읍 입석로 79,,S20301 / 횡성읍,미방문,
대창철물,강원특별자치도 원주시,철물점,,강원특별자치도 원주시 송림길 48-5,,G21001 / 단구동,미방문,
중앙철물점,강원특별자치도 춘천시,철물점,,강원특별자치도 춘천시 중앙로 87,,G21001 / 약사명동,미방문,
역전철물건재,강원특별자치도 정선군,건자재점,,강원특별자치도 정선군 정선읍 녹송로 109,,G21001 / 정선읍,미방문,
동양철물건재,강원특별자치도 정선군,건자재점,,강원특별자치도 정선군 여량면 서동로 2932,,G21001 / 여량면,미방문,
진성공업사,강원특별자치도 원주시,공구점,,강원특별자치도 원주시 문막읍 원문로 2100,,S20301 / 문막읍,미방문,
춘천철물,강원특별자치도 춘천시,철물점,,강원특별자치도 춘천시 중앙로 85-1,,G21001 / 약사명동,미방문,
상호철물자재,강원특별자치도 원주시,철물점,,강원특별자치도 원주시 평원로 32-1,,G21001 / 중앙동,미방문,
현대만종공업사,강원특별자치도 원주시,공구점,,강원특별자치도 원주시 호저면 운동들2길 21-10,,S20301 / 호저면,미방문,
청아철물건축,강원특별자치도 동해시,철물점,,강원특별자치도 동해시 단봉길 23,,G21001 / 북평동,미방문,
제일철물점,강원특별자치도 양구군,철물점,,강원특별자치도 양구군 양구읍 비봉로 50,,G21001 / 양구읍,미방문,
현대철물,강원특별자치도 원주시,철물점,,강원특별자치도 원주시 문막읍 문막시장1길 67,,G21001 / 문막읍,미방문,
신승공업사,강원특별자치도 원주시,공구점,,강원특별자치도 원주시 판부면 서곡길 113,,M10502 / 판부면,미방문,
육일공업사,강원특별자치도 태백시,공구점,,강원특별자치도 태백시 상장로 10,,S20301 / 상장동,미방문,
영동철물,강원특별자치도 정선군,철물점,,강원특별자치도 정선군 고한읍 고한6길 46-1,,G21001 / 고한읍,미방문,
하이트공업사,강원특별자치도 홍천군,공구점,,강원특별자치도 홍천군 북방면 홍천로 111,,S20301 / 북방면,미방문,
부자공업사,강원특별자치도 동해시,공구점,,강원특별자치도 동해시 용정로 40-2,,S20301 / 북삼동,미방문,
팔봉철물,강원특별자치도 홍천군,철물점,,강원특별자치도 홍천군 서면 한치골길 822,,G21001 / 서면,미방문,
경포철물,강원특별자치도 강릉시,철물점,,강원특별자치도 강릉시 안현로244번길 5,,G21001 / 경포동,미방문,
신흥철물건재,강원특별자치도 평창군,건자재점,,강원특별자치도 평창군 대화면 대화2길 6,,G21001 / 대화면,미방문,
거성포장철물,강원특별자치도 평창군,철물점,,강원특별자치도 평창군 진부면 진벌2길 47,,G21001 / 진부면,미방문,
우천카공업사,강원특별자치도 횡성군,공구점,,강원특별자치도 횡성군 우천면 한우로 1436,,S20301 / 우천면,미방문,
무실철물전기,강원특별자치도 원주시,철물점,,강원특별자치도 원주시 만대로 170,,G21001 / 무실동,미방문,
동면철물건재,강원특별자치도 홍천군,건자재점,,강원특별자치도 홍천군 영귀미면 공작산로 520,,G21001 / 영귀미면,미방문,
서울농자재,강원특별자치도 홍천군,농자재점,,강원특별자치도 홍천군 화촌면 성산로 199-3,,G21001 / 화촌면,미방문,
부흥종합철물건재,강원특별자치도 속초시,건자재점,,강원특별자치도 속초시 소평로 139,,G21001 / 조양동,미방문,
신광철물,강원특별자치도 삼척시,철물점,,강원특별자치도 삼척시 도계읍 도계로 193-2,,G21001 / 도계읍,미방문,
부광건재철물,강원특별자치도 인제군,건자재점,,강원특별자치도 인제군 서화면 천도로 156,,G21001 / 서화면,미방문,
현대건재,강원특별자치도 홍천군,건자재점,,강원특별자치도 홍천군 북방면 홍천로 182-8,,G21003 / 북방면,미방문,
우주공업사,강원특별자치도 삼척시,공구점,,강원특별자치도 삼척시 동해대로 4174-11,,S20301 / 교동,미방문,
양평공업사,강원특별자치도 영월군,공구점,,강원특별자치도 영월군 주천면 송학주천로 1467,,S20301 / 주천면,미방문,
화천철물건재,강원특별자치도 화천군,건자재점,,강원특별자치도 화천군 화천읍 노신로 34,,G21001 / 화천읍,미방문,
한일철물,강원특별자치도 강릉시,철물점,,강원특별자치도 강릉시 임영로 171,,G21001 / 중앙동,미방문,
인제동신공업사,강원특별자치도 인제군,공구점,,강원특별자치도 인제군 인제읍 인제로 49,,S20301 / 인제읍,미방문,
영도종합정비공업사,강원특별자치도 원주시,공구점,,강원특별자치도 원주시 지정면 질마재로 4,,S20301 / 지정면,미방문,
보생철물,강원특별자치도 양양군,철물점,,강원특별자치도 양양군 양양읍 남문7길 7-6,,G21001 / 양양읍,미방문,
원주철물,강원특별자치도 평창군,철물점,,강원특별자치도 평창군 평창읍 송학로 9,,G21001 / 평창읍,미방문,
남산카공업사,강원특별자치도 평창군,공구점,,강원특별자치도 평창군 대화면 던짓골길 3-16,,S20301 / 대화면,미방문,
동면철물점,강원특별자치도 양구군,철물점,,강원특별자치도 양구군 동면 남동로 647,,G21001 / 동면,미방문,
쌍용카정비공업사,강원특별자치도 원주시,공구점,,강원특별자치도 원주시 흥양로18번길 19-11,,S20301 / 태장2동,미방문,
국제장식철물,강원특별자치도 원주시,철물점,,강원특별자치도 원주시 무실로 51,,G21001 / 원인동,미방문,
항도공업사,강원특별자치도 동해시,공구점,,강원특별자치도 동해시 동해대로 5026,,S20301 / 북삼동,미방문,
신흥공업사,강원특별자치도 원주시,공구점,,강원특별자치도 원주시 강변로 577,,S20301 / 중앙동,미방문,
대영철물경동나비엔,강원특별자치도 인제군,철물점,,강원특별자치도 인제군 인제읍 인제로209번길 3,,G21001 / 인제읍,미방문,
문혜철물,강원특별자치도 철원군,철물점,,강원특별자치도 철원군 갈말읍 두루미로 87,,G21001 / 갈말읍,미방문,
영진종합건재,강원특별자치도 춘천시,건자재점,,강원특별자치도 춘천시 동면 사우로 241,,G21001 / 동면,미방문,
진보카공업사,강원특별자치도 고성군,공구점,,강원특별자치도 고성군 죽왕면 공설묘원길 14,,S20301 / 죽왕면,미방문,
영동공업사,강원특별자치도 속초시,공구점,,강원특별자치도 속초시 동해대로 3974,,S20301 / 청호동,미방문,
근덕철물설비건재,강원특별자치도 삼척시,건자재점,,강원특별자치도 삼척시 근덕면 삼척로 3682,,G21001 / 근덕면,미방문,
강원철물상사,강원특별자치도 원주시,철물점,,강원특별자치도 원주시 개봉교길 2,,G21001 / 개운동,미방문,
영동공업사,강원특별자치도 강릉시,공구점,,강원특별자치도 강릉시 강변로534번길 12-5,,S20301 / 성덕동,미방문,
대림공업사,강원특별자치도 원주시,공구점,,강원특별자치도 원주시 치악로1580번길 23,,S20301 / 단구동,미방문,
춘천우성철물,강원특별자치도 춘천시,철물점,,강원특별자치도 춘천시 동면 가래울길 6-1,,G21001 / 동면,미방문,
안동철물,강원특별자치도 영월군,철물점,,강원특별자치도 영월군 상동읍 상동시장길 17,,G21001 / 상동읍,미방문,
해인만능철물,강원특별자치도 춘천시,철물점,,강원특별자치도 춘천시 후석로 256,,G21001 / 후평3동,미방문,
영석공업사,강원특별자치도 영월군,공구점,,강원특별자치도 영월군 산솔면 영월로 3742,,S20301 / 산솔면,미방문,
태광철물점,강원특별자치도 강릉시,철물점,,강원특별자치도 강릉시 명주로 36,,G21001 / 중앙동,미방문,
사팔철물점,강원특별자치도 평창군,철물점,,강원특별자치도 평창군 진부면 진부중앙로 64-4,,G21001 / 진부면,미방문,
홍천군산림조합종합건재,강원특별자치도 홍천군,건자재점,,강원특별자치도 홍천군 화촌면 설악로 2583,,G21003 / 화촌면,미방문,
신림건자재농자재마트,강원특별자치도 원주시,농자재점,,강원특별자치도 원주시 신림면 마지동길 124,,G21001 / 신림면,미방문,
서석현대공업사,강원특별자치도 홍천군,공구점,,강원특별자치도 홍천군 서석면 아미산길 40-3,,S20301 / 서석면,미방문,
일성철물,강원특별자치도 태백시,철물점,,강원특별자치도 태백시 시장안2길 19-1,,G21001 / 황지동,미방문,
동송철물건재,강원특별자치도 철원군,건자재점,,강원특별자치도 철원군 동송읍 이평3로 140,,G21001 / 동송읍,미방문,
천곡철물상사,강원특별자치도 동해시,철물점,,강원특별자치도 동해시 천곡로 47-1,,G21001 / 천곡동,미방문,
원주차사랑공업사,강원특별자치도 원주시,공구점,,강원특별자치도 원주시 현충로 79,,S20301 / 태장1동,미방문,
철물,강원특별자치도 정선군,철물점,,강원특별자치도 정선군 임계면 송계2길 2-1,,G21001 / 임계면,미방문,
방산철물설비,강원특별자치도 양구군,철물점,,강원특별자치도 양구군 방산면 장거리길 8,,G21001 / 방산면,미방문,
북평종합철물,강원특별자치도 정선군,철물점,,강원특별자치도 정선군 북평면 북평7길 31,,G21001 / 북평면,미방문,
강원철물건재상사,강원특별자치도 춘천시,건자재점,,강원특별자치도 춘천시 남춘로 60,,G21001 / 효자2동,미방문,
단구철물,강원특별자치도 원주시,철물점,,강원특별자치도 원주시 단구초교길 35,,G21001 / 단구동,미방문,
형제철강;철물,강원특별자치도 인제군,철물점,,강원특별자치도 인제군 북면 원통로 188-1,,G21001 / 북면,미방문,
강원철물,강원특별자치도 화천군,철물점,,강원특별자치도 화천군 간동면 간척월명로 294,,G21001 / 간동면,미방문,
성진철물건재,강원특별자치도 강릉시,건자재점,,강원특별자치도 강릉시 주문진읍 연주로 327,,G21001 / 주문진읍,미방문,
일등농자재마트,강원특별자치도 원주시,농자재점,,강원특별자치도 원주시 문막읍 문막시장1길 76,,G22199 / 문막읍,미방문,
유가공업사,강원특별자치도 화천군,공구점,,강원특별자치도 화천군 화천읍 상승로 97,,G21001 / 화천읍,미방문,
중부농자재,강원특별자치도 양구군,농자재점,,강원특별자치도 양구군 해안면 만대로 90,,G22199 / 해안면,미방문,
현산철물상회,강원특별자치도 양양군,철물점,,강원특별자치도 양양군 양양읍 남문5길 17,,G21001 / 양양읍,미방문,
제일건재,강원특별자치도 평창군,건자재점,,강원특별자치도 평창군 평창읍 후평길 1,,G21001 / 평창읍,미방문,
나연카공업사,강원특별자치도 원주시,공구점,,강원특별자치도 원주시 치악로 1913-1,,S20302 / 봉산동,미방문,
대명철물,강원특별자치도 철원군,철물점,,강원특별자치도 철원군 서면 와수로 249,,G21001 / 서면,미방문,
대구철물,강원특별자치도 삼척시,철물점,,강원특별자치도 삼척시 도계읍 도계로 313-1,,G21001 / 도계읍,미방문,
대화철물,강원특별자치도 평창군,철물점,,강원특별자치도 평창군 대화면 대화시장2길 15-2,,G21001 / 대화면,미방문,
덕성철물건재,강원특별자치도 홍천군,건자재점,,강원특별자치도 홍천군 홍천읍 진리로 32,,G21001 / 홍천읍,미방문,
갈마철물,강원특별자치도 홍천군,철물점,,강원특별자치도 홍천군 홍천읍 홍천로 478-1,,G21001 / 홍천읍,미방문,
사팔종합건재철물,강원특별자치도 영월군,건자재점,,강원특별자치도 영월군 영월읍 하송안길 113-1,,G21001 / 영월읍,미방문,
대진철물건재,강원특별자치도 평창군,건자재점,,강원특별자치도 평창군 대화면 대화중앙로 164,,G21001 / 대화면,미방문,
삼일전자.철물,강원특별자치도 원주시,철물점,,강원특별자치도 원주시 삼광1길 31-8,,G21001 / 봉산동,미방문,
신대영공업사,강원특별자치도 원주시,공구점,,강원특별자치도 원주시 문막읍 원문로 1724,,S20301 / 문막읍,미방문,
새말현대카공업사,강원특별자치도 횡성군,공구점,,강원특별자치도 횡성군 우천면 한우로 1409,,S20301 / 우천면,미방문,
이한농자재,강원특별자치도 철원군,농자재점,,강원특별자치도 철원군 서면 와수로 385,,G22199 / 서면,미방문,
노성목재지물철물,강원특별자치도 평창군,철물점,,강원특별자치도 평창군 평창읍 노성로 114,,G21002 / 평창읍,미방문,
강동철물,강원특별자치도 강릉시,철물점,,강원특별자치도 강릉시 강동면 율곡로 2160,,G21001 / 강동면,미방문,
모닝카프라자정비공업사,강원특별자치도 속초시,공구점,,강원특별자치도 속초시 소평로 55,,S20301 / 조양동,미방문,
영동철물,강원특별자치도 고성군,철물점,,강원특별자치도 고성군 거진읍 거진길 54-1,,G21001 / 거진읍,미방문,
오산건재,강원특별자치도 원주시,건자재점,,강원특별자치도 원주시 치악로 1627,,G21001 / 단구동,미방문,
샤프시스템무실열쇠철물,강원특별자치도 원주시,철물점,,강원특별자치도 원주시 시청로 76,,G21001 / 무실동,미방문,
태백철물상사,강원특별자치도 태백시,철물점,,강원특별자치도 태백시 황지로 107,,G21001 / 황지동,미방문,
동영공업사,강원특별자치도 원주시,공구점,,강원특별자치도 원주시 북원로 2578-5,,S20301 / 우산동,미방문,
대영농자재테크,강원특별자치도 정선군,농자재점,,강원특별자치도 정선군 임계면 백두대간로 1403,,G21001 / 임계면,미방문,
우진철물건재,강원특별자치도 횡성군,건자재점,,강원특별자치도 횡성군 안흥면 안흥로 59,,G21001 / 안흥면,미방문,
민둥산농자재마트,강원특별자치도 정선군,농자재점,,강원특별자치도 정선군 남면 무릉2로 9,,G22199 / 남면,미방문,
벽산건재철물,강원특별자치도 춘천시,건자재점,,강원특별자치도 춘천시 공지로 427-6,,G21001 / 근화동,미방문,
현대철물,강원특별자치도 강릉시,철물점,,강원특별자치도 강릉시 강릉대로 102,,G21001 / 홍제동,미방문,
도암철물.건재,강원특별자치도 평창군,건자재점,,강원특별자치도 평창군 대관령면 대관령마루길 78,,G21001 / 대관령면,미방문,
현대철물상사／고려페인트,강원특별자치도 동해시,건자재점,,강원특별자치도 동해시 송정중앙로 62,,G21001 / 송정동,미방문,
우리동네철물점,강원특별자치도 춘천시,철물점,,강원특별자치도 춘천시 동내면 동내로 58,,G21001 / 동내면,미방문,
대성철물,강원특별자치도 양양군,철물점,,강원특별자치도 양양군 양양읍 남문7길 13,,G21001 / 양양읍,미방문,
용평철물건재,강원특별자치도 평창군,건자재점,,강원특별자치도 평창군 용평면 평창대로 1953,,G21001 / 용평면,미방문,
은성공업사,강원특별자치도 속초시,공구점,,강원특별자치도 속초시 소평로 64,,S20301 / 조양동,미방문,
토성신화공업사,강원특별자치도 고성군,공구점,,강원특별자치도 고성군 토성면 잼버리동로 594-11,,S20301 / 토성면,미방문,
강원건재,강원특별자치도 화천군,건자재점,,강원특별자치도 화천군 사내면 포화로 1141,,G21001 / 사내면,미방문,
중앙공업사,강원특별자치도 태백시,공구점,,강원특별자치도 태백시 문화로 57,,S20301 / 황지동,미방문,
문막철물건재,강원특별자치도 원주시,건자재점,,강원특별자치도 원주시 문막읍 왕건로 132,,G21202 / 문막읍,미방문,
제일종합철물,강원특별자치도 화천군,철물점,,강원특별자치도 화천군 화천읍 상승로 49-10,,G21001 / 화천읍,미방문,
한성공업사,강원특별자치도 강릉시,공구점,,강원특별자치도 강릉시 강변로 462,,S20301 / 성덕동,미방문,
진부철물건재,강원특별자치도 평창군,건자재점,,강원특별자치도 평창군 진부면 진부중앙로 130,,G21001 / 진부면,미방문,
화영공업사,강원특별자치도 태백시,공구점,,강원특별자치도 태백시 태백로 2154,,S20301 / 구문소동,미방문,
태양수도철물,강원특별자치도 횡성군,철물점,,강원특별자치도 횡성군 둔내면 경강로둔방6길 11,,G21001 / 둔내면,미방문,
칠육철물,강원특별자치도 태백시,철물점,,강원특별자치도 태백시 황지로 226,,G21001 / 황연동,미방문,
단계철물공구,강원특별자치도 원주시,철물점,,강원특별자치도 원주시 원문로 116,,G21001 / 단계동,미방문,
광명정비공업사,강원특별자치도 횡성군,공구점,,강원특별자치도 횡성군 횡성읍 한우로 750,,S20301 / 횡성읍,미방문,
대성철물건재,강원특별자치도 동해시,건자재점,,강원특별자치도 동해시 청운1길 57,,G21001 / 북삼동,미방문,
한성전기철물,강원특별자치도 속초시,철물점,,강원특별자치도 속초시 조양로118번길 19,,G21001 / 조양동,미방문,
형제종합건재,강원특별자치도 화천군,건자재점,,강원특별자치도 화천군 화천읍 중앙로4길 43-9,,G21003 / 화천읍,미방문,
한샘철물,강원특별자치도 강릉시,철물점,,강원특별자치도 강릉시 범일로 688-1,,G21001 / 내곡동,미방문,
내면공업사,강원특별자치도 홍천군,공구점,,강원특별자치도 홍천군 내면 구룡령로 5089,,S20301 / 내면,미방문,
한성철물상사,강원특별자치도 강릉시,철물점,,강원특별자치도 강릉시 옥계면 현내시장길 32,,G21001 / 옥계면,미방문,
학담철물건재,강원특별자치도 횡성군,건자재점,,강원특별자치도 횡성군 공근면 학담시장길 10,,G21001 / 공근면,미방문,
미래조명건재상사,강원특별자치도 삼척시,건자재점,,강원특별자치도 삼척시 중앙로 220,,G21201 / 남양동,미방문,
원주철물,강원특별자치도 원주시,철물점,,강원특별자치도 원주시 치악로 1566,,G21001 / 단구동,미방문,
대양공구철물,강원특별자치도 동해시,철물점,,강원특별자치도 동해시 대동로 138,,G21001 / 북평동,미방문,
임계철물마트,강원특별자치도 정선군,철물점,,강원특별자치도 정선군 임계면 서동로 4558,,G21001 / 임계면,미방문,
대신철물건재,강원특별자치도 철원군,건자재점,,강원특별자치도 철원군 동송읍 금학로 97,,G21001 / 동송읍,미방문,
남면종합철물,강원특별자치도 영월군,철물점,,강원특별자치도 영월군 남면 조양마을길 6-11,,G21001 / 남면,미방문,
치악철물,강원특별자치도 원주시,철물점,,강원특별자치도 원주시 상지대길 20-2,,G21001 / 우산동,미방문,
대중철물,강원특별자치도 강릉시,철물점,,강원특별자치도 강릉시 옥천로19번길 34,,G21001 / 옥천동,미방문,
대형카공업사,강원특별자치도 속초시,공구점,,강원특별자치도 속초시 싸리재길 247-66,,S20301 / 노학동,미방문,
홍남철물,강원특별자치도 원주시,철물점,,강원특별자치도 원주시 우산로 22,,G21001 / 우산동,미방문,
매직카정비공업사,강원특별자치도 원주시,공구점,,강원특별자치도 원주시 영랑길 140,,S20301 / 행구동,미방문,
신광철물건재,강원특별자치도 정선군,건자재점,,강원특별자치도 정선군 임계면 백두대간로 1361,,G21001 / 임계면,미방문,
오성공업사,강원특별자치도 태백시,공구점,,강원특별자치도 태백시 버들치길 25,,S20301 / 문곡소도동,미방문,
강일철물,강원특별자치도 강릉시,철물점,,강원특별자치도 강릉시 율곡로 2938-1,,G21001 / 교2동,미방문,
승용철물,강원특별자치도 강릉시,철물점,,강원특별자치도 강릉시 경강로 2243-1,,G21001 / 포남1동,미방문,
현북철물,강원특별자치도 양양군,철물점,,강원특별자치도 양양군 현북면 하조대1길 78,,G21001 / 현북면,미방문,
한양건재시스템,강원특별자치도 평창군,건자재점,,강원특별자치도 평창군 용평면 경강로 1629,,G21001 / 용평면,미방문,
순흥철물,강원특별자치도 홍천군,철물점,,강원특별자치도 홍천군 남면 양덕원로 94,,G21001 / 남면,미방문,
씽씽카공업사,강원특별자치도 철원군,공구점,,강원특별자치도 철원군 김화읍 김화로 351,,S20301 / 김화읍,미방문,
강원철물,강원특별자치도 홍천군,철물점,,강원특별자치도 홍천군 남면 양덕원로 79,,G21001 / 남면,미방문,
평창종합건축자재,강원특별자치도 평창군,건자재점,,강원특별자치도 평창군 평창읍 서동로 1984-3,,G21099 / 평창읍,미방문,
토토철물,강원특별자치도 원주시,철물점,,강원특별자치도 원주시 금불3길 5,,R10410 / 단계동,미방문,
건남철물낚시,강원특별자치도 강릉시,철물점,,강원특별자치도 강릉시 옥계면 금진항길 4-1,,G21001 / 옥계면,미방문,
서광종합건재,강원특별자치도 화천군,건자재점,,강원특별자치도 화천군 상서면 수피령로 1284,,G21001 / 상서면,미방문,
합자회사양구공업사,강원특별자치도 양구군,공구점,,강원특별자치도 양구군 양구읍 중심로 9,,S20301 / 양구읍,미방문,
새마을공업사,강원특별자치도 강릉시,공구점,,강원특별자치도 강릉시 옥계면 현내시장길 49,,G21305 / 옥계면,미방문,
강촌종합철물건재,강원특별자치도 춘천시,건자재점,,강원특별자치도 춘천시 남산면 소주고개로 681,,G21001 / 남산면,미방문,
남진철물,강원특별자치도 동해시,철물점,,강원특별자치도 동해시 발한로 263-1,,G21001 / 망상동,미방문,
한빛철물마트,강원특별자치도 속초시,철물점,,강원특별자치도 속초시 동해대로 4341-1,,G21001 / 노학동,미방문,
대영종합철물，건재,강원특별자치도 정선군,건자재점,,강원특별자치도 정선군 임계면 백두대간로 1403,,G21001 / 임계면,미방문,
일삼공철물，만물,강원특별자치도 춘천시,철물점,,강원특별자치도 춘천시 후석로 53,,G21001 / 석사동,미방문,
강원철물,강원특별자치도 홍천군,철물점,,강원특별자치도 홍천군 홍천읍 공작산로 48-1,,G21001 / 홍천읍,미방문,
일광공구철물,강원특별자치도 강릉시,철물점,,강원특별자치도 강릉시 성덕포남로 170-1,,G21001 / 포남1동,미방문,
강원농자재,강원특별자치도 횡성군,농자재점,,강원특별자치도 횡성군 안흥면 강변로 29,,G22199 / 안흥면,미방문,
홍천대한건재,강원특별자치도 홍천군,건자재점,,강원특별자치도 홍천군 북방면 송학정로 155,,G21003 / 북방면,미방문,
신일철물.만물,강원특별자치도 춘천시,철물점,,강원특별자치도 춘천시 행촌로 51-1,,G21001 / 퇴계동,미방문,
새평창건축설비공업사,강원특별자치도 평창군,공구점,,강원특별자치도 평창군 평창읍 서동로 2624,,S20699 / 평창읍,미방문,
대광기계공구,강원특별자치도 태백시,공구점,,강원특별자치도 태백시 감천로 28,,G21001 / 상장동,미방문,
유명공업사,강원특별자치도 평창군,공구점,,강원특별자치도 평창군 방림면 고원로 687,,S20699 / 방림면,미방문,
아우토반공업사,강원특별자치도 원주시,공구점,,강원특별자치도 원주시 현충로 38,,S20301 / 태장1동,미방문,
가리왕산자건재,강원특별자치도 정선군,건자재점,,강원특별자치도 정선군 정선읍 청량길 14-2,,I10102 / 정선읍,미방문,
중앙카공업사,강원특별자치도 횡성군,공구점,,강원특별자치도 횡성군 횡성읍 앞들서1로 56,,S20301 / 횡성읍,미방문,
대주건재안전,강원특별자치도 춘천시,건자재점,,강원특별자치도 춘천시 공지로 531,,G21001 / 근화동,미방문,
영신밧데리카공업사,강원특별자치도 원주시,공구점,,강원특별자치도 원주시 이화4길 25,,S20301 / 무실동,미방문,
합동철물공구,강원특별자치도 원주시,철물점,,강원특별자치도 원주시 도말리길 68,,G21001 / 개운동,미방문,
희망공업사,강원특별자치도 춘천시,공구점,,강원특별자치도 춘천시 신북읍 율문길 109,,S20699 / 신북읍,미방문,
새말철물건재,강원특별자치도 횡성군,건자재점,,강원특별자치도 횡성군 우천면 서동로 252,,G21001 / 우천면,미방문,
하나공업사,강원특별자치도 태백시,공구점,,강원특별자치도 태백시 버들치길 49,,S20301 / 문곡소도동,미방문,
태산철물건재,강원특별자치도 횡성군,건자재점,,강원특별자치도 횡성군 횡성읍 한우로 102-10,,G21001 / 횡성읍,미방문,
지경철물,강원특별자치도 철원군,철물점,,강원특별자치도 철원군 김화읍 청양로 88-1,,G21001 / 김화읍,미방문,
소초치악공업사,강원특별자치도 원주시,공구점,,강원특별자치도 원주시 소초면 치악로 2754,,S20301 / 소초면,미방문,
진호공업사,강원특별자치도 원주시,공구점,,강원특별자치도 원주시 치악로 1314,,S20301 / 반곡관설동,미방문,
신한종합철물,강원특별자치도 속초시,철물점,,강원특별자치도 속초시 교동로 70,,G21001 / 교동,미방문,
도계공업사,강원특별자치도 삼척시,공구점,,강원특별자치도 삼척시 도계읍 전두강변길 6,,S20301 / 도계읍,미방문,
대일설비，철물,강원특별자치도 동해시,철물점,,강원특별자치도 동해시 효자로 663,,G21001 / 북삼동,미방문,
우진철물건재,강원특별자치도 강릉시,건자재점,,강원특별자치도 강릉시 남구길24번길 15,,G21001 / 포남1동,미방문,
알지공업사,강원특별자치도 강릉시,공구점,,강원특별자치도 강릉시 경강로2408번길 9,,S20301 / 송정동,미방문,
우리종합기계공구,강원특별자치도 철원군,공구점,,강원특별자치도 철원군 동송읍 금학로98번길 4,,G21001 / 동송읍,미방문,
포남철물설비,강원특별자치도 강릉시,철물점,,강원특별자치도 강릉시 보래미하길43번길 21,,G21001 / 포남2동,미방문,
한양공업사,강원특별자치도 동해시,공구점,,강원특별자치도 동해시 임항로 89,,S20301 / 부곡동,미방문,
오토카공업사,강원특별자치도 원주시,공구점,,강원특별자치도 원주시 서원대로 403-5,,S20301 / 개운동,미방문,
종효공업사,강원특별자치도 홍천군,공구점,,강원특별자치도 홍천군 내면 솔무치길 4,,S20301 / 내면,미방문,
현대철물,강원특별자치도 인제군,철물점,,강원특별자치도 인제군 남면 신남로 50,,G21001 / 남면,미방문,
부강철물,강원특별자치도 인제군,철물점,,강원특별자치도 인제군 북면 금강로 51,,G21001 / 북면,미방문,
왕성공업사,강원특별자치도 원주시,공구점,,강원특별자치도 원주시 판부면 남원로 189,,G21403 / 판부면,미방문,
만우리건축자재기업도시점,강원특별자치도 원주시,건자재점,,강원특별자치도 원주시 지정면 신무로 202,,G21001 / 지정면,미방문,
새한철물,강원특별자치도 강릉시,철물점,,강원특별자치도 강릉시 강릉대로 241,,G21001 / 교2동,미방문,
북평철물,강원특별자치도 동해시,철물점,,강원특별자치도 동해시 대동로 61,,G21001 / 북평동,미방문,
영동철물,강원특별자치도 홍천군,철물점,,강원특별자치도 홍천군 남면 시동안로201번길 6,,G21001 / 남면,미방문,
두원건재철물상사,강원특별자치도 원주시,건자재점,,강원특별자치도 원주시 호저면 중부동1길 175,,G21001 / 호저면,미방문,
우신철물.설비,강원특별자치도 삼척시,철물점,,강원특별자치도 삼척시 도계읍 도계로 242-1,,G21001 / 도계읍,미방문,
두리공구.철물,강원특별자치도 원주시,철물점,,강원특별자치도 원주시 문막읍 석지1길 6,,G21001 / 문막읍,미방문,
현대정비공업사,강원특별자치도 춘천시,공구점,,강원특별자치도 춘천시 동면 만천로 62,,S20301 / 동면,미방문,
장수건재,강원특별자치도 철원군,건자재점,,강원특별자치도 철원군 갈말읍 명성로 220,,G21099 / 갈말읍,미방문,
태호공업사,강원특별자치도 원주시,공구점,,강원특별자치도 원주시 호저면 원문로 352,,S20301 / 호저면,미방문,
반도철물,강원특별자치도 홍천군,철물점,,강원특별자치도 홍천군 홍천읍 번영로 47,,G21001 / 홍천읍,미방문,
현대공업사,강원특별자치도 정선군,공구점,,강원특별자치도 정선군 사북읍 소금강로 3452,,S20301 / 사북읍,미방문,
한국월드카정비공업사,강원특별자치도 원주시,공구점,,강원특별자치도 원주시 소초면 북원로 3103,,S20301 / 소초면,미방문,
태아철물건재,강원특별자치도 홍천군,건자재점,,강원특별자치도 홍천군 남면 명덕길 16-4,,G21001 / 남면,미방문,
회전공업사,강원특별자치도 동해시,공구점,,강원특별자치도 동해시 효자로 592,,S20301 / 북삼동,미방문,
송암종합철물,강원특별자치도 고성군,철물점,,강원특별자치도 고성군 죽왕면 동해대로 5613,,G21001 / 죽왕면,미방문,
광산철물건재,강원특별자치도 속초시,건자재점,,강원특별자치도 속초시 번영로 192,,G21001 / 영랑동,미방문,
지안철물,강원특별자치도 철원군,철물점,,강원특별자치도 철원군 동송읍 금학로 163,,G21001 / 동송읍,미방문,
정밀카공업사,강원특별자치도 평창군,공구점,,강원특별자치도 평창군 방림면 평창대로 19,,S20301 / 방림면,미방문,
명장공업사,강원특별자치도 원주시,공구점,,강원특별자치도 원주시 단구로 297,,S20301 / 단구동,미방문,
합동철물,강원특별자치도 원주시,철물점,,강원특별자치도 원주시 도말리길 70,,G21001 / 개운동,미방문,
제일기계공구,강원특별자치도 인제군,공구점,,강원특별자치도 인제군 인제읍 인제로178번길 54,,G21001 / 인제읍,미방문,
안흥종합철물,강원특별자치도 횡성군,철물점,,강원특별자치도 횡성군 안흥면 서동로 1117,,G21001 / 안흥면,미방문,
대원철물,강원특별자치도 원주시,철물점,,강원특별자치도 원주시 행구로 32,,G21001 / 개운동,미방문,
강원기계공구,강원특별자치도 속초시,공구점,,강원특별자치도 속초시 동해대로 4344,,G21001 / 노학동,미방문,
화진포공업사,강원특별자치도 고성군,공구점,,강원특별자치도 고성군 거진읍 거탄진로 26,,S20301 / 거진읍,미방문,
물치종합철물,강원특별자치도 양양군,철물점,,강원특별자치도 양양군 강현면 동해대로 3535-8,,G21001 / 강현면,미방문,
상천철물점,강원특별자치도 춘천시,철물점,,강원특별자치도 춘천시 신북읍 신샘밭로 616,,G21001 / 신북읍,미방문,
순창공업사,강원특별자치도 원주시,공구점,,강원특별자치도 원주시 북원로 2578-1,,S20301 / 우산동,미방문,
만도철물건재,강원특별자치도 원주시,건자재점,,강원특별자치도 원주시 봉화로 97,,G21001 / 단계동,미방문,
동해현대공업사,강원특별자치도 동해시,공구점,,강원특별자치도 동해시 발한로 258,,S20301 / 발한동,미방문,
영화철물,강원특별자치도 철원군,철물점,,강원특별자치도 철원군 서면 자등로 586-1,,G21001 / 서면,미방문,
장흥철물,강원특별자치도 철원군,철물점,,강원특별자치도 철원군 동송읍 태봉로 2241,,G21001 / 동송읍,미방문,
대진종합철물,강원특별자치도 고성군,철물점,,강원특별자치도 고성군 현내면 한나루로 147,,G21001 / 현내면,미방문,
태백공업사,강원특별자치도 태백시,공구점,,강원특별자치도 태백시 태백로 572-13,,S20301 / 삼수동,미방문,
금강건재,강원특별자치도 춘천시,건자재점,,강원특별자치도 춘천시 삭주로 200,,G21001 / 후평1동,미방문,
신성철물,강원특별자치도 원주시,철물점,,강원특별자치도 원주시 천사로 136,,G21001 / 일산동,미방문,
대승철물,강원특별자치도 양구군,철물점,,강원특별자치도 양구군 동면 금강산로 1705,,G21001 / 동면,미방문,
신화카클리닉부분정비공업사,강원특별자치도 인제군,공구점,,강원특별자치도 인제군 서화면 천도로81번길 9,,S20301 / 서화면,미방문,
철물나라,강원특별자치도 양구군,철물점,,강원특별자치도 양구군 동면 펀치볼로 65,,G21001 / 동면,미방문,
금호철물,강원특별자치도 인제군,철물점,,강원특별자치도 인제군 서화면 천도로 160,,G21001 / 서화면,미방문,
오대철물상사,강원특별자치도 강릉시,철물점,,강원특별자치도 강릉시 율곡로 2760,,G21001 / 강남동,미방문,
강원제일공업사,강원특별자치도 원주시,공구점,,강원특별자치도 원주시 현충로 253,,S20301 / 태장2동,미방문,
합동카공업사,강원특별자치도 원주시,공구점,,강원특별자치도 원주시 문막읍 건등로 76-1,,S20301 / 문막읍,미방문,
단관철물,강원특별자치도 원주시,철물점,,강원특별자치도 원주시 단구로 358,,G21001 / 단구동,미방문,
삼미철물,강원특별자치도 속초시,철물점,,강원특별자치도 속초시 중앙시장로9길 21-1,,G21001 / 금호동,미방문,
용일철물,강원특별자치도 횡성군,철물점,,강원특별자치도 횡성군 횡성읍 문정로 48,,G21001 / 횡성읍,미방문,
석기철물종합건재,강원특별자치도 강릉시,건자재점,,강원특별자치도 강릉시 주문진읍 연주로 379,,G21001 / 주문진읍,미방문,
형광사&시동철물,강원특별자치도 홍천군,철물점,,강원특별자치도 홍천군 남면 시동안로211번길 1,,G21302 / 남면,미방문,
우리철물,강원특별자치도 영월군,철물점,,강원특별자치도 영월군 한반도면 쌍용로 70,,G21001 / 한반도면,미방문,
우리철물종합건재,강원특별자치도 원주시,건자재점,,강원특별자치도 원주시 부론면 법천시장길 55-1,,G21001 / 부론면,미방문,
대성공업사,강원특별자치도 삼척시,공구점,,강원특별자치도 삼척시 도계읍 도계로 189,,S20301 / 도계읍,미방문,
현대철물,강원특별자치도 횡성군,철물점,,강원특별자치도 횡성군 우천면 수남로 345,,G21001 / 우천면,미방문,
청일공업사,강원특별자치도 횡성군,공구점,,강원특별자치도 횡성군 청일면 청정로 865,,S20301 / 청일면,미방문,
동보공구철물,강원특별자치도 원주시,철물점,,강원특별자치도 원주시 강변로 385,,G21001 / 개운동,미방문,
명동;조명;철물,강원특별자치도 원주시,건자재점,,강원특별자치도 원주시 남원로 615-1,,G21201 / 명륜1동,미방문,
미봉공업사,강원특별자치도 원주시,공구점,,강원특별자치도 원주시 신림면 솔치로 2,,S20301 / 신림면,미방문,
진영공업사,강원특별자치도 강릉시,공구점,,강원특별자치도 강릉시 강변로534번안길 12,,S20301 / 성덕동,미방문,
동해철물건재상사,강원특별자치도 동해시,건자재점,,강원특별자치도 동해시 발한로 78,,G21001 / 발한동,미방문,
상동공업사,강원특별자치도 원주시,공구점,,강원특별자치도 원주시 흥업면 원문로 898,,S20301 / 흥업면,미방문,
남경공업사,강원특별자치도 강릉시,공구점,,강원특별자치도 강릉시 강변로 682,,S20301 / 성덕동,미방문,
그루농자재,강원특별자치도 인제군,농자재점,,강원특별자치도 인제군 인제읍 비봉로 32,,G20505 / 인제읍,미방문,
속사카공업사,강원특별자치도 평창군,공구점,,강원특별자치도 평창군 용평면 운두령로 9,,S20301 / 용평면,미방문,
한일공업사,강원특별자치도 횡성군,공구점,,강원특별자치도 횡성군 청일면 청정로 854,,S20301 / 청일면,미방문,
드림카닥터정비공업사,강원특별자치도 원주시,공구점,,강원특별자치도 원주시 토지길 8,,S20301 / 단구동,미방문,
춘천공업사,강원특별자치도 춘천시,공구점,,강원특별자치도 춘천시 신동면 한치로 958-14,,S20301 / 신동면,미방문,
상진공업사,강원특별자치도 철원군,공구점,,강원특별자치도 철원군 동송읍 이평로 9,,S20301 / 동송읍,미방문,
경일공업사,강원특별자치도 동해시,공구점,,강원특별자치도 동해시 효자남길 41,,G21305 / 북삼동,미방문,
대성철물,강원특별자치도 철원군,철물점,,강원특별자치도 철원군 동송읍 금학로 122,,G21001 / 동송읍,미방문,
원주철물,강원특별자치도 원주시,철물점,,강원특별자치도 원주시 우산로 278-1,,G21001 / 우산동,미방문,
대한철물전기공구,강원특별자치도 원주시,철물점,,강원특별자치도 원주시 소초면 치악로 2317,,G21001 / 소초면,미방문,
소망철물설비,강원특별자치도 춘천시,철물점,,강원특별자치도 춘천시 성심로35번길 1,,G21001 / 교동,미방문,
인제철물,강원특별자치도 인제군,철물점,,강원특별자치도 인제군 인제읍 인제로 228,,G21001 / 인제읍,미방문,
부산철물,강원특별자치도 강릉시,철물점,,강원특별자치도 강릉시 주문진읍 해안로 1771,,G21001 / 주문진읍,미방문,
이건재카센터,강원특별자치도 홍천군,건자재점,,강원특별자치도 홍천군 홍천읍 무궁화로 67,,S20301 / 홍천읍,미방문,
일진종합건재철물,강원특별자치도 고성군,건자재점,,강원특별자치도 고성군 죽왕면 가진응골길 31,,G21001 / 죽왕면,미방문,
금성철물,강원특별자치도 영월군,철물점,,강원특별자치도 영월군 영월읍 중앙로 137,,G21001 / 영월읍,미방문,
２１C공업사,강원특별자치도 태백시,공구점,,강원특별자치도 태백시 동태백로 1147,,S20301 / 황연동,미방문,
씽씽공업사,강원특별자치도 동해시,공구점,,강원특별자치도 동해시 향로봉길 2,,G21305 / 발한동,미방문,
동양공업사,강원특별자치도 원주시,공구점,,강원특별자치도 원주시 북원로 2582,,G20201 / 우산동,미방문,
자은철물,강원특별자치도 홍천군,철물점,,강원특별자치도 홍천군 두촌면 자은로 347-1,,G21001 / 두촌면,미방문,
영동철물,강원특별자치도 속초시,철물점,,강원특별자치도 속초시 중앙시장로 109,,G21001 / 금호동,미방문,
신성철물,강원특별자치도 인제군,철물점,,강원특별자치도 인제군 기린면 조침령로 5,,G21001 / 기린면,미방문,
횡계철물,강원특별자치도 평창군,철물점,,강원특별자치도 평창군 대관령면 대관령로 89,,G21001 / 대관령면,미방문,
국제철물,강원특별자치도 횡성군,철물점,,강원특별자치도 횡성군 횡성읍 읍상서로 1,,G21001 / 횡성읍,미방문,
진흥건설기계정비공업사,강원특별자치도 인제군,공구점,,강원특별자치도 인제군 북면 갈골로 173,,S20301 / 북면,미방문,
하우스케어철물,강원특별자치도 춘천시,철물점,,강원특별자치도 춘천시 춘천로 286,,G21001 / 후평2동,미방문,
연봉철물건재생활잡화,강원특별자치도 홍천군,건자재점,,강원특별자치도 홍천군 홍천읍 연봉중앙로 42,,G21001 / 홍천읍,미방문,
만물공업사,강원특별자치도 영월군,공구점,,강원특별자치도 영월군 산솔면 태백산로 51,,S20301 / 산솔면,미방문,
화천공업사카경정비,강원특별자치도 화천군,공구점,,강원특별자치도 화천군 화천읍 상승로 100,,S20301 / 화천읍,미방문,
세원종합건재상사,강원특별자치도 정선군,건자재점,,강원특별자치도 정선군 정선읍 정선로 1235,,G21001 / 정선읍,미방문,
원국철물건재,강원특별자치도 영월군,건자재점,,강원특별자치도 영월군 주천면 송학주천로 1429,,G21001 / 주천면,미방문,
가나공구건재,강원특별자치도 횡성군,공구점,,강원특별자치도 횡성군 횡성읍 문화체육로 74,,G21001 / 횡성읍,미방문,
덕산공구철물,강원특별자치도 원주시,철물점,,강원특별자치도 원주시 평원로 74-1,,G21001 / 중앙동,미방문,
홍천건재상사,강원특별자치도 춘천시,건자재점,,강원특별자치도 춘천시 효자로 90,,G21001 / 효자2동,미방문,
미래농자재,강원특별자치도 인제군,농자재점,,강원특별자치도 인제군 남면 설악로 1640,,G21001 / 남면,미방문,
우성종합철물,강원특별자치도 고성군,철물점,,강원특별자치도 고성군 토성면 교암3길 1,,G21001 / 토성면,미방문,
금강철물,강원특별자치도 강릉시,철물점,,강원특별자치도 강릉시 단오장길22번길 3,,G21001 / 강남동,미방문,
금성농약철물,강원특별자치도 원주시,철물점,,강원특별자치도 원주시 부론면 법천시장길 23,,G21001 / 부론면,미방문,
신림카정비공업사,강원특별자치도 원주시,공구점,,강원특별자치도 원주시 신림면 신림황둔로 113,,S20301 / 신림면,미방문,
삼삼건재가설재,강원특별자치도 원주시,건자재점,,강원특별자치도 원주시 흥업면 광터길 88,,N11101 / 흥업면,미방문,
구일공업사,강원특별자치도 원주시,공구점,,강원특별자치도 원주시 현충로 69,,S20301 / 태장1동,미방문,
동원철물,강원특별자치도 춘천시,철물점,,강원특별자치도 춘천시 춘천로 216,,G21001 / 효자3동,미방문,
혁신건재철물,강원특별자치도 원주시,건자재점,,강원특별자치도 원주시 동부순환로 87,,G21001 / 반곡관설동,미방문,
관동공업사,강원특별자치도 강릉시,공구점,,강원특별자치도 강릉시 강변로534번길 37,,S20301 / 성덕동,미방문,
동현카공업사,강원특별자치도 원주시,공구점,,강원특별자치도 원주시 치악로1570번길 12,,S20301 / 단구동,미방문,
상일만물공업사,강원특별자치도 홍천군,공구점,,강원특별자치도 홍천군 서석면 풍암길 62,,S20401 / 서석면,미방문,
형제철물점,강원특별자치도 동해시,철물점,,강원특별자치도 동해시 용정로 40-21,,G21202 / 송정동,미방문,
두촌철물,강원특별자치도 홍천군,철물점,,강원특별자치도 홍천군 두촌면 자은장터길 24-1,,G21001 / 두촌면,미방문,
삼성철물,강원특별자치도 춘천시,철물점,,강원특별자치도 춘천시 미나리길11번길 12-12,,G21001 / 퇴계동,미방문,
내촌철물,강원특별자치도 홍천군,철물점,,강원특별자치도 홍천군 내촌면 아홉사리로 1117,,G21001 / 내촌면,미방문,
운산철물농자재,강원특별자치도 강릉시,농자재점,,강원특별자치도 강릉시 운산길 115-4,,G21001 / 강남동,미방문,
충북공업사,강원특별자치도 화천군,공구점,,강원특별자치도 화천군 화천읍 영서로 6285-13,,S20301 / 화천읍,미방문,
일신철물,강원특별자치도 철원군,철물점,,강원특별자치도 철원군 갈말읍 두루미로 86,,G21001 / 갈말읍,미방문,
계명공업사,강원특별자치도 정선군,공구점,,강원특별자치도 정선군 임계면 서동로 4688,,S20301 / 임계면,미방문,
금강공업사,강원특별자치도 태백시,공구점,,강원특별자치도 태백시 버들치길 35,,S20301 / 문곡소도동,미방문,
상동건재철물설비,강원특별자치도 영월군,건자재점,,강원특별자치도 영월군 상동읍 태백산로 3174-1,,G21001 / 상동읍,미방문,
고려공업사,강원특별자치도 속초시,공구점,,강원특별자치도 속초시 번영로200번길 10,,S20301 / 영랑동,미방문,
북방종합철물공구,강원특별자치도 홍천군,철물점,,강원특별자치도 홍천군 북방면 영서로 2688,,G21001 / 북방면,미방문,
삼수기계건재,강원특별자치도 태백시,건자재점,,강원특별자치도 태백시 시장남2길 7,,G21001 / 황지동,미방문,
평화철물,강원특별자치도 춘천시,철물점,,강원특별자치도 춘천시 동내면 거두택지길 39,,G21001 / 동내면,미방문,
푸른철물,강원특별자치도 원주시,철물점,,강원특별자치도 원주시 영랑길 142-2,,G21001 / 행구동,미방문,
형제철물,강원특별자치도 삼척시,철물점,,강원특별자치도 삼척시 도계읍 도계로 108,,G21001 / 도계읍,미방문,
대우공업사,강원특별자치도 양구군,공구점,,강원특별자치도 양구군 국토정중앙면 삼팔선로 24,,S20301 / 국토정중앙면,미방문,
종합철물,강원특별자치도 속초시,철물점,,강원특별자치도 속초시 중앙로 405,,G21001 / 영랑동,미방문,
동천철물,강원특별자치도 횡성군,철물점,,강원특별자치도 횡성군 갑천면 외갑천로 1013,,G21001 / 갑천면,미방문,
횡성공업사,강원특별자치도 횡성군,공구점,,강원특별자치도 횡성군 횡성읍 한우로 459,,S20301 / 횡성읍,미방문,
철물마트,강원특별자치도 동해시,철물점,,강원특별자치도 동해시 대동로 253,,G21001 / 송정동,미방문,
신성철물건재,강원특별자치도 정선군,건자재점,,강원특별자치도 정선군 정선읍 녹송로 56,,G21001 / 정선읍,미방문,
평양철물,강원특별자치도 양구군,철물점,,강원특별자치도 양구군 양구읍 해시계로 18,,G21001 / 양구읍,미방문,
대천기계철물공구,강원특별자치도 원주시,철물점,,강원특별자치도 원주시 판부면 오성마을길 60,,G21001 / 판부면,미방문,
강원대형공업사,강원특별자치도 원주시,공구점,,강원특별자치도 원주시 소초면 황골로 36,,S20301 / 소초면,미방문,
신성공업사,강원특별자치도 원주시,공구점,,강원특별자치도 원주시 치악로 1472-2,,S20301 / 단구동,미방문,
일광보일러，철물,강원특별자치도 원주시,철물점,,강원특별자치도 원주시 문막읍 문막시장1길 10,,G21001 / 문막읍,미방문,
수도철물건재,강원특별자치도 원주시,건자재점,,강원특별자치도 원주시 북원로 2705-1,,G21001 / 태장2동,미방문,
현대철물,강원특별자치도 춘천시,철물점,,강원특별자치도 춘천시 효자로 124-1,,G21001 / 효자2동,미방문,
대일공업사및대일렉카,강원특별자치도 인제군,공구점,,강원특별자치도 인제군 인제읍 설악로 2342,,S20301 / 인제읍,미방문,
시대철물,강원특별자치도 인제군,철물점,,강원특별자치도 인제군 서화면 금강로 1755,,G21001 / 서화면,미방문,
부산철물,강원특별자치도 춘천시,철물점,,강원특별자치도 춘천시 남춘로 2,,G21001 / 퇴계동,미방문,
신평철물점,강원특별자치도 원주시,철물점,,강원특별자치도 원주시 원문로137번길 27,,G21001 / 단계동,미방문,
부영공업사,강원특별자치도 동해시,공구점,,강원특별자치도 동해시 동해대로 5040-3,,S20301 / 북삼동,미방문,
광덕철물,강원특별자치도 홍천군,철물점,,강원특별자치도 홍천군 서석면 풍암장터2길 50,,G21001 / 서석면,미방문,
평안건재，철물,강원특별자치도 화천군,건자재점,,강원특별자치도 화천군 화천읍 중앙로 41,,G21001 / 화천읍,미방문,
한국건재철물,강원특별자치도 춘천시,건자재점,,강원특별자치도 춘천시 망대길 56,,G21001 / 약사명동,미방문,
백마공업사,강원특별자치도 철원군,공구점,,강원특별자치도 철원군 철원읍 묘장로 348-28,,G20202 / 철원읍,미방문,
고원철물건재,강원특별자치도 평창군,건자재점,,강원특별자치도 평창군 대관령면 대관령로 42,,G21001 / 대관령면,미방문,
태양전기.철물,강원특별자치도 원주시,철물점,,강원특별자치도 원주시 무실로 103,,G21201 / 원인동,미방문,
지정공업사,강원특별자치도 원주시,공구점,,강원특별자치도 원주시 지정면 간현로 158,,G21001 / 지정면,미방문,
금호강릉금호공업사,강원특별자치도 강릉시,공구점,,강원특별자치도 강릉시 율곡로2615번길 26,,S20301 / 강남동,미방문,
삼거리철물,강원특별자치도 횡성군,철물점,,강원특별자치도 횡성군 강림면 주천강로 1131,,G21001 / 강림면,미방문,
중앙조명철물,강원특별자치도 원주시,건자재점,,강원특별자치도 원주시 치악로 1520,,G21201 / 단구동,미방문,
삼부건재,강원특별자치도 철원군,건자재점,,강원특별자치도 철원군 동송읍 금학로 162,,G21001 / 동송읍,미방문,
형제종합철물공구,강원특별자치도 횡성군,철물점,,강원특별자치도 횡성군 우천면 한우로 1242,,G21001 / 우천면,미방문,
둔내종합철물건재,강원특별자치도 횡성군,건자재점,,강원특별자치도 횡성군 둔내면 둔내로 32-1,,G21001 / 둔내면,미방문,
신흥철물,강원특별자치도 양구군,철물점,,강원특별자치도 양구군 양구읍 비봉로 6-11,,G21001 / 양구읍,미방문,
강북공업사,강원특별자치도 춘천시,공구점,,강원특별자치도 춘천시 신동로 140,,S20301 / 신사우동,미방문,
명주공업사，주문진119렉커,강원특별자치도 강릉시,공구점,,강원특별자치도 강릉시 주문진읍 장성로 57,,S20301 / 주문진읍,미방문,
은성철물,강원특별자치도 춘천시,철물점,,강원특별자치도 춘천시 동내면 신촌양지길 73,,G21001 / 동내면,미방문,
원산철물,강원특별자치도 속초시,철물점,,강원특별자치도 속초시 동해대로 4250,,G21001 / 노학동,미방문,
달성철물건재,강원특별자치도 춘천시,건자재점,,강원특별자치도 춘천시 효자로 69-1,,G21001 / 효자1동,미방문,
청간종합철물,강원특별자치도 고성군,철물점,,강원특별자치도 고성군 토성면 청간정길 6-6,,G21001 / 토성면,미방문,
평화종합건재,강원특별자치도 동해시,건자재점,,강원특별자치도 동해시 동해대로 5046,,G21001 / 북삼동,미방문,
유일공업사주,강원특별자치도 강릉시,공구점,,강원특별자치도 강릉시 강변로534번길 55,,S20301 / 성덕동,미방문,
대원철물,강원특별자치도 춘천시,철물점,,강원특별자치도 춘천시 벌말길 106,,G21001 / 석사동,미방문,
경북공업사산천어민박,강원특별자치도 화천군,공구점,,강원특별자치도 화천군 화천읍 평화로 253,,I10103 / 화천읍,미방문,
중앙철물,강원특별자치도 정선군,철물점,,강원특별자치도 정선군 신동읍 함백로 323,,G21001 / 신동읍,미방문,
서울철물,강원특별자치도 횡성군,철물점,,강원특별자치도 횡성군 갑천면 청정로 272,,G21001 / 갑천면,미방문,
영운공업사,강원특별자치도 원주시,공구점,,강원특별자치도 원주시 호저면 굴미실길 13,,S20301 / 호저면,미방문,
서울건재,강원특별자치도 인제군,건자재점,,강원특별자치도 인제군 북면 원통로 236,,G21099 / 북면,미방문,
상지철물전기,강원특별자치도 원주시,철물점,,강원특별자치도 원주시 흥양로 56,,G21001 / 태장2동,미방문,
치악빵구부분정비공업사,강원특별자치도 원주시,공구점,,강원특별자치도 원주시 호저면 호매곡1길 31,,S20301 / 호저면,미방문,
믿음철물,강원특별자치도 원주시,철물점,,강원특별자치도 원주시 무실로 218,,G21001 / 무실동,미방문,
현대철물도기,강원특별자치도 원주시,철물점,,강원특별자치도 원주시 이화1길 47,,G21001 / 무실동,미방문,
광림철물,강원특별자치도 동해시,철물점,,강원특별자치도 동해시 공단8로 8,,G21001 / 북평동,미방문,
물치공업사,강원특별자치도 양양군,공구점,,강원특별자치도 양양군 강현면 물치천로 216,,S20301 / 강현면,미방문,
플러스철물공구,강원특별자치도 삼척시,철물점,,강원특별자치도 삼척시 중앙로 257,,G21001 / 성내동,미방문,
샛별철물,강원특별자치도 정선군,철물점,,강원특별자치도 정선군 화암면 그림바위길 43,,G21001 / 화암면,미방문,
대흥종합건재,강원특별자치도 인제군,건자재점,,강원특별자치도 인제군 북면 원통로 370-6,,G21001 / 북면,미방문,
영흥석회공업사,강원특별자치도 영월군,공구점,,강원특별자치도 영월군 북면 강구길 29,,N10201 / 북면,미방문,
남천철물,강원특별자치도 강릉시,철물점,,강원특별자치도 강릉시 율곡로 2757,,G21001 / 강남동,미방문,
그린종합정비공업사합자,강원특별자치도 화천군,공구점,,강원특별자치도 화천군 화천읍 산수화로 127,,S20301 / 화천읍,미방문,
용대철물,강원특별자치도 인제군,철물점,,강원특별자치도 인제군 북면 백담로 9,,G21001 / 북면,미방문,
창신종합건재,강원특별자치도 화천군,건자재점,,강원특별자치도 화천군 간동면 간척월명로 283,,G21001 / 간동면,미방문,
승리철물,강원특별자치도 횡성군,철물점,,강원특별자치도 횡성군 청일면 유동로 28,,G21001 / 청일면,미방문,
대성공업사,강원특별자치도 정선군,공구점,,강원특별자치도 정선군 정선읍 정선로 459,,S20301 / 정선읍,미방문,
삼덕건재,강원특별자치도 화천군,건자재점,,강원특별자치도 화천군 화천읍 중앙로7길 7,,G21001 / 화천읍,미방문,
상진종합건재,강원특별자치도 철원군,건자재점,,강원특별자치도 철원군 갈말읍 명성로 155,,G21001 / 갈말읍,미방문,
극동공업사,강원특별자치도 영월군,공구점,,강원특별자치도 영월군 영월읍 덕포우회길 54,,S20301 / 영월읍,미방문,
거성종합철물,강원특별자치도 평창군,철물점,,강원특별자치도 평창군 진부면 진벌2길 42,,G21001 / 진부면,미방문,
서울철물,강원특별자치도 홍천군,철물점,,강원특별자치도 홍천군 홍천읍 번영로 26,,G21001 / 홍천읍,미방문,
케이에스종합공업사,강원특별자치도 동해시,공구점,,강원특별자치도 동해시 용정로 171,,S20301 / 송정동,미방문,
금강철물.공구,강원특별자치도 횡성군,철물점,,강원특별자치도 횡성군 횡성읍 어사매로 33,,G21001 / 횡성읍,미방문,
투투철물,강원특별자치도 홍천군,철물점,,강원특별자치도 홍천군 홍천읍 홍천로 365,,G21001 / 홍천읍,미방문,
대창철물,강원특별자치도 원주시,철물점,,강원특별자치도 원주시 옛시청길 1,,G21001 / 일산동,미방문,
경남슈퍼철물,강원특별자치도 동해시,철물점,,강원특별자치도 동해시 일출로 71,,G20404 / 묵호동,미방문,
첨단공업사,강원특별자치도 원주시,공구점,,강원특별자치도 원주시 가현로 18,,S20301 / 우산동,미방문,
대지종합철물,강원특별자치도 속초시,철물점,,강원특별자치도 속초시 번영로 135,,G21001 / 동명동,미방문,
영남철물,강원특별자치도 동해시,철물점,,강원특별자치도 동해시 송정중앙로 46,,G21001 / 송정동,미방문,
태평양정비공업사,강원특별자치도 원주시,공구점,,강원특별자치도 원주시 지정면 보통안길 179,,S20301 / 지정면,미방문,
영서철물건재,강원특별자치도 춘천시,건자재점,,강원특별자치도 춘천시 충열로 208,,G21001 / 신사우동,미방문,
서울철물건재,강원특별자치도 정선군,건자재점,,강원특별자치도 정선군 정선읍 정선로 1343-1,,G21001 / 정선읍,미방문,
새마을공업사,강원특별자치도 춘천시,공구점,,강원특별자치도 춘천시 남산면 김유정로 197-2,,S20301 / 남산면,미방문,
창대공업사,강원특별자치도 춘천시,공구점,,강원특별자치도 춘천시 동내면 고은길 76,,S20301 / 동내면,미방문,
OK기계공구,강원특별자치도 원주시,공구점,,강원특별자치도 원주시 현충로 205,,N11101 / 태장2동,미방문,
성지철물,강원특별자치도 춘천시,철물점,,강원특별자치도 춘천시 신동면 김유정로 1400-1,,G21001 / 신동면,미방문,
현대전기철물,강원특별자치도 원주시,철물점,,강원특별자치도 원주시 무실로 62,,G21001 / 일산동,미방문,
화인건재,강원특별자치도 홍천군,건자재점,,강원특별자치도 홍천군 홍천읍 설악로 1463,,G21201 / 홍천읍,미방문,
왕성철물,강원특별자치도 춘천시,철물점,,강원특별자치도 춘천시 서면 금산길 56,,G21001 / 서면,미방문,
삼성철물,강원특별자치도 태백시,철물점,,강원특별자치도 태백시 번영로 359,,G21001 / 황지동,미방문,
신원철물,강원특별자치도 원주시,철물점,,강원특별자치도 원주시 치악로1735번길 59,,G21001 / 단구동,미방문,
제일공업사，제일검사소,강원특별자치도 횡성군,공구점,,강원특별자치도 횡성군 횡성읍 한우로 192,,S20301 / 횡성읍,미방문,
태산철물건재,강원특별자치도 속초시,건자재점,,강원특별자치도 속초시 청대로232번길 14,,G21001 / 조양동,미방문,
문화철물,강원특별자치도 영월군,철물점,,강원특별자치도 영월군 북면 마차중앙1길 44-15,,G21001 / 북면,미방문,
팔봉카공업사,강원특별자치도 홍천군,공구점,,강원특별자치도 홍천군 서면 팔봉산로 1179,,S20301 / 서면,미방문,
태건철물상사,강원특별자치도 강릉시,철물점,,강원특별자치도 강릉시 경강로 2264,,G21001 / 포남1동,미방문,
우천철물,강원특별자치도 횡성군,철물점,,강원특별자치도 횡성군 우천면 한우로우항2길 35,,G21001 / 우천면,미방문,
창원공업사,강원특별자치도 동해시,공구점,,강원특별자치도 동해시 강원남부로 4692,,S20301 / 북평동,미방문,
신남철물점,강원특별자치도 인제군,철물점,,강원특별자치도 인제군 남면 신남로 31,,G21001 / 남면,미방문,
형제철물,강원특별자치도 영월군,철물점,,강원특별자치도 영월군 주천면 주천로 76-1,,G21001 / 주천면,미방문,
안흥농자재마트,강원특별자치도 횡성군,농자재점,,강원특별자치도 횡성군 안흥면 서동로 1248,,G22199 / 안흥면,미방문,
안전공업사,강원특별자치도 원주시,공구점,,강원특별자치도 원주시 호저로 21,,S20301 / 우산동,미방문,
세계공업사,강원특별자치도 동해시,공구점,,강원특별자치도 동해시 동해대로 4843,,S20301 / 북평동,미방문,
기원중장비공업사,강원특별자치도 철원군,공구점,,강원특별자치도 철원군 갈말읍 호국로 4947,,S20301 / 갈말읍,미방문,
대신농기계철물,강원특별자치도 횡성군,농자재점,,강원특별자치도 횡성군 둔내면 경강로 4745,,G21001 / 둔내면,미방문,
신창공업사,강원특별자치도 평창군,공구점,,강원특별자치도 평창군 대화면 대화중앙로 29,,S20301 / 대화면,미방문,
한일철물,강원특별자치도 태백시,철물점,,강원특별자치도 태백시 방터골1길 26,,G21001 / 구문소동,미방문,
성지공업사,강원특별자치도 강릉시,공구점,,강원특별자치도 강릉시 강변로 690,,S20301 / 성덕동,미방문,
대한철물건재,강원특별자치도 원주시,건자재점,,강원특별자치도 원주시 문막읍 원문로 1605,,G21001 / 문막읍,미방문,
대광철물공구,강원특별자치도 춘천시,철물점,,강원특별자치도 춘천시 공지로 436,,G21001 / 근화동,미방문,
아세아공업사,강원특별자치도 정선군,공구점,,강원특별자치도 정선군 정선읍 용담길 101,,S20301 / 정선읍,미방문,
거룡농자재.중기,강원특별자치도 태백시,농자재점,,강원특별자치도 태백시 태백로 1054,,G21001 / 황지동,미방문,
시대건재드림디포,강원특별자치도 인제군,건자재점,,강원특별자치도 인제군 서화면 금강로 1755,,G21302 / 서화면,미방문,
윤일공업사,강원특별자치도 춘천시,공구점,,강원특별자치도 춘천시 소전길 9,,S20501 / 효자2동,미방문,
성산철물점,강원특별자치도 홍천군,철물점,,강원특별자치도 홍천군 화촌면 성산로134번길 12,,G21001 / 화촌면,미방문,
삼성공업사,강원특별자치도 원주시,공구점,,강원특별자치도 원주시 신림면 신림황둔로 109,,S20301 / 신림면,미방문,
제일건재상사,강원특별자치도 평창군,건자재점,,강원특별자치도 평창군 평창읍 후평길 1,,G21001 / 평창읍,미방문,
현남건재철물경동설비,강원특별자치도 양양군,건자재점,,강원특별자치도 양양군 현남면 인구중앙길 54,,G21001 / 현남면,미방문,
동창철물,강원특별자치도 춘천시,철물점,,강원특별자치도 춘천시 동내면 영서로 1778,,G21001 / 동내면,미방문,
중앙공인중개사및철물점,강원특별자치도 삼척시,철물점,,강원특별자치도 삼척시 원덕읍 임원중앙로 1,,L10203 / 원덕읍,미방문,
고려철물건재,강원특별자치도 강릉시,건자재점,,강원특별자치도 강릉시 연곡면 연주로 36,,G21001 / 연곡면,미방문,
성환공업사,강원특별자치도 홍천군,공구점,,강원특별자치도 홍천군 서석면 구룡령로 2510,,S20301 / 서석면,미방문,
금강건재,강원특별자치도 양구군,건자재점,,강원특별자치도 양구군 양구읍 금강산로 425,,G21099 / 양구읍,미방문,
대한카공업사,강원특별자치도 평창군,공구점,,강원특별자치도 평창군 대화면 대화중앙로 163,,S20301 / 대화면,미방문,
한일철물,강원특별자치도 동해시,철물점,,강원특별자치도 동해시 발한로 200-1,,G21001 / 발한동,미방문,
공구백화점,강원특별자치도 강릉시,공구점,,강원특별자치도 강릉시 강릉대로 477,,G21001 / 포남2동,미방문,
부영철물,강원특별자치도 속초시,철물점,,강원특별자치도 속초시 동해대로 3874,,G21001 / 대포동,미방문,
제일철물열쇠,강원특별자치도 원주시,철물점,,강원특별자치도 원주시 남산로 129,,G21001 / 일산동,미방문,
부흥철물건재,강원특별자치도 철원군,건자재점,,강원특별자치도 철원군 서면 자등로 592,,G21001 / 서면,미방문,
명동철물,강원특별자치도 춘천시,철물점,,강원특별자치도 춘천시 중앙로 150,,G21001 / 소양동,미방문,
다원농자재,강원특별자치도 춘천시,농자재점,,강원특별자치도 춘천시 장고개길 30-2,,G20501 / 강남동,미방문,
하나공구건재,강원특별자치도 철원군,공구점,,강원특별자치도 철원군 갈말읍 두루미로 75,,G21001 / 갈말읍,미방문,
미승철물건재,강원특별자치도 정선군,건자재점,,강원특별자치도 정선군 고한읍 고한로 228,,G21001 / 고한읍,미방문,
황둔카공업사,강원특별자치도 원주시,공구점,,강원특별자치도 원주시 신림면 신림황둔로 1224,,S20301 / 신림면,미방문,
세방공업사,강원특별자치도 홍천군,공구점,,강원특별자치도 홍천군 홍천읍 홍천로 758-3,,S20301 / 홍천읍,미방문,
서진안전철물,강원특별자치도 원주시,철물점,,강원특별자치도 원주시 호저면 막골길 72-1,,G21001 / 호저면,미방문,
우정철물건재사,강원특별자치도 삼척시,건자재점,,강원특별자치도 삼척시 원덕읍 호산2길 38-6,,G21001 / 원덕읍,미방문,
준철물,강원특별자치도 동해시,철물점,,강원특별자치도 동해시 동해대로 5055,,G21001 / 북삼동,미방문,
흥성공업사,강원특별자치도 철원군,공구점,,강원특별자치도 철원군 갈말읍 지포1길 10-1,,S20699 / 갈말읍,미방문,
충운공업사,강원특별자치도 정선군,공구점,,강원특별자치도 정선군 신동읍 예미4길 12,,S20699 / 신동읍,미방문,
대양공업사,강원특별자치도 철원군,공구점,,강원특별자치도 철원군 갈말읍 아랫삼성길 3,,S20301 / 갈말읍,미방문,
이레농자재,강원특별자치도 화천군,농자재점,,강원특별자치도 화천군 간동면 간척월명로 391,,G22199 / 간동면,미방문,
153농자재,강원특별자치도 평창군,농자재점,,강원특별자치도 평창군 대화면 고대동길 153,,G21001 / 대화면,미방문,
철현건재철물,강원특별자치도 평창군,건자재점,,강원특별자치도 평창군 대화면 대화중앙로 6,,G21001 / 대화면,미방문,
강원공업사,강원특별자치도 원주시,공구점,,강원특별자치도 원주시 지정면 보통로 319,,S20301 / 지정면,미방문,
진영철물,강원특별자치도 동해시,철물점,,강원특별자치도 동해시 대동로 85,,G21001 / 북평동,미방문,
남원주건재,강원특별자치도 원주시,건자재점,,강원특별자치도 원주시 명륜로 41,,N11101 / 명륜1동,미방문,
동광철물,강원특별자치도 강릉시,철물점,,강원특별자치도 강릉시 강릉대로527번길 12,,G21001 / 포남2동,미방문,
천우모터스정비공업사,강원특별자치도 원주시,공구점,,강원특별자치도 원주시 중앙로 181,,S20301 / 중앙동,미방문,
장수건재,강원특별자치도 횡성군,건자재점,,강원특별자치도 횡성군 안흥면 서동로 1078,,G21001 / 안흥면,미방문,
삼공육철물,강원특별자치도 철원군,철물점,,강원특별자치도 철원군 동송읍 오덕로 145-1,,G21001 / 동송읍,미방문,
제일건재사,강원특별자치도 홍천군,건자재점,,강원특별자치도 홍천군 홍천읍 진삼거리길 3,,G21001 / 홍천읍,미방문,
태백건재,강원특별자치도 태백시,건자재점,,강원특별자치도 태백시 황지로 231,,G22199 / 삼수동,미방문,
보성철물,강원특별자치도 인제군,철물점,,강원특별자치도 인제군 상남면 아홉사리로 3207,,G21001 / 상남면,미방문,
강쌤철물점,강원특별자치도 속초시,철물점,,강원특별자치도 속초시 중앙시장로 6,,G21001 / 금호동,미방문,
한빛철물마트거두점,강원특별자치도 춘천시,철물점,,강원특별자치도 춘천시 동내면 거두길 54,,G21001 / 동내면,미방문,
대화철물,강원특별자치도 횡성군,철물점,,강원특별자치도 횡성군 횡성읍 문정로19번길 16,,G21001 / 횡성읍,미방문,
21세기공업사,강원특별자치도 삼척시,공구점,,강원특별자치도 삼척시 오분길 7,,S20301 / 남양동,미방문,
성광철물종합건재,강원특별자치도 강릉시,건자재점,,강원특별자치도 강릉시 주문진읍 연주로 390,,G21003 / 주문진읍,미방문,
흥원철물,강원특별자치도 원주시,철물점,,강원특별자치도 원주시 평원로 61,,G21001 / 중앙동,미방문,
형제철물.설비,강원특별자치도 태백시,철물점,,강원특별자치도 태백시 장성로 41-1,,G21001 / 장성동,미방문,
도원철물,강원특별자치도 삼척시,철물점,,강원특별자치도 삼척시 도계읍 도계강변길 146-5,,G21001 / 도계읍,미방문,
키울농자재,강원특별자치도 홍천군,농자재점,,강원특별자치도 홍천군 서석면 고분대월길 33,,G21901 / 서석면,미방문,
원주공업사카컨,강원특별자치도 원주시,공구점,,강원특별자치도 원주시 오성마을길 63-25,,M10599 / 단구동,미방문,
동해철물종합상사,강원특별자치도 동해시,철물점,,강원특별자치도 동해시 동해역길 10,,G21001 / 송정동,미방문,
은성철물,강원특별자치도 춘천시,철물점,,강원특별자치도 춘천시 퇴계로 77,,G21001 / 퇴계동,미방문,
하나모터스정비공업사,강원특별자치도 춘천시,공구점,,강원특별자치도 춘천시 공단로 46-1,,S20301 / 후평1동,미방문,
현대철물,강원특별자치도 평창군,철물점,,강원특별자치도 평창군 미탄면 새터길 11,,G21001 / 미탄면,미방문,
군탄공업사,강원특별자치도 철원군,공구점,,강원특별자치도 철원군 갈말읍 명성로 294,,S20301 / 갈말읍,미방문,
형제종합철물,강원특별자치도 화천군,철물점,,강원특별자치도 화천군 화천읍 중앙로6길 27,,G21001 / 화천읍,미방문,
보성철물,강원특별자치도 정선군,철물점,,강원특별자치도 정선군 북평면 북평6길 17,,G21001 / 북평면,미방문,
비봉건재,강원특별자치도 정선군,건자재점,,강원특별자치도 정선군 정선읍 녹송4길 13-8,,G22199 / 정선읍,미방문,
스마트농자재마트,강원특별자치도 양구군,농자재점,,강원특별자치도 양구군 해안면 펀치볼로 1323-14,,G22199 / 해안면,미방문,
에이치엔건축자재,강원특별자치도 화천군,건자재점,,강원특별자치도 화천군 사내면 포화로 963,,G21001 / 사내면,미방문,
중앙스텐공구상사,강원특별자치도 원주시,공구점,,강원특별자치도 원주시 북원로 2590,,G21001 / 우산동,미방문,
강원대형전문공업사,강원특별자치도 원주시,공구점,,강원특별자치도 원주시 현충로 253,,S20301 / 태장2동,미방문,
현대공업사,강원특별자치도 원주시,공구점,,강원특별자치도 원주시 문막읍 작백동길 71,,S20301 / 문막읍,미방문,
대한철물,강원특별자치도 태백시,철물점,,강원특별자치도 태백시 광원길 39,,G21001 / 문곡소도동,미방문,
노학철물,강원특별자치도 속초시,철물점,,강원특별자치도 속초시 온천로 121,,G21001 / 노학동,미방문,
전진철물,강원특별자치도 원주시,철물점,,강원특별자치도 원주시 나비허리길 56,,G21001 / 단구동,미방문,
강릉철물,강원특별자치도 정선군,철물점,,강원특별자치도 정선군 임계면 백두대간로 1363,,G21001 / 임계면,미방문,
공근종합철물건재,강원특별자치도 횡성군,건자재점,,강원특별자치도 횡성군 공근면 공근남로 27,,G21001 / 공근면,미방문,
사천철물,강원특별자치도 강릉시,철물점,,강원특별자치도 강릉시 사천면 미노길 73,,G21001 / 사천면,미방문,
수도철물상사,강원특별자치도 강릉시,철물점,,강원특별자치도 강릉시 홍제로 36,,G21001 / 홍제동,미방문,
서울철물,강원특별자치도 평창군,철물점,,강원특별자치도 평창군 평창읍 백오로 43,,G21001 / 평창읍,미방문,
강원공업사,강원특별자치도 태백시,공구점,,강원특별자치도 태백시 연화산길 398,,S20301 / 황연동,미방문,
미스터리철물집수리,강원특별자치도 춘천시,철물점,,강원특별자치도 춘천시 승지골길16번길 47,,S20699 / 퇴계동,미방문,
씨에이치공업사,강원특별자치도 강릉시,공구점,,강원특별자치도 강릉시 구정면 범일로 35,,S20301 / 구정면,미방문,
케이엠종합철물상사,강원특별자치도 삼척시,철물점,,강원특별자치도 삼척시 원덕읍 삼척로 437-19,,G21001 / 원덕읍,미방문,
한결철물무인철물점,강원특별자치도 춘천시,철물점,,강원특별자치도 춘천시 벌말길 97,,G21001 / 석사동,미방문,
개운철물,강원특별자치도 원주시,철물점,,강원특별자치도 원주시 치악로 1760,,G21001 / 개운동,미방문,
태산공업사,강원특별자치도 원주시,공구점,,강원특별자치도 원주시 신촌길 29,,S20301 / 태장2동,미방문,
태성철물건재,강원특별자치도 철원군,건자재점,,강원특별자치도 철원군 갈말읍 호국로 5170,,G21001 / 갈말읍,미방문,
부흥철물,강원특별자치도 인제군,철물점,,강원특별자치도 인제군 상남면 아홉사리로 3194,,G21001 / 상남면,미방문,
동춘카공업사,강원특별자치도 춘천시,공구점,,강원특별자치도 춘천시 춘천로185번길 16-3,,S20301 / 조운동,미방문,
오렌지정비공업사,강원특별자치도 속초시,공구점,,강원특별자치도 속초시 도리원길 97,,S20301 / 노학동,미방문,
서울기계공구센타,강원특별자치도 속초시,공구점,,강원특별자치도 속초시 번영로 52,,G21001 / 교동,미방문,
대영공업사,강원특별자치도 동해시,공구점,,강원특별자치도 동해시 용정로 108,,S20301 / 송정동,미방문,
세광철물,강원특별자치도 동해시,철물점,,강원특별자치도 동해시 대동로 133,,G21001 / 북평동,미방문,
장원철물건재,강원특별자치도 영월군,건자재점,,강원특별자치도 영월군 주천면 송학주천로 1429,,G21001 / 주천면,미방문,
자연드림농자재,강원특별자치도 홍천군,농자재점,,강원특별자치도 홍천군 남면 양덕원로 60,,G22199 / 남면,미방문,
인제명성공업사,강원특별자치도 인제군,공구점,,강원특별자치도 인제군 인제읍 비봉로15번길 5,,S20301 / 인제읍,미방문,
상상철물점,강원특별자치도 횡성군,철물점,,강원특별자치도 횡성군 우천면 한우로 1402-7,,G21001 / 우천면,미방문,
삼태미공업사,강원특별자치도 삼척시,공구점,,강원특별자치도 삼척시 동해대로 4187,,S20301 / 교동,미방문,
오봉철물점,강원특별자치도 강릉시,철물점,,강원특별자치도 강릉시 성산면 구산길 71,,G21001 / 성산면,미방문,
고려종합철물건재,강원특별자치도 인제군,건자재점,,강원특별자치도 인제군 인제읍 인제로 182,,G21001 / 인제읍,미방문,
부자부분정비공업사,강원특별자치도 인제군,공구점,,강원특별자치도 인제군 북면 원통로 367,,S20301 / 북면,미방문,
양덕철물점건축공사,강원특별자치도 홍천군,철물점,,강원특별자치도 홍천군 남면 시동로 6,,G21001 / 남면,미방문,
정선철물건재상사,강원특별자치도 정선군,건자재점,,강원특별자치도 정선군 정선읍 정선로 1362,,G21001 / 정선읍,미방문,
한남철물타일건재,강원특별자치도 원주시,건자재점,,강원특별자치도 원주시 원문로 70,,G21001 / 학성동,미방문,
한일철물상사,강원특별자치도 춘천시,철물점,,강원특별자치도 춘천시 중앙로 36-2,,G21001 / 소양동,미방문,
현리건재,강원특별자치도 인제군,건자재점,,강원특별자치도 인제군 기린면 내린천로 4038,,G21001 / 기린면,미방문,
오토카페부분정비공업사,경기도 시흥시,공구점,,경기도 시흥시 시흥대로1065번길 22,,S20301 / 신천동,미방문,
우림철물,경기도 성남시 중원구,철물점,,경기도 성남시 중원구 둔촌대로 293,,G21001 / 하대원동,미방문,
대호철물,경기도 시흥시,철물점,,경기도 시흥시 오이도중앙로 58-1,,G21001 / 정왕3동,미방문,
용두철물,경기도 양평군,철물점,,경기도 양평군 청운면 용두민속장터길 3-1,,G21001 / 청운면,미방문,
도평철물,경기도 광주시,철물점,,경기도 광주시 초월읍 현산로 101,,G21001 / 초월읍,미방문,
대원전기철물상회,경기도 부천시 원미구,철물점,,경기도 부천시 원미구 역곡로 12,,G21201 / 역곡1동,미방문,
대경철물,경기도 안산시 단원구,철물점,,경기도 안산시 단원구 원포공원2로 24,,G21001 / 초지동,미방문,
성화철물,경기도 안산시 단원구,철물점,,경기도 안산시 단원구 당곡2로 23,,G21001 / 중앙동,미방문,
송산철물건재,경기도 화성시,건자재점,,경기도 화성시 송산면 화성로 449-5,,G21001 / 송산면,미방문,
금촌철물,경기도 고양시 일산서구,철물점,,경기도 고양시 일산서구 원일로 79,,G21001 / 일산2동,미방문,
대광철물,경기도 안양시 동안구,철물점,,경기도 안양시 동안구 관악대로434번길 11,,G21001 / 인덕원동,미방문,
오뚜기철물점,경기도 구리시,철물점,,경기도 구리시 원수택로64번길 34-7,,G21001 / 수택2동,미방문,
차크린부분정비공업사,경기도 광명시,공구점,,경기도 광명시 광명로 948-1,,S20301 / 광명2동,미방문,
금촌철물,경기도 양평군,철물점,,경기도 양평군 옥천면 옥천길 18,,G21001 / 옥천면,미방문,
동일건재,경기도 동두천시,건자재점,,경기도 동두천시 광암로 21,,G21099 / 불현동,미방문,
축복철물공구건재,경기도 광명시,건자재점,,경기도 광명시 명일로 8,,G21001 / 광명2동,미방문,
신용카공업사,경기도 용인시 처인구,공구점,,경기도 용인시 처인구 중부대로 1584,,S20301 / 동부동,미방문,
삼일건재,경기도 평택시,건자재점,,경기도 평택시 동막길 4,,G21001 / 송북동,미방문,
다홈종합철물공구,경기도 의정부시,철물점,,경기도 의정부시 추동로91번길 6,,G21001 / 신곡2동,미방문,
성신건축자재,경기도 수원시 권선구,건자재점,,경기도 수원시 권선구 구운로47번길 30-17,,I20107 / 구운동,미방문,
신성배관철물,경기도 광명시,철물점,,경기도 광명시 광화로 27,,G21001 / 광명6동,미방문,
경기철물,경기도 수원시 장안구,철물점,,경기도 수원시 장안구 월드컵로429번길 2,,G21001 / 연무동,미방문,
명품철물,경기도 고양시 덕양구,철물점,,경기도 고양시 덕양구 중앙로 148-1,,G21001 / 화전동,미방문,
가가공업사,경기도 양주시,공구점,,경기도 양주시 남면 삼일로 473,,S20301 / 남면,미방문,
수정건재,경기도 수원시 장안구,건자재점,,경기도 수원시 장안구 정조로934번길 56,,G21001 / 영화동,미방문,
대도설비철물,경기도 수원시 장안구,철물점,,경기도 수원시 장안구 덕영대로381번길 73-10,,G21001 / 율천동,미방문,
만능철물,경기도 이천시,철물점,,경기도 이천시 율면 고당로 70,,G21001 / 율면,미방문,
세광철물,경기도 평택시,철물점,,경기도 평택시 지산로 163,,G21001 / 송북동,미방문,
포천부분정비공업사,경기도 포천시,공구점,,경기도 포천시 소흘읍 호국로 780,,S20301 / 소흘읍,미방문,
오토카공업사,경기도 파주시,공구점,,경기도 파주시 적성면 청송로 996-2,,S20301 / 적성면,미방문,
대진철물,경기도 수원시 팔달구,철물점,,경기도 수원시 팔달구 수원천로 238,,G21001 / 인계동,미방문,
서희철물건재,경기도 이천시,건자재점,,경기도 이천시 호법면 은계보로 84,,G21001 / 호법면,미방문,
성진공업사,경기도 파주시,공구점,,경기도 파주시 광탄면 검전윗길 66,,S20301 / 광탄면,미방문,
초이종합건재,경기도 하남시,건자재점,,경기도 하남시 초이로 73,,G21001 / 초이동,미방문,
원진2급공업사,경기도 군포시,공구점,,경기도 군포시 당정로 41,,S20301 / 군포1동,미방문,
서광철물전기,경기도 고양시 일산동구,철물점,,경기도 고양시 일산동구 무궁화로 34,,G21001 / 장항2동,미방문,
효성철물건재,경기도 광주시,건자재점,,경기도 광주시 현곡길 3-74,,G21001 / 오포1동,미방문,
루크공업사,경기도 동두천시,공구점,,경기도 동두천시 평화로 2507,,S20301 / 중앙동,미방문,
부천보링공업사,경기도 부천시 오정구,공구점,,경기도 부천시 오정구 오정로188번길 9,,S20301 / 오정동,미방문,
태화철물종합상사,경기도 양주시,철물점,,경기도 양주시 부흥로 2038-32,,G21001 / 양주2동,미방문,
신원전기철물,경기도 군포시,철물점,,경기도 군포시 광정로 80,,G21001 / 광정동,미방문,
우림공업사,경기도 남양주시,공구점,,경기도 남양주시 진접읍 양진로 989-34,,S20301 / 진접읍,미방문,
바이오농자재,경기도 양평군,농자재점,,경기도 양평군 용문면 화전로 86,,G22199 / 용문면,미방문,
한일철물,경기도 수원시 장안구,철물점,,경기도 수원시 장안구 만석로 233,,G21001 / 송죽동,미방문,
한성중기공업사,경기도 화성시,공구점,,경기도 화성시 팔탄면 푸른들판로 928-4,,G20201 / 팔탄면,미방문,
정철물,경기도 오산시,철물점,,경기도 오산시 동부대로 514,,G21001 / 대원2동,미방문,
한일철물,경기도 동두천시,철물점,,경기도 동두천시 중앙로 257,,G21001 / 중앙동,미방문,
양주공구，전기，철물,경기도 양주시,철물점,,경기도 양주시 고암길 78,,G21001 / 회천3동,미방문,
신진철물,경기도 남양주시,철물점,,경기도 남양주시 불암로109번길 39,,G21001 / 별내동,미방문,
대현카공업사,경기도 이천시,공구점,,경기도 이천시 마장면 덕평로 802-3,,S20301 / 마장면,미방문,
충남철물전기,경기도 부천시 원미구,철물점,,경기도 부천시 원미구 부흥로352번길 18,,G21001 / 심곡1동,미방문,
대일건재,경기도 평택시,건자재점,,경기도 평택시 중앙로 12,,G21099 / 통복동,미방문,
대우철물,경기도 용인시 기흥구,철물점,,경기도 용인시 기흥구 죽전로 17,,G21001 / 보정동,미방문,
대양종합철물건재,경기도 화성시,건자재점,,경기도 화성시 효행로 1019,,G21001 / 진안동,미방문,
우선타이어공업사,경기도 하남시,공구점,,경기도 하남시 검단남로 9,,S20301 / 천현동,미방문,
성운카공업사,경기도 광주시,공구점,,경기도 광주시 초월읍 동막골길 139,,S20301 / 초월읍,미방문,
뉴현대공업사,경기도 평택시,공구점,,경기도 평택시 송탄로 116,,S20301 / 중앙동,미방문,
현대공구상사,경기도 양주시,공구점,,경기도 양주시 천보산로 83,,G21001 / 옥정1동,미방문,
현대전기철물,경기도 양주시,철물점,,경기도 양주시 은현면 화합로 1116,,G21001 / 은현면,미방문,
한국이륜차1급공업사,경기도 고양시 덕양구,공구점,,경기도 고양시 덕양구 선유길 85-69,,N10901 / 고양동,미방문,
승호카공업사,경기도 안산시 단원구,공구점,,경기도 안산시 단원구 원곡1로 18-1,,S20301 / 백운동,미방문,
우리철물설비,경기도 고양시 덕양구,철물점,,경기도 고양시 덕양구 원당로59번길 18,,G21001 / 주교동,미방문,
비전종합철물건재,경기도 용인시 처인구,건자재점,,경기도 용인시 처인구 양지면 주북로 55,,G21001 / 양지면,미방문,
중앙철물,경기도 부천시 오정구,철물점,,경기도 부천시 오정구 중동로 433,,G21001 / 신흥동,미방문,
하이웨이카공업사,경기도 고양시 일산동구,공구점,,경기도 고양시 일산동구 장항로 183,,S20301 / 장항1동,미방문,
한뫼카공업사,경기도 고양시 일산서구,공구점,,경기도 고양시 일산서구 탄중로 459-1,,S20301 / 일산2동,미방문,
부광공업사,경기도 부천시 원미구,공구점,,경기도 부천시 원미구 원미로 91,,S20301 / 원미2동,미방문,
가람종합건재,경기도 고양시 일산동구,건자재점,,경기도 고양시 일산동구 일산로330번길 44,,G21001 / 마두1동,미방문,
승우카공업사,경기도 화성시,공구점,,경기도 화성시 마도면 마도공단로1길 8,,S20301 / 마도면,미방문,
대성철물설비,경기도 포천시,철물점,,경기도 포천시 영북면 영북로177번길 36-8,,G21001 / 영북면,미방문,
장안공업사,경기도 평택시,공구점,,경기도 평택시 평택로 299,,S20301 / 세교동,미방문,
신용전기철물,경기도 의정부시,철물점,,경기도 의정부시 신촌로 65,,G21001 / 가능동,미방문,
두리철물,경기도 평택시,철물점,,경기도 평택시 고덕면 동고1길 17-15,,G21001 / 고덕면,미방문,
해성보링공업사,경기도 부천시 원미구,공구점,,경기도 부천시 원미구 수도로140번길 26,,S20301 / 도당동,미방문,
대명카공업사,경기도 용인시 기흥구,공구점,,경기도 용인시 기흥구 구성로 165,,S20301 / 구성동,미방문,
철물전기유리,경기도 안산시 상록구,건자재점,,경기도 안산시 상록구 화랑로 514,,G21001 / 성포동,미방문,
명성건재,경기도 여주시,건자재점,,경기도 여주시 세종로 490,,G21001 / 여흥동,미방문,
김포종합철물,경기도 김포시,철물점,,경기도 김포시 김포한강1로84번길 9-8,,G21001 / 장기동,미방문,
남부카공업사,경기도 군포시,공구점,,경기도 군포시 산본로77번길 45,,S20301 / 군포1동,미방문,
오토테크정비공업사,경기도 수원시 팔달구,공구점,,경기도 수원시 팔달구 장다리로 169,,S20301 / 인계동,미방문,
진흥철물,경기도 수원시 권선구,철물점,,경기도 수원시 권선구 상탑로21번길 2,,G21001 / 서둔동,미방문,
한라종합건재,경기도 용인시 처인구,건자재점,,경기도 용인시 처인구 명지로55번길 2-1,,G21001 / 역북동,미방문,
김포설비철물,경기도 김포시,철물점,,경기도 김포시 김포한강5로 417,,G21001 / 구래동,미방문,
메가철물공구,경기도 화성시,철물점,,경기도 화성시 왕배산2길 3-5,,G21001 / 동탄9동,미방문,
건재,경기도 남양주시,건자재점,,경기도 남양주시 진접읍 양진로 956,,G21001 / 진접읍,미방문,
우성철물·보수,경기도 고양시 일산동구,철물점,,경기도 고양시 일산동구 백석로 105,,G21001 / 백석1동,미방문,
유성공업사,경기도 안산시 단원구,공구점,,경기도 안산시 단원구 원포공원1로 30,,S20302 / 초지동,미방문,
대호카공업사,경기도 용인시 처인구,공구점,,경기도 용인시 처인구 양지면 양지로 201,,S20301 / 양지면,미방문,
원정공구，철물,경기도 평택시,철물점,,경기도 평택시 포승읍 호암1길 2,,G21001 / 포승읍,미방문,
배달건재,경기도 광주시,건자재점,,경기도 광주시 곤지암읍 곤지암로 70-14,,G21099 / 곤지암읍,미방문,
대경공업사주,경기도 이천시,공구점,,경기도 이천시 부발읍 무촌로97번길 4,,S20301 / 부발읍,미방문,
백사공업사,경기도 이천시,공구점,,경기도 이천시 백사면 현방로80번길 5-5,,S20401 / 백사면,미방문,
뉴부원철물,경기도 오산시,철물점,,경기도 오산시 궐리사로 106,,G21001 / 남촌동,미방문,
재진철물,경기도 양주시,철물점,,경기도 양주시 광적면 가래비길 98,,G21001 / 광적면,미방문,
신성공구상사,경기도 시흥시,공구점,,경기도 시흥시 신천로 64-1,,G21001 / 신천동,미방문,
서해전기.철물,경기도 의정부시,철물점,,경기도 의정부시 동일로466번길 3,,G21001 / 신곡1동,미방문,
청계공업사.유리,경기도 부천시 오정구,공구점,,경기도 부천시 오정구 삼작로 191,,G21202 / 신흥동,미방문,
대한종합건재,경기도 화성시,건자재점,,경기도 화성시 정남면 세자로 12,,G21001 / 정남면,미방문,
보경농자재,경기도 평택시,농자재점,,경기도 평택시 목천로25번길 50-20,,G21001 / 신장1동,미방문,
진보정비공업사,경기도 평택시,공구점,,경기도 평택시 조개터로1번길 28,,S20301 / 신평동,미방문,
동일철물,경기도 광주시,철물점,,경기도 광주시 경안안길 47,,G21001 / 경안동,미방문,
대형카공업사,경기도 김포시,공구점,,경기도 김포시 감암로 69,,S20301 / 김포본동,미방문,
스마일철물,경기도 시흥시,철물점,,경기도 시흥시 복지로 23,,G21001 / 대야동,미방문,
한독철물,경기도 수원시 영통구,철물점,,경기도 수원시 영통구 반달로7번길 30,,G21001 / 영통3동,미방문,
엘림철물건재,경기도 이천시,건자재점,,경기도 이천시 호법면 이섭대천로 522,,G21001 / 호법면,미방문,
영재카공업사,경기도 부천시 오정구,공구점,,경기도 부천시 오정구 석천로 397,,S20301 / 신흥동,미방문,
동해철물건재,경기도 수원시 팔달구,건자재점,,경기도 수원시 팔달구 장다리로 244,,G21001 / 인계동,미방문,
북부전기철물,경기도 의정부시,철물점,,경기도 의정부시 태평로184번길 7,,G21001 / 의정부1동,미방문,
구미철물,경기도 성남시 분당구,철물점,,경기도 성남시 분당구 미금일로86번길 24-1,,G21001 / 구미1동,미방문,
풍양공구철물,경기도 오산시,철물점,,경기도 오산시 동부대로 323,,G21001 / 대원1동,미방문,
화성종합건재,경기도 수원시 권선구,건자재점,,경기도 수원시 권선구 삼천병마로1598번길 3,,G21001 / 평동,미방문,
양지철물,경기도 연천군,철물점,,경기도 연천군 전곡읍 은전로77번길 25,,G21001 / 전곡읍,미방문,
삼보전기철물,경기도 구리시,철물점,,경기도 구리시 안골로 82,,G21001 / 수택2동,미방문,
대영건재,경기도 광주시,건자재점,,경기도 광주시 초월읍 도곡길 56,,G21099 / 초월읍,미방문,
태승건재,경기도 안양시 만안구,건자재점,,경기도 안양시 만안구 소곡로 22-1,,G21001 / 안양6동,미방문,
산성철물,경기도 광주시,철물점,,경기도 광주시 남한산성면 남한산성로 9,,G21001 / 남한산성면,미방문,
고삼낚시슈퍼철물,경기도 안성시,철물점,,경기도 안성시 고삼면 신창길 2,,G21001 / 고삼면,미방문,
정우공업사,경기도 광주시,공구점,,경기도 광주시 경충대로 1888,,S20302 / 광남1동,미방문,
중앙철물,경기도 부천시 원미구,철물점,,경기도 부천시 원미구 조마루로412번길 36,,G21201 / 원미1동,미방문,
금아종합철물건재,경기도 화성시,건자재점,,경기도 화성시 효행로 1171,,G21001 / 진안동,미방문,
한일철물,경기도 안양시 동안구,철물점,,경기도 안양시 동안구 인덕원로 29,,G21001 / 인덕원동,미방문,
단월철물,경기도 양평군,철물점,,경기도 양평군 단월면 보룡길 68,,G21001 / 단월면,미방문,
대한공구마트,경기도 여주시,공구점,,경기도 여주시 가남읍 설가로 902,,G21001 / 가남읍,미방문,
오토정비공업사,경기도 평택시,공구점,,경기도 평택시 팽성읍 안정순환로186번길 45,,S20301 / 팽성읍,미방문,
대성철물,경기도 김포시,철물점,,경기도 김포시 대곶면 대곶남로 169,,G21001 / 대곶면,미방문,
현대철물건재,경기도 안산시 상록구,건자재점,,경기도 안산시 상록구 본오로 42-1,,G21001 / 본오1동,미방문,
까치카공업사,경기도 군포시,공구점,,경기도 군포시 수리산로203번안길 8,,S20301 / 광정동,미방문,
태평철물,경기도 성남시 수정구,철물점,,경기도 성남시 수정구 수정북로 49,,G21001 / 태평3동,미방문,
비봉철물건재,경기도 화성시,건자재점,,경기도 화성시 비봉면 양노로 106-5,,G21001 / 비봉면,미방문,
태진공업사,경기도 파주시,공구점,,경기도 파주시 월롱면 홀작로 81,,S20301 / 월롱면,미방문,
청명철물공구,경기도 평택시,철물점,,경기도 평택시 고덕면 서동대로 2675,,G21001 / 고덕면,미방문,
과천공업사,경기도 과천시,공구점,,경기도 과천시 중앙로 404,,S20301 / 과천동,미방문,
좋은농자재,경기도 평택시,농자재점,,경기도 평택시 송탄고가길 125,,G22199 / 송북동,미방문,
수청철물건재,경기도 오산시,건자재점,,경기도 오산시 수청로 42,,G21001 / 신장1동,미방문,
지동종합건재상사,경기도 수원시 팔달구,건자재점,,경기도 수원시 팔달구 세지로 337,,G21099 / 지동,미방문,
카젠금곡점해밀카공업사,경기도 남양주시,공구점,,경기도 남양주시 진접읍 경복대로 201,,S20301 / 진접읍,미방문,
금강철물,경기도 의정부시,철물점,,경기도 의정부시 동일로 508,,G21001 / 신곡1동,미방문,
송건재철물상회,경기도 포천시,건자재점,,경기도 포천시 일동면 수입로 43,,G21099 / 일동면,미방문,
광창철물,경기도 가평군,철물점,,경기도 가평군 가평읍 가화로 143,,G21001 / 가평읍,미방문,
현대종합카공업사,경기도 파주시,공구점,,경기도 파주시 월롱면 도감로 174,,S20301 / 월롱면,미방문,
나라기계공구,경기도 수원시 팔달구,공구점,,경기도 수원시 팔달구 정조로709번길 7,,G21001 / 매교동,미방문,
대영철물설비,경기도 고양시 일산서구,철물점,,경기도 고양시 일산서구 일중로15번길 99,,S20699 / 일산2동,미방문,
에이스전기，철물，열쇠,경기도 고양시 일산서구,철물점,,경기도 고양시 일산서구 탄중로 514,,G21001 / 일산1동,미방문,
신흥철물,경기도 성남시 수정구,철물점,,경기도 성남시 수정구 수정남로 170-1,,G21001 / 신흥3동,미방문,
형제카공업사,경기도 화성시,공구점,,경기도 화성시 우정읍 버들로 758,,S20301 / 우정읍,미방문,
남양전기철물,경기도 부천시 오정구,철물점,,경기도 부천시 오정구 성오로117번길 14,,G21001 / 원종2동,미방문,
조안철물,경기도 남양주시,철물점,,경기도 남양주시 조안면 북한강로 366-13,,G21001 / 조안면,미방문,
가정철물집수리,경기도 성남시 분당구,철물점,,경기도 성남시 분당구 미금일로 77,,G21001 / 구미동,미방문,
건영공업사,경기도 파주시,공구점,,경기도 파주시 파주읍 광탄천로 149,,S20301 / 파주읍,미방문,
대동철물설비,경기도 안산시 단원구,철물점,,경기도 안산시 단원구 화랑로 31,,G21001 / 원곡동,미방문,
형제공업사,경기도 이천시,공구점,,경기도 이천시 부발읍 중부대로 1230-99,,G21001 / 부발읍,미방문,
창조철물,경기도 평택시,철물점,,경기도 평택시 현촌5길 5-8,,G21001 / 용이동,미방문,
남일철물건재,경기도 양주시,건자재점,,경기도 양주시 남면 개나리15길 3,,G21001 / 남면,미방문,
경기카공업사,경기도 수원시 권선구,공구점,,경기도 수원시 권선구 정조로436번길 25,,S20301 / 세류2동,미방문,
만능철물,경기도 수원시 권선구,철물점,,경기도 수원시 권선구 세지로82번길 36,,G21001 / 권선1동,미방문,
광선공업사,경기도 가평군,공구점,,경기도 가평군 조종면 청군로 1176,,S20301 / 조종면,미방문,
문화건재,경기도 안양시 만안구,건자재점,,경기도 안양시 만안구 장내로 152,,G21001 / 안양1동,미방문,
경동전기철물,경기도 김포시,철물점,,경기도 김포시 대곶면 대곶북로 50,,G21001 / 대곶면,미방문,
제일공구상사,경기도 동두천시,공구점,,경기도 동두천시 중앙로 243,,G21001 / 생연2동,미방문,
푸른카정비공업사,경기도 양주시,공구점,,경기도 양주시 청담로 308-6,,S20301 / 회천3동,미방문,
성지비니루농자재,경기도 평택시,농자재점,,경기도 평택시 진위면 서탄로 62,,G21002 / 진위면,미방문,
철물만돌이,경기도 포천시,철물점,,경기도 포천시 소흘읍 죽엽산로 69,,G21001 / 소흘읍,미방문,
오성철물,경기도 동두천시,철물점,,경기도 동두천시 생연로 104-1,,G21001 / 생연2동,미방문,
용천공업사,경기도 양주시,공구점,,경기도 양주시 백석읍 부흥로 1084,,S20301 / 백석읍,미방문,
고읍카공업사,경기도 양주시,공구점,,경기도 양주시 고덕로355번길 28-45,,S20301 / 양주2동,미방문,
천호공업사,경기도 하남시,공구점,,경기도 하남시 초광로294번길 50-66,,S20301 / 초이동,미방문,
청계종합철물건재,경기도 김포시,건자재점,,경기도 김포시 하성면 월하로 739,,G21001 / 하성면,미방문,
종점건재,경기도 고양시 덕양구,건자재점,,경기도 고양시 덕양구 화랑로165번길 51-1,,G21001 / 화전동,미방문,
위례철물,경기도 성남시 수정구,철물점,,경기도 성남시 수정구 위례서일로3길 7-6,,G21001 / 위례동,미방문,
신갈종합철물,경기도 용인시 기흥구,철물점,,경기도 용인시 기흥구 사은로 58,,G21001 / 보라동,미방문,
한일철물,경기도 이천시,철물점,,경기도 이천시 백사면 현방로 91,,G21001 / 백사면,미방문,
해남철물설비,경기도 부천시 원미구,철물점,,경기도 부천시 원미구 조종로 63-1,,G21001 / 원미1동,미방문,
충남공업사,경기도 안양시 만안구,공구점,,경기도 안양시 만안구 수리산로 46,,S20301 / 안양6동,미방문,
대성철물건재,경기도 수원시 권선구,건자재점,,경기도 수원시 권선구 탑동로 28-9,,G21001 / 서둔동,미방문,
가든전기철물,경기도 안양시 만안구,철물점,,경기도 안양시 만안구 삼덕로 70,,G21001 / 안양4동,미방문,
일등할인마트.철물,경기도 용인시 처인구,철물점,,경기도 용인시 처인구 이동읍 어진로 641,,G20404 / 이동읍,미방문,
성신철물,경기도 포천시,철물점,,경기도 포천시 선마로 6,,G21001 / 선단동,미방문,
나눔현대공업사,경기도 포천시,공구점,,경기도 포천시 소흘읍 송우로 166,,S20301 / 소흘읍,미방문,
광성철물,경기도 파주시,철물점,,경기도 파주시 금정23길 11,,G21001 / 금촌1동,미방문,
미도공업사,경기도 하남시,공구점,,경기도 하남시 하남대로654번길 24-38,,S20301 / 천현동,미방문,
문봉현대공업사,경기도 고양시 일산동구,공구점,,경기도 고양시 일산동구 견달산로 347,,S20301 / 고봉동,미방문,
중앙열쇠전기철물,경기도 군포시,철물점,,경기도 군포시 산본로372번길 17,,G21001 / 산본2동,미방문,
대성공업사,경기도 파주시,공구점,,경기도 파주시 월롱면 정문로 325,,S20301 / 월롱면,미방문,
스타열쇠，철물,경기도 안산시 상록구,철물점,,경기도 안산시 상록구 화랑로 513,,G21001 / 성포동,미방문,
미래카공업사,경기도 고양시 덕양구,공구점,,경기도 고양시 덕양구 삼원로2길 42,,S20301 / 삼송2동,미방문,
신일철물건재,경기도 부천시 소사구,건자재점,,경기도 부천시 소사구 경인로536번길 57,,G21001 / 역곡3동,미방문,
금성종합철물,경기도 의정부시,철물점,,경기도 의정부시 흥선로 94-1,,G21001 / 흥선동,미방문,
광일철물,경기도 안산시 상록구,철물점,,경기도 안산시 상록구 충장로 572,,G21001 / 월피동,미방문,
태양철물마트,경기도 이천시,철물점,,경기도 이천시 마장면 억만리로22번길 10,,G21001 / 마장면,미방문,
북오산공업사,경기도 오산시,공구점,,경기도 오산시 외삼미로 54-57,,S20301 / 세마동,미방문,
현대전기공구철물블랙불,경기도 의정부시,철물점,,경기도 의정부시 충의로 52,,G21001 / 송산1동,미방문,
수일부분정비공업사,경기도 수원시 장안구,공구점,,경기도 수원시 장안구 이목로 47,,S20301 / 정자1동,미방문,
믿음철물건재,경기도 수원시 권선구,건자재점,,경기도 수원시 권선구 당진로32번길 62,,G21001 / 입북동,미방문,
벧엘종합철물,경기도 남양주시,철물점,,경기도 남양주시 진접읍 진벌로 177,,G21001 / 진접읍,미방문,
우석공업사,경기도 평택시,공구점,,경기도 평택시 노루댕이1길 14,,S20301 / 중앙동,미방문,
애기능카공업사,경기도 광명시,공구점,,경기도 광명시 범안로 673,,S20301 / 학온동,미방문,
운악철물,경기도 가평군,철물점,,경기도 가평군 조종면 운악청계로368번길 60,,G21001 / 조종면,미방문,
신세진공업사,경기도 이천시,공구점,,경기도 이천시 백사면 청백리로 38-1,,S20301 / 백사면,미방문,
씨유학운공구상가,경기도 김포시,공구점,,경기도 김포시 양촌읍 황금3로8번길 76,,G20405 / 양촌읍,미방문,
신성철물건재,경기도 양평군,건자재점,,경기도 양평군 서종면 북한강로 847,,G21001 / 서종면,미방문,
구리카공업사,경기도 구리시,공구점,,경기도 구리시 딸기원로 110,,S20301 / 교문1동,미방문,
현대철물,경기도 용인시 처인구,철물점,,경기도 용인시 처인구 성산로 6,,G21001 / 역북동,미방문,
한빛카공업사,경기도 안산시 단원구,공구점,,경기도 안산시 단원구 와동로 36,,S20301 / 와동,미방문,
태강공업사,경기도 파주시,공구점,,경기도 파주시 탄현면 방촌로 959,,S20301 / 탄현면,미방문,
전진공업사,경기도 용인시 처인구,공구점,,경기도 용인시 처인구 백암면 죽양대로 870-2,,S20301 / 백암면,미방문,
태영철물건재설비,경기도 수원시 팔달구,건자재점,,경기도 수원시 팔달구 세지로 413,,G21001 / 우만1동,미방문,
동아철물,경기도 안양시 만안구,철물점,,경기도 안양시 만안구 와룡로 15,,G21001 / 충훈동,미방문,
제일오토공업사,경기도 안성시,공구점,,경기도 안성시 공도읍 진건중길 134,,S20301 / 공도읍,미방문,
태경철물점,경기도 양평군,철물점,,경기도 양평군 양평읍 양근로 201,,G21001 / 양평읍,미방문,
성일공업사주,경기도 고양시 일산동구,공구점,,경기도 고양시 일산동구 성석로 365,,S20301 / 고봉동,미방문,
안산철물,경기도 안산시 상록구,철물점,,경기도 안산시 상록구 항가울로 12,,G21001 / 사이동,미방문,
내유철물,경기도 고양시 덕양구,철물점,,경기도 고양시 덕양구 통일로1267번길 7,,G21001 / 관산동,미방문,
스마일카크리닉공업사,경기도 부천시 원미구,공구점,,경기도 부천시 원미구 장말로 268-3,,S20301 / 심곡3동,미방문,
박장군기획/주방철물,경기도 연천군,철물점,,경기도 연천군 전곡읍 선바위길 5,,G21001 / 전곡읍,미방문,
서울철물,경기도 남양주시,철물점,,경기도 남양주시 진접읍 내각1로 83,,G21001 / 진접읍,미방문,
명성건재,경기도 파주시,건자재점,,경기도 파주시 파평면 장마루로 179,,G21001 / 파평면,미방문,
대영철물,경기도 시흥시,철물점,,경기도 시흥시 함송로 24,,G21001 / 정왕4동,미방문,
포일철물공구,경기도 안성시,철물점,,경기도 안성시 미양면 미양로 576,,G21001 / 미양면,미방문,
광명냉동탑공업사,경기도 하남시,공구점,,경기도 하남시 초일로 255,,S20301 / 초이동,미방문,
안양철물만돌이,경기도 안양시 동안구,철물점,,경기도 안양시 동안구 흥안대로 362,,G21001 / 평촌동,미방문,
우성전기철물,경기도 안양시 만안구,철물점,,경기도 안양시 만안구 양화로105번길 43,,G21201 / 박달동,미방문,
쌍용종합정비공업사,경기도 수원시 장안구,공구점,,경기도 수원시 장안구 수성로 324,,S20301 / 영화동,미방문,
남이천준공업사,경기도 이천시,공구점,,경기도 이천시 모가면 사실로 1021,,S20301 / 모가면,미방문,
세곡현대공업사,경기도 광주시,공구점,,경기도 광주시 고불로 271,,S20301 / 광남1동,미방문,
향남공업사,경기도 화성시,공구점,,경기도 화성시 향남읍 서봉로 144,,S20301 / 향남읍,미방문,
원삼철물건재,경기도 용인시 처인구,건자재점,,경기도 용인시 처인구 원삼면 문촌로1번길 21,,G21001 / 원삼면,미방문,
대성기계철물,경기도 김포시,철물점,,경기도 김포시 대곶면 대곶서로 224,,G21001 / 대곶면,미방문,
대경철물,경기도 성남시 중원구,철물점,,경기도 성남시 중원구 산성대로582번길 14,,G21001 / 은행2동,미방문,
성원철물공사,경기도 안산시 상록구,철물점,,경기도 안산시 상록구 광덕산2로 25,,G21001 / 월피동,미방문,
우성건재,경기도 화성시,건자재점,,경기도 화성시 우정읍 버들로 725,,G21099 / 우정읍,미방문,
경기천막철물,경기도 이천시,철물점,,경기도 이천시 영창로153번길 3,,G21001 / 관고동,미방문,
안골철물건재,경기도 의정부시,건자재점,,경기도 의정부시 호국로 1111,,G21001 / 흥선동,미방문,
유진카공업사,경기도 시흥시,공구점,,경기도 시흥시 관곡지로 38,,S20301 / 연성동,미방문,
계양철물건재,경기도 평택시,건자재점,,경기도 평택시 팽성읍 계양로 367,,G21001 / 팽성읍,미방문,
중앙건재상사,경기도 화성시,건자재점,,경기도 화성시 여울로 185,,G21001 / 동탄3동,미방문,
하나보링공업사,경기도 광주시,공구점,,경기도 광주시 오포로829번길 36,,S20301 / 오포1동,미방문,
OTO공업사,경기도 구리시,공구점,,경기도 구리시 벌말로147번길 45,,S20301 / 수택3동,미방문,
풍성철물,경기도 성남시 수정구,철물점,,경기도 성남시 수정구 복정로 114,,G21001 / 복정동,미방문,
광명철물,경기도 광명시,철물점,,경기도 광명시 오리로995번길 8,,G21001 / 광명4동,미방문,
태성철물,경기도 부천시 오정구,철물점,,경기도 부천시 오정구 상오정로19번길 8,,G21001 / 오정동,미방문,
준아철물점,경기도 파주시,철물점,,경기도 파주시 경의로 1114,,G21001 / 운정3동,미방문,
동양공업사,경기도 성남시 중원구,공구점,,경기도 성남시 중원구 순환로 116,,S20301 / 상대원1동,미방문,
두손철물전기보수,경기도 시흥시,철물점,,경기도 시흥시 정왕대로266번길 4,,G21001 / 정왕1동,미방문,
대경철물,경기도 용인시 수지구,철물점,,경기도 용인시 수지구 포은대로 464-1,,G21001 / 풍덕천1동,미방문,
고양철물건재,경기도 고양시 덕양구,건자재점,,경기도 고양시 덕양구 혜음로 16,,G21001 / 고양동,미방문,
형제공업사,경기도 남양주시,공구점,,경기도 남양주시 화도읍 경춘로 1969-9,,S20301 / 화도읍,미방문,
경기공업사,경기도 안산시 상록구,공구점,,경기도 안산시 상록구 선진로 7,,S20301 / 사이동,미방문,
소신부분정비공업사,경기도 부천시 소사구,공구점,,경기도 부천시 소사구 성주로 107,,S20301 / 송내2동,미방문,
대흥공업사,경기도 화성시,공구점,,경기도 화성시 양감면 사릅재길 138-45,,M10999 / 양감면,미방문,
용정철물,경기도 포천시,철물점,,경기도 포천시 군내면 용정경제로 94,,G21001 / 군내면,미방문,
문산철물,경기도 파주시,철물점,,경기도 파주시 파주읍 통일로 1563,,G21001 / 파주읍,미방문,
덕성철물,경기도 용인시 처인구,철물점,,경기도 용인시 처인구 중부대로 1428,,G21001 / 중앙동,미방문,
삼보종합철물건재,경기도 이천시,건자재점,,경기도 이천시 증신로 253,,G21001 / 증포동,미방문,
대흥공구철물,경기도 포천시,철물점,,경기도 포천시 소흘읍 호국로 603,,G21001 / 소흘읍,미방문,
화정한빛철물,경기도 고양시 덕양구,철물점,,경기도 고양시 덕양구 화신로 234,,G21001 / 화정2동,미방문,
진영철물점,경기도 평택시,철물점,,경기도 평택시 서탄면 서탄로 272,,G21001 / 서탄면,미방문,
다미철물점,경기도 남양주시,철물점,,경기도 남양주시 화도읍 창현로 17-3,,G21001 / 화도읍,미방문,
서부전기철물,경기도 양주시,철물점,,경기도 양주시 장흥면 호국로 518,,G21201 / 장흥면,미방문,
주원철물,경기도 고양시 일산동구,철물점,,경기도 고양시 일산동구 고봉로 541,,G21001 / 고봉동,미방문,
개풍철물,경기도 연천군,철물점,,경기도 연천군 군남면 군남로 100,,G21001 / 군남면,미방문,
고잔공업사,경기도 평택시,공구점,,경기도 평택시 청북읍 고잔길 158-5,,S20301 / 청북읍,미방문,
일신철물,경기도 이천시,철물점,,경기도 이천시 영창로153번길 8-4,,G21001 / 관고동,미방문,
배다리철물,경기도 고양시 덕양구,철물점,,경기도 고양시 덕양구 고양대로1315번길 86-31,,G21001 / 주교동,미방문,
현대공업사,경기도 용인시 수지구,공구점,,경기도 용인시 수지구 풍덕천로140번길 9-8,,S20301 / 풍덕천1동,미방문,
고구려유리장식철물,경기도 고양시 덕양구,건자재점,,경기도 고양시 덕양구 유산길 13,,G21001 / 관산동,미방문,
청년공구철물,경기도 안성시,철물점,,경기도 안성시 안성맞춤대로 1138,,G21001 / 안성3동,미방문,
드림카공업사,경기도 남양주시,공구점,,경기도 남양주시 화도읍 녹촌로 71,,S20301 / 화도읍,미방문,
임초철물건재,경기도 가평군,건자재점,,경기도 가평군 상면 청군로 711,,G21001 / 상면,미방문,
광릉건재종합문구,경기도 남양주시,건자재점,,경기도 남양주시 진접읍 광릉내로 76-1,,G21001 / 진접읍,미방문,
장군종합철물,경기도 포천시,철물점,,경기도 포천시 영중면 양문로 119,,G21001 / 영중면,미방문,
광진오토공업사,경기도 가평군,공구점,,경기도 가평군 상면 연하길 89,,S20301 / 상면,미방문,
한양철물건재,경기도 부천시 원미구,건자재점,,경기도 부천시 원미구 역곡로 40-1,,G21001 / 역곡1동,미방문,
우리공업사,경기도 수원시 권선구,공구점,,경기도 수원시 권선구 수인로 45,,S20301 / 서둔동,미방문,
강남철물,경기도 성남시 수정구,철물점,,경기도 성남시 수정구 제일로232번길 19-15,,S20699 / 태평3동,미방문,
태광종합건재,경기도 화성시,건자재점,,경기도 화성시 남양읍 남양시장로25번길 58-8,,G21001 / 남양읍,미방문,
대성기계공구,경기도 연천군,공구점,,경기도 연천군 전곡읍 전곡로 218,,G21001 / 전곡읍,미방문,
광탄현대로얄공업사,경기도 파주시,공구점,,경기도 파주시 광탄면 만장산로 124,,S20301 / 광탄면,미방문,
일화건재,경기도 광명시,건자재점,,경기도 광명시 안재로 8,,G21001 / 하안1동,미방문,
현대유성공업사,경기도 안성시,공구점,,경기도 안성시 삼죽면 삼죽로 29,,G20202 / 삼죽면,미방문,
신화건재,경기도 고양시 덕양구,건자재점,,경기도 고양시 덕양구 화랑로 80-1,,G21001 / 화전동,미방문,
광능공업사,경기도 포천시,공구점,,경기도 포천시 일동면 화동로 1196,,S20301 / 일동면,미방문,
송라현대공업사,경기도 남양주시,공구점,,경기도 남양주시 화도읍 비룡로99번길 8,,S20301 / 화도읍,미방문,
신금촌종합철물,경기도 파주시,철물점,,경기도 파주시 새꽃로 13,,G21001 / 금촌2동,미방문,
금오전기철물,경기도 파주시,철물점,,경기도 파주시 법원읍 사임당로 821,,G21201 / 법원읍,미방문,
정진카공업사,경기도 안산시 단원구,공구점,,경기도 안산시 단원구 왕두재길 12,,S20301 / 대부동,미방문,
우방철물,경기도 고양시 일산동구,철물점,,경기도 고양시 일산동구 일산로 207,,G21001 / 마두1동,미방문,
현우철물,경기도 수원시 팔달구,철물점,,경기도 수원시 팔달구 동말로78번길 26,,G21001 / 화서1동,미방문,
경민종합철물건재,경기도 안성시,건자재점,,경기도 안성시 공도읍 공도로 56,,G21001 / 공도읍,미방문,
진성공업사,경기도 수원시 팔달구,공구점,,경기도 수원시 팔달구 일월로42번길 16,,S20301 / 화서2동,미방문,
대경철물건재,경기도 성남시 중원구,건자재점,,경기도 성남시 중원구 광명로 393,,G21001 / 금광2동,미방문,
진위공구철물,경기도 평택시,철물점,,경기도 평택시 진위면 진위서로 182,,G21001 / 진위면,미방문,
태창철물,경기도 여주시,철물점,,경기도 여주시 여흥로11번길 57,,G21001 / 중앙동,미방문,
신경기카공업사,경기도 용인시 처인구,공구점,,경기도 용인시 처인구 모현읍 백옥대로 2082-1,,S20301 / 모현읍,미방문,
대농농자재산업,경기도 용인시 처인구,농자재점,,경기도 용인시 처인구 양지면 죽양대로 2029,,G21001 / 양지면,미방문,
신진철물,경기도 하남시,철물점,,경기도 하남시 신장로 217,,G21001 / 덕풍2동,미방문,
김포철물점,경기도 김포시,철물점,,경기도 김포시 대곶면 대곶로 422,,G21001 / 대곶면,미방문,
테콤철물공구,경기도 안산시 상록구,철물점,,경기도 안산시 상록구 수인로 714,,G21001 / 반월동,미방문,
태영전기철물,경기도 파주시,철물점,,경기도 파주시 통일로 576,,G21001 / 금촌1동,미방문,
만물슈퍼건재,경기도 용인시 처인구,건자재점,,경기도 용인시 처인구 남사읍 경기동로 388,,G20404 / 남사읍,미방문,
철물,경기도 용인시 처인구,철물점,,경기도 용인시 처인구 용문로 132,,G21001 / 중앙동,미방문,
등대철물,경기도 안산시 상록구,철물점,,경기도 안산시 상록구 본오로 67,,G21001 / 본오1동,미방문,
이화철물전기,경기도 화성시,철물점,,경기도 화성시 향남읍 평6길 63,,G21001 / 향남읍,미방문,
비봉건재,경기도 화성시,건자재점,,경기도 화성시 비봉면 양노로 125,,G21001 / 비봉면,미방문,
동부건재,경기도 광명시,건자재점,,경기도 광명시 서면로 63-70,,G21099 / 소하2동,미방문,
동북건재철물,경기도 평택시,건자재점,,경기도 평택시 원평로39번길 26-5,,G21001 / 원평동,미방문,
형제철물건제,경기도 성남시 중원구,철물점,,경기도 성남시 중원구 박석로25번길 16,,G21001 / 상대원1동,미방문,
성심공업사,경기도 성남시 수정구,공구점,,경기도 성남시 수정구 수정북로35번길 2,,G21202 / 태평3동,미방문,
오성공업사,경기도 평택시,공구점,,경기도 평택시 오성면 숙성길 213,,S20301 / 오성면,미방문,
영도철물건재상사,경기도 고양시 덕양구,건자재점,,경기도 고양시 덕양구 토당로 137,,G21001 / 능곡동,미방문,
부성전기;철물,경기도 부천시 오정구,철물점,,경기도 부천시 오정구 지양로158번길 12,,G21001 / 고강본동,미방문,
철물아가씨,경기도 수원시 영통구,철물점,,경기도 수원시 영통구 동탄원천로1109번길 100,,G21001 / 매탄2동,미방문,
대명카공업사,경기도 하남시,공구점,,경기도 하남시 초광로 152,,S20301 / 초이동,미방문,
세기철물공구,경기도 파주시,철물점,,경기도 파주시 월롱면 통일로 622,,G21001 / 월롱면,미방문,
스피드카공업사,경기도 화성시,공구점,,경기도 화성시 남양읍 화성로 1301,,S20301 / 남양읍,미방문,
성남공구철물,경기도 성남시 수정구,철물점,,경기도 성남시 수정구 수정로 222,,G21001 / 신흥3동,미방문,
문학농자재,경기도 화성시,농자재점,,경기도 화성시 정남면 서봉로 1006-4,,G21001 / 정남면,미방문,
1급비손모터스공업사,경기도 용인시 기흥구,공구점,,경기도 용인시 기흥구 청명산로 5,,S20301 / 영덕2동,미방문,
무진집수리전기철물,경기도 수원시 권선구,철물점,,경기도 수원시 권선구 덕영대로1106번길 2,,G21001 / 세류2동,미방문,
한성티앤아이승진공업사,경기도 남양주시,공구점,,경기도 남양주시 진접읍 금강로 1533-11,,G21001 / 진접읍,미방문,
새시대철물,경기도 군포시,철물점,,경기도 군포시 당산로126번길 4,,G21001 / 금정동,미방문,
현대카공업사,경기도 양평군,공구점,,경기도 양평군 서종면 북한강로 771,,S20301 / 서종면,미방문,
명진전기.철물,경기도 구리시,철물점,,경기도 구리시 안골로20번길 54,,G21201 / 교문1동,미방문,
대광철물,경기도 의정부시,철물점,,경기도 의정부시 둔야로 44,,G21001 / 흥선동,미방문,
평남철물,경기도 성남시 중원구,철물점,,경기도 성남시 중원구 산성대로434번길 10,,G21001 / 금광2동,미방문,
신정철물점,경기도 안산시 상록구,철물점,,경기도 안산시 상록구 샘골로 26,,G21001 / 본오1동,미방문,
남양공구마트,경기도 파주시,공구점,,경기도 파주시 운정로 133-5,,G21001 / 운정4동,미방문,
한국철물·수선,경기도 광명시,철물점,,경기도 광명시 새터로102번길 3,,S20601 / 광명7동,미방문,
신정전기철물보수,경기도 용인시 수지구,철물점,,경기도 용인시 수지구 풍덕천로 89,,G21001 / 풍덕천2동,미방문,
대성공업사,경기도 여주시,공구점,,경기도 여주시 가남읍 경충대로 1351,,S20301 / 가남읍,미방문,
동아보일러철물,경기도 성남시 수정구,철물점,,경기도 성남시 수정구 남문로117번길 1,,G21001 / 태평4동,미방문,
동양철물,경기도 가평군,철물점,,경기도 가평군 가평읍 석봉로 209,,G21001 / 가평읍,미방문,
오케이전기공사철물점,경기도 시흥시,철물점,,경기도 시흥시 대야로13번길 12,,G21001 / 대야동,미방문,
제일철물건재,경기도 안양시 동안구,건자재점,,경기도 안양시 동안구 관양로 269-9,,G21001 / 인덕원동,미방문,
경기팜농자재산업,경기도 이천시,농자재점,,경기도 이천시 마장면 중부대로644번길 168-6,,G21001 / 마장면,미방문,
산성철물,경기도 성남시 중원구,철물점,,경기도 성남시 중원구 산성대로 492-1,,G21001 / 은행2동,미방문,
수일철물,경기도 수원시 장안구,철물점,,경기도 수원시 장안구 파장천로58번길 77-2,,G21001 / 파장동,미방문,
동국철물건재,경기도 성남시 분당구,건자재점,,경기도 성남시 분당구 장미로86번길 14,,G21001 / 야탑1동,미방문,
신현대공업사,경기도 부천시 소사구,공구점,,경기도 부천시 소사구 경인로 406,,S20301 / 소사본동,미방문,
삼성카공업사,경기도 고양시 덕양구,공구점,,경기도 고양시 덕양구 호수로71번길 126,,S20301 / 능곡동,미방문,
원일철물,경기도 수원시 권선구,철물점,,경기도 수원시 권선구 세화로141번길 21-4,,G21001 / 서둔동,미방문,
진접종합건재,경기도 남양주시,건자재점,,경기도 남양주시 진접읍 경복대로 210,,G21001 / 진접읍,미방문,
비봉공업사,경기도 화성시,공구점,,경기도 화성시 남양읍 남양로930번길 34-6,,S20301 / 남양읍,미방문,
성진철물,경기도 안산시 상록구,철물점,,경기도 안산시 상록구 선진4길 41,,G21001 / 사이동,미방문,
국제공업사,경기도 화성시,공구점,,경기도 화성시 영통로27번길 5-8,,S20301 / 반월동,미방문,
동방건재사,경기도 안성시,건자재점,,경기도 안성시 중앙로 433,,G21001 / 안성1동,미방문,
성진철물공구,경기도 남양주시,철물점,,경기도 남양주시 수동면 소래비로 500,,G21001 / 수동면,미방문,
HM종합공구공업사,경기도 남양주시,공구점,,경기도 남양주시 경춘로 440,,G21001 / 다산2동,미방문,
신풍건재,경기도 평택시,건자재점,,경기도 평택시 송탄2로 4,,G21001 / 서정동,미방문,
현대정비공업사,경기도 의정부시,공구점,,경기도 의정부시 가능로159번길 4,,S20301 / 의정부1동,미방문,
하나철물점,경기도 부천시 소사구,철물점,,경기도 부천시 소사구 경인로193번길 15-1,,G21001 / 심곡본1동,미방문,
대호전기철물,경기도 양평군,철물점,,경기도 양평군 청운면 용두로 143,,G21001 / 청운면,미방문,
현대철물골재건재,경기도 포천시,건자재점,,경기도 포천시 가산면 가산로 282,,G21001 / 가산면,미방문,
성원철물,경기도 양평군,철물점,,경기도 양평군 지평면 지평의병로 82,,G21001 / 지평면,미방문,
대신종합철물상사,경기도 김포시,철물점,,경기도 김포시 감암로 77,,G21001 / 김포본동,미방문,
한일철물전기재료,경기도 구리시,철물점,,경기도 구리시 안골로 9,,G21001 / 교문1동,미방문,
중동공업사,경기도 이천시,공구점,,경기도 이천시 남천로 96,,S20301 / 중리동,미방문,
성안철물,경기도 의정부시,철물점,,경기도 의정부시 용현로 144,,G21001 / 송산2동,미방문,
용인철물,경기도 이천시,철물점,,경기도 이천시 영창로153번길 4,,G21001 / 관고동,미방문,
중앙철물,경기도 고양시 일산서구,철물점,,경기도 고양시 일산서구 대산로212번길 8-2,,G21001 / 대화동,미방문,
시화건재,경기도 안산시 단원구,건자재점,,경기도 안산시 단원구 상동로 102,,G21001 / 대부동,미방문,
삼보철물공구,경기도 양주시,철물점,,경기도 양주시 광적면 광적로 126,,G21001 / 광적면,미방문,
나래철물,경기도 고양시 덕양구,철물점,,경기도 고양시 덕양구 호국로742번길 66,,G21001 / 성사2동,미방문,
호동정비공업사,경기도 의정부시,공구점,,경기도 의정부시 범골로 34,,S20301 / 호원2동,미방문,
성남철물,경기도 김포시,철물점,,경기도 김포시 하성면 하성로 490,,G21001 / 하성면,미방문,
동덕철물공구,경기도 부천시 원미구,철물점,,경기도 부천시 원미구 부흥로 411,,G21001 / 심곡2동,미방문,
우리철물건재,경기도 안성시,건자재점,,경기도 안성시 고삼면 안성맞춤대로 1934,,G21001 / 고삼면,미방문,
오토월드카공업사,경기도 포천시,공구점,,경기도 포천시 군내면 포천로 933,,S20301 / 군내면,미방문,
한일철물,경기도 성남시 중원구,철물점,,경기도 성남시 중원구 성남대로 1142,,G21001 / 성남동,미방문,
서진철물,경기도 부천시 소사구,철물점,,경기도 부천시 소사구 심곡로27번길 23,,G21001 / 심곡본1동,미방문,
원흥카공업사,경기도 고양시 덕양구,공구점,,경기도 고양시 덕양구 권율대로 450-1,,S20301 / 흥도동,미방문,
발안유통공구상가관리단,경기도 화성시,공구점,,경기도 화성시 팔탄면 서해로987번길 14,,N10101 / 팔탄면,미방문,
LG부분정비공업사,경기도 파주시,공구점,,경기도 파주시 월롱면 엘지로157번길 5,,S20301 / 월롱면,미방문,
패밀리전문정비공업사,경기도 광명시,공구점,,경기도 광명시 범안로 963,,S20301 / 하안1동,미방문,
진성철물공구건재,경기도 화성시,건자재점,,경기도 화성시 팔탄면 31만세로 755,,G21001 / 팔탄면,미방문,
성심공업사,경기도 하남시,공구점,,경기도 하남시 덕풍로81번길 51,,G21099 / 덕풍3동,미방문,
주신종합철물,경기도 부천시 오정구,철물점,,경기도 부천시 오정구 평천로751번길 16,,G21001 / 신흥동,미방문,
제일지물，철물,경기도 성남시 수정구,철물점,,경기도 성남시 수정구 수정남로 13,,G21002 / 수진2동,미방문,
스마일철물,경기도 남양주시,철물점,,경기도 남양주시 석실로 675,,G21001 / 금곡동,미방문,
오케이공업사,경기도 평택시,공구점,,경기도 평택시 포승읍 서동대로 527,,S20301 / 포승읍,미방문,
유림철물,경기도 군포시,철물점,,경기도 군포시 산본천로 185,,G21001 / 산본1동,미방문,
장원철물,경기도 이천시,철물점,,경기도 이천시 장호원읍 장터로61번길 13,,G21001 / 장호원읍,미방문,
중앙철물,경기도 양평군,철물점,,경기도 양평군 양평읍 양평대교길 7-1,,G21001 / 양평읍,미방문,
새움공업사,경기도 파주시,공구점,,경기도 파주시 조리읍 고봉로 1027,,G21305 / 조리읍,미방문,
송신공업사,경기도 평택시,공구점,,경기도 평택시 팽성읍 사거리길 59,,S20301 / 팽성읍,미방문,
가까운철물점,경기도 군포시,철물점,,경기도 군포시 번영로 380-1,,G21001 / 오금동,미방문,
인성농자재,경기도 평택시,농자재점,,경기도 평택시 진위면 경기대로 1774,,G21001 / 진위면,미방문,
화산건재,경기도 포천시,건자재점,,경기도 포천시 가산면 선마로 232-1,,G21001 / 가산면,미방문,
고주내건재,경기도 양주시,건자재점,,경기도 양주시 부흥로 2070,,G21001 / 양주2동,미방문,
미래전기철물,경기도 안양시 만안구,철물점,,경기도 안양시 만안구 양화로151번길 7-18,,G21001 / 박달동,미방문,
율면철물,경기도 이천시,철물점,,경기도 이천시 율면 고당로 122-1,,G21001 / 율면,미방문,
영동철물건재,경기도 화성시,건자재점,,경기도 화성시 동탄기흥로257번길 15,,G21001 / 동탄6동,미방문,
종합공구철물,경기도 안성시,철물점,,경기도 안성시 안성맞춤대로 897-1,,G21001 / 안성2동,미방문,
신원철물,경기도 이천시,철물점,,경기도 이천시 부발읍 중부대로 1811,,G21001 / 부발읍,미방문,
하나농자재,경기도 안성시,농자재점,,경기도 안성시 죽산면 죽양대로 95-4,,G22199 / 죽산면,미방문,
차사랑공업사,경기도 시흥시,공구점,,경기도 시흥시 신천로44번길 2,,S20301 / 신천동,미방문,
샘철물,경기도 연천군,철물점,,경기도 연천군 전곡읍 청정로 2460,,G21001 / 전곡읍,미방문,
진건철물,경기도 남양주시,철물점,,경기도 남양주시 진건읍 진건오남로 111-4,,G21001 / 진건읍,미방문,
에스카공업사,경기도 양주시,공구점,,경기도 양주시 칠봉산로 50,,S20301 / 옥정1동,미방문,
금호공업사,경기도 용인시 처인구,공구점,,경기도 용인시 처인구 양지면 죽양대로2016번길 30,,S20301 / 양지면,미방문,
건국공업사,경기도 고양시 일산서구,공구점,,경기도 고양시 일산서구 성저로 53-12,,S20301 / 대화동,미방문,
유건생활철물,경기도 광명시,철물점,,경기도 광명시 덕안로104번길 17,,G21001 / 일직동,미방문,
제태중기공업사,경기도 용인시 처인구,공구점,,경기도 용인시 처인구 남사읍 통삼로171번길 6,,S20301 / 남사읍,미방문,
가교공구철물,경기도 수원시 팔달구,철물점,,경기도 수원시 팔달구 팔달로120번길 7,,G21001 / 화서1동,미방문,
일광종합건재;철물,경기도 광주시,건자재점,,경기도 광주시 이배재로 74,,G21001 / 탄벌동,미방문,
김가철물점,경기도 성남시 분당구,철물점,,경기도 성남시 분당구 황새울로108번길 4,,G21001 / 정자동,미방문,
세일공업사,경기도 여주시,공구점,,경기도 여주시 가남읍 본두3길 15,,S20301 / 가남읍,미방문,
고양철물，건재,경기도 고양시 덕양구,건자재점,,경기도 고양시 덕양구 통일로 1005-2,,G21001 / 관산동,미방문,
원명공업사,경기도 이천시,공구점,,경기도 이천시 부발읍 중부대로 2019,,S20301 / 부발읍,미방문,
학성카공업사,경기도 성남시 중원구,공구점,,경기도 성남시 중원구 산성대로442번길 15,,S20301 / 금광2동,미방문,
동우건재,경기도 의정부시,건자재점,,경기도 의정부시 신흥로 202,,G21001 / 의정부2동,미방문,
김성준정비공업사,경기도 수원시 팔달구,공구점,,경기도 수원시 팔달구 동말로 94,,S20301 / 고등동,미방문,
적성철물,경기도 파주시,철물점,,경기도 파주시 적성면 솥뒤로 91,,G21001 / 적성면,미방문,
승화철물,경기도 안산시 상록구,철물점,,경기도 안산시 상록구 오목로 10,,G21001 / 본오1동,미방문,
JK공업사,경기도 파주시,공구점,,경기도 파주시 아리랑로 8,,S20301 / 금촌1동,미방문,
민락전기철물,경기도 의정부시,철물점,,경기도 의정부시 용현로159번길 6,,G21001 / 송산2동,미방문,
믿음철물인테리어,경기도 고양시 일산동구,건자재점,,경기도 고양시 일산동구 호수로430번길 54,,M11201 / 백석2동,미방문,
수원철물건재,경기도 수원시 영통구,건자재점,,경기도 수원시 영통구 삼성로 263,,G21001 / 원천동,미방문,
한화농자재건재,경기도 안성시,농자재점,,경기도 안성시 중앙로 136,,G21099 / 안성2동,미방문,
대광철물,경기도 연천군,철물점,,경기도 연천군 신서면 도대로7번길 59,,G21001 / 신서면,미방문,
배달건재,경기도 여주시,건자재점,,경기도 여주시 산북면 상품로 59,,G21001 / 산북면,미방문,
철물유통,경기도 부천시 원미구,철물점,,경기도 부천시 원미구 부일로 312,,G21202 / 상동,미방문,
매산공업사,경기도 용인시 처인구,공구점,,경기도 용인시 처인구 모현읍 곡현로656번길 2-12,,S20301 / 모현읍,미방문,
선유공업사,경기도 파주시,공구점,,경기도 파주시 문산읍 장승배기로 1,,S20301 / 문산읍,미방문,
한양공업사,경기도 안성시,공구점,,경기도 안성시 보개면 진안로 1227,,S20301 / 보개면,미방문,
제일카공업사,경기도 안양시 만안구,공구점,,경기도 안양시 만안구 덕천로34번길 28,,S20301 / 안양7동,미방문,
하북철물건재,경기도 평택시,건자재점,,경기도 평택시 진위면 진위서로 28,,G21001 / 진위면,미방문,
삼거리철물점,경기도 화성시,철물점,,경기도 화성시 송산면 송산포도로 131,,G21001 / 송산면,미방문,
대성건축설비철물,경기도 구리시,철물점,,경기도 구리시 검배로60번길 29,,G21001 / 수택2동,미방문,
제일공업사,경기도 동두천시,공구점,,경기도 동두천시 평화로 3055,,S20301 / 소요동,미방문,
나성건재,경기도 안양시 만안구,건자재점,,경기도 안양시 만안구 양화로72번길 83-35,,G21001 / 안양3동,미방문,
건영설비철물,경기도 고양시 일산서구,철물점,,경기도 고양시 일산서구 성저로 76,,G21001 / 대화동,미방문,
신용철물건재,경기도 오산시,건자재점,,경기도 오산시 삼미로47번길 5,,G21001 / 신장2동,미방문,
석수철물,경기도 안양시 만안구,철물점,,경기도 안양시 만안구 와룡로 21-1,,G21001 / 충훈동,미방문,
대명철물설비,경기도 수원시 권선구,철물점,,경기도 수원시 권선구 입북로 37,,G21001 / 입북동,미방문,
태양철물,경기도 이천시,철물점,,경기도 이천시 모가면 진상미로 1315,,G21001 / 모가면,미방문,
대원공업사,경기도 남양주시,공구점,,경기도 남양주시 진접읍 부마로 22,,S20301 / 진접읍,미방문,
대현카공업사,경기도 파주시,공구점,,경기도 파주시 시청로 57,,S20301 / 금촌1동,미방문,
부광철물,경기도 여주시,철물점,,경기도 여주시 여흥로57번길 20,,G21001 / 중앙동,미방문,
충남철물,경기도 용인시 처인구,철물점,,경기도 용인시 처인구 금학로 361,,G21001 / 중앙동,미방문,
현대철물,경기도 남양주시,철물점,,경기도 남양주시 오남읍 진건오남로 832,,G21001 / 오남읍,미방문,
우드;철물;건재;건설,경기도 포천시,건자재점,,경기도 포천시 일동면 화동로653번길 1,,G21001 / 일동면,미방문,
아람철물,경기도 수원시 권선구,철물점,,경기도 수원시 권선구 세권로 199,,G21001 / 권선1동,미방문,
삼오공업사,경기도 수원시 권선구,공구점,,경기도 수원시 권선구 서부로 1822-17,,S20301 / 서둔동,미방문,
제일종합설비.철물,경기도 수원시 권선구,철물점,,경기도 수원시 권선구 경수대로325번길 15,,G21001 / 세류3동,미방문,
삼송철물건재,경기도 고양시 덕양구,건자재점,,경기도 고양시 덕양구 삼송로 183,,G21001 / 삼송1동,미방문,
부성철물전기,경기도 안산시 상록구,철물점,,경기도 안산시 상록구 광덕산3로 45,,G21001 / 월피동,미방문,
호성공구마트,경기도 포천시,공구점,,경기도 포천시 소흘읍 호국로 740,,G21001 / 소흘읍,미방문,
금남철물,경기도 남양주시,철물점,,경기도 남양주시 화도읍 북한강로 1422,,G21001 / 화도읍,미방문,
금진철물,경기도 수원시 권선구,철물점,,경기도 수원시 권선구 정조로513번길 3,,G21001 / 세류2동,미방문,
오성공구철물,경기도 부천시 오정구,철물점,,경기도 부천시 오정구 오정로 208,,G21001 / 오정동,미방문,
신역곡카공업사,경기도 부천시 소사구,공구점,,경기도 부천시 소사구 범안로58번길 15,,S20301 / 괴안동,미방문,
형제공업사,경기도 안산시 상록구,공구점,,경기도 안산시 상록구 수인로 1957,,S20301 / 안산동,미방문,
광탄철물점,경기도 양평군,철물점,,경기도 양평군 용문면 용문로 811,,G21001 / 용문면,미방문,
수성철물,경기도 수원시 장안구,철물점,,경기도 수원시 장안구 조원로 107,,G21001 / 조원1동,미방문,
양원현대공업사,경기도 연천군,공구점,,경기도 연천군 전곡읍 양연로 1144,,S20301 / 전곡읍,미방문,
삼호종합건재,경기도 여주시,건자재점,,경기도 여주시 점동면 청안로 156-3,,G21001 / 점동면,미방문,
광성철물，건재,경기도 남양주시,건자재점,,경기도 남양주시 사릉로34번길 44,,G21001 / 금곡동,미방문,
만석철물건재,경기도 양주시,건자재점,,경기도 양주시 백석읍 중앙로 186,,G21003 / 백석읍,미방문,
태장공업사,경기도 화성시,공구점,,경기도 화성시 효행로1374번길 18-8,,S20301 / 반월동,미방문,
운정철물건재,경기도 파주시,건자재점,,경기도 파주시 운정1길 72,,G21001 / 운정4동,미방문,
남동전기철물,경기도 부천시 소사구,철물점,,경기도 부천시 소사구 성주로 207-1,,G21001 / 심곡본동,미방문,
현민전기철물,경기도 수원시 영통구,철물점,,경기도 수원시 영통구 영통로130번길 31,,G21001 / 망포1동,미방문,
태풍카공업사,경기도 군포시,공구점,,경기도 군포시 번영로 587,,S20301 / 금정동,미방문,
은하건재사,경기도 안양시 만안구,건자재점,,경기도 안양시 만안구 덕천로 105,,G21001 / 안양7동,미방문,
서광철물인테리어,경기도 안양시 동안구,건자재점,,경기도 안양시 동안구 관악대로345번길 23,,G21001 / 관양동,미방문,
문화철물,경기도 오산시,철물점,,경기도 오산시 오산로 286,,G21001 / 중앙동,미방문,
석산철물건재,경기도 하남시,건자재점,,경기도 하남시 조정대로 36,,G21001 / 미사3동,미방문,
효성철물건업,경기도 남양주시,철물점,,경기도 남양주시 오남읍 진건오남로929번길 21-15,,G21001 / 오남읍,미방문,
동우종합철물건재,경기도 용인시 처인구,건자재점,,경기도 용인시 처인구 이동읍 구수동로 44,,G21001 / 이동읍,미방문,
경기철물,경기도 남양주시,철물점,,경기도 남양주시 진접읍 금강로 1243,,G21001 / 진접읍,미방문,
동일건재철물,경기도 파주시,건자재점,,경기도 파주시 운정역길 285-8,,G21001 / 운정4동,미방문,
하봉암철물,경기도 동두천시,철물점,,경기도 동두천시 하봉암로 5,,G21001 / 소요동,미방문,
원당철물,경기도 고양시 덕양구,철물점,,경기도 고양시 덕양구 원당로 51,,G21001 / 주교동,미방문,
흥성공업사,경기도 남양주시,공구점,,경기도 남양주시 와부읍 덕소로 33-7,,S20301 / 와부읍,미방문,
동인철물집수리,경기도 안양시 만안구,철물점,,경기도 안양시 만안구 안양로405번길 30,,G21001 / 안양2동,미방문,
주공철물,경기도 부천시 소사구,철물점,,경기도 부천시 소사구 소사로78번길 72,,G21001 / 소사본1동,미방문,
제일철물건재,경기도 안산시 단원구,건자재점,,경기도 안산시 단원구 와동로 105,,G21001 / 와동,미방문,
부일농기구부속,경기도 평택시,농자재점,,경기도 평택시 평남로 175,,G21001 / 원평동,미방문,
중동전기철물,경기도 부천시 원미구,철물점,,경기도 부천시 원미구 조마루로291번길 25,,G22199 / 중1동,미방문,
안산종합공업사,경기도 안산시 상록구,공구점,,경기도 안산시 상록구 선진6길 46,,S20301 / 사이동,미방문,
반강철물건재,경기도 파주시,건자재점,,경기도 파주시 조리읍 봉천로 36,,G21001 / 조리읍,미방문,
충남철물.설비,경기도 안산시 상록구,철물점,,경기도 안산시 상록구 조구나리길 10,,G21001 / 이동,미방문,
만선현대공업사,경기도 광주시,공구점,,경기도 광주시 곤지암읍 만선로59번길 3,,S20301 / 곤지암읍,미방문,
오뚜기철물점,경기도 이천시,철물점,,경기도 이천시 백사면 현방로 78,,G21001 / 백사면,미방문,
아울렛철물건재,경기도 이천시,건자재점,,경기도 이천시 마장면 중부대로533번길 68,,G21001 / 마장면,미방문,
가남대형차중기공업사,경기도 이천시,공구점,,경기도 이천시 부발읍 경충대로 1900,,S20301 / 부발읍,미방문,
이삭종합건재,경기도 양평군,건자재점,,경기도 양평군 양서면 목왕로 24-9,,G21001 / 양서면,미방문,
쌍용달인공업사,경기도 파주시,공구점,,경기도 파주시 시청로 314,,S20301 / 금촌3동,미방문,
금성철물,경기도 용인시 처인구,철물점,,경기도 용인시 처인구 포곡읍 곡현로 195,,G21001 / 포곡읍,미방문,
금성전기철물,경기도 안양시 동안구,철물점,,경기도 안양시 동안구 관평로 324,,G21201 / 관양동,미방문,
모든기계공구,경기도 광명시,공구점,,경기도 광명시 오리로 405,,N11199 / 소하2동,미방문,
문화철물건재,경기도 이천시,건자재점,,경기도 이천시 설성면 진상미로665번길 2-3,,G21001 / 설성면,미방문,
현대마스타공업사,경기도 김포시,공구점,,경기도 김포시 양촌읍 삼도공단로 78,,S20301 / 양촌읍,미방문,
광진카공업사,경기도 성남시 수정구,공구점,,경기도 성남시 수정구 산성대로 415,,S20301 / 단대동,미방문,
대일철물농자재,경기도 남양주시,농자재점,,경기도 남양주시 경춘로 802,,G21001 / 양정동,미방문,
현대건재건축,경기도 고양시 일산서구,건자재점,,경기도 고양시 일산서구 덕이로292번길 54,,G21001 / 덕이동,미방문,
오복카공업사,경기도 성남시 중원구,공구점,,경기도 성남시 중원구 시민로 103,,S20301 / 성남동,미방문,
영재금속공업사제이제이텔레콤,경기도 광명시,공구점,,경기도 광명시 오리로 948,,G20802 / 광명3동,미방문,
새로나전기철물,경기도 성남시 수정구,철물점,,경기도 성남시 수정구 제일로188번길 16-2,,G21201 / 태평3동,미방문,
삼양건재,경기도 부천시 오정구,건자재점,,경기도 부천시 오정구 소사로 793,,G21001 / 원종2동,미방문,
문화종합철물건재,경기도 포천시,건자재점,,경기도 포천시 호국로 1181,,G21001 / 선단동,미방문,
고양철물,경기도 고양시 덕양구,철물점,,경기도 고양시 덕양구 토당로104번길 50,,G21001 / 능곡동,미방문,
다온종합공구상사,경기도 이천시,공구점,,경기도 이천시 경충대로 2628,,G21001 / 중리동,미방문,
태성중기공업사,경기도 화성시,공구점,,경기도 화성시 향남읍 서봉로 395-43,,S20301 / 향남읍,미방문,
신진철물,경기도 남양주시,철물점,,경기도 남양주시 오남읍 양지로 332,,G21001 / 오남읍,미방문,
대영철물건재,경기도 여주시,건자재점,,경기도 여주시 북내면 여양2로 250,,G21001 / 북내면,미방문,
충남철물,경기도 군포시,철물점,,경기도 군포시 군포로761번길 64,,G21001 / 산본1동,미방문,
발안건재,경기도 화성시,건자재점,,경기도 화성시 향남읍 배터길 26-4,,G21001 / 향남읍,미방문,
대곶철물,경기도 김포시,철물점,,경기도 김포시 대곶면 대명항로 246-9,,G21001 / 대곶면,미방문,
동산건재,경기도 양주시,건자재점,,경기도 양주시 장흥면 일영로 385,,G21001 / 장흥면,미방문,
이화적재함공업사,경기도 용인시 처인구,공구점,,경기도 용인시 처인구 백암면 죽양대로 784,,S20301 / 백암면,미방문,
달인카공업사,경기도 고양시 덕양구,공구점,,경기도 고양시 덕양구 원당로59번길 11-15,,S20301 / 주교동,미방문,
명인열쇠철물,경기도 수원시 영통구,철물점,,경기도 수원시 영통구 덕영대로1555번길 20,,G21001 / 영통2동,미방문,
이천공업사,경기도 이천시,공구점,,경기도 이천시 호법면 중부대로798번길 10,,S20301 / 호법면,미방문,
태광철물,경기도 수원시 장안구,철물점,,경기도 수원시 장안구 연무로 36,,G21001 / 연무동,미방문,
광천철물건재,경기도 안산시 상록구,건자재점,,경기도 안산시 상록구 석호로 215,,G21001 / 사동,미방문,
나래수도철물&나래종합인테리어,경기도 안산시 상록구,건자재점,,경기도 안산시 상록구 샘골로 95,,G21001 / 본오1동,미방문,
광교역철물,경기도 수원시 영통구,철물점,,경기도 수원시 영통구 대학3로 7,,G21001 / 광교1동,미방문,
대림철물,경기도 의정부시,철물점,,경기도 의정부시 행복로 53,,G21001 / 의정부1동,미방문,
계남부분정비공업사,경기도 부천시 원미구,공구점,,경기도 부천시 원미구 부흥로240번길 7,,S20301 / 중2동,미방문,
세형공업사,경기도 고양시 일산동구,공구점,,경기도 고양시 일산동구 지영로 190,,S20301 / 고봉동,미방문,
가능철물,경기도 의정부시,철물점,,경기도 의정부시 신촌로17번길 27,,G21001 / 가능동,미방문,
봉화철물건재,경기도 김포시,건자재점,,경기도 김포시 중봉1로 75,,G21001 / 김포본동,미방문,
서하남공업사,경기도 하남시,공구점,,경기도 하남시 서하남로48번길 22,,S20301 / 감일동,미방문,
중앙철물,경기도 양평군,철물점,,경기도 양평군 용문면 용문로 361-1,,G21001 / 용문면,미방문,
진철물,경기도 부천시 오정구,철물점,,경기도 부천시 오정구 원종로119번길 52,,G21001 / 고강1동,미방문,
만선공업사,경기도 광주시,공구점,,경기도 광주시 곤지암읍 만선로 46,,S20301 / 곤지암읍,미방문,
２２세기철물,경기도 안산시 단원구,철물점,,경기도 안산시 단원구 선부광장1로 166,,G21001 / 선부1동,미방문,
원삼철물,경기도 수원시 영통구,철물점,,경기도 수원시 영통구 영통로345번길 24-1,,G21001 / 영통3동,미방문,
경인안전철물상사,경기도 시흥시,철물점,,경기도 시흥시 수인로3381번길 37,,G21001 / 신천동,미방문,
신화종합철물공구,경기도 구리시,철물점,,경기도 구리시 안골로 22,,G21001 / 교문1동,미방문,
마룡공업사,경기도 양평군,공구점,,경기도 양평군 용문면 용문로 506,,S20301 / 용문면,미방문,
철원정비공업사,경기도 수원시 팔달구,공구점,,경기도 수원시 팔달구 월드컵로 349,,S20301 / 우만1동,미방문,
현대전기공구철물,경기도 남양주시,철물점,,경기도 남양주시 별내면 청학로 129,,G21201 / 별내면,미방문,
에이스장식철물공구,경기도 시흥시,철물점,,경기도 시흥시 시흥대로 923,,G21001 / 신현동,미방문,
영현공구철물건재,경기도 포천시,건자재점,,경기도 포천시 신북면 포천로 2161,,G21001 / 신북면,미방문,
미래카공업사,경기도 광주시,공구점,,경기도 광주시 중앙로 307,,S20301 / 송정동,미방문,
대성철물,경기도 고양시 일산서구,철물점,,경기도 고양시 일산서구 일현로 122,,G21001 / 탄현1동,미방문,
태성철물상사,경기도 안산시 단원구,철물점,,경기도 안산시 단원구 황금길 15,,G21001 / 고잔동,미방문,
창성철물건재,경기도 남양주시,건자재점,,경기도 남양주시 오남읍 양지로 57,,G21001 / 오남읍,미방문,
유씨철물,경기도 구리시,철물점,,경기도 구리시 원수택로 1,,G21001 / 수택2동,미방문,
경성종합건재,경기도 수원시 권선구,건자재점,,경기도 수원시 권선구 세지로140번길 51,,G21099 / 권선1동,미방문,
동아철물건재열쇠전기,경기도 평택시 특구,건자재점,,경기도 평택시 특구로19번길 30,,G21001 / 서정동,미방문,
황금철물,경기도 안성시,철물점,,경기도 안성시 삼죽면 서동대로 6320,,G21001 / 삼죽면,미방문,
신한전기철물,경기도 성남시 중원구,철물점,,경기도 성남시 중원구 성남대로 1127,,G21201 / 성남동,미방문,
권선공구철물,경기도 수원시 영통구,철물점,,경기도 수원시 영통구 권선로 794,,G21001 / 매탄3동,미방문,
전진카공업사,경기도 용인시 기흥구,공구점,,경기도 용인시 기흥구 언동로 23,,S20301 / 구성동,미방문,
매화전기철물,경기도 군포시,철물점,,경기도 군포시 곡란로 24,,G21201 / 산본1동,미방문,
통일철물점,경기도 김포시,철물점,,경기도 김포시 양촌읍 황금1로 269,,G21001 / 양촌읍,미방문,
대원철물,경기도 성남시 중원구,철물점,,경기도 성남시 중원구 희망로344번길 28-1,,G21001 / 상대원3동,미방문,
함양철물,경기도 수원시 팔달구,철물점,,경기도 수원시 팔달구 정조로712번길 6,,G21001 / 행궁동,미방문,
황금철물,경기도 안산시 단원구,철물점,,경기도 안산시 단원구 대부황금로 1329,,G21001 / 대부동,미방문,
삼진공업사,경기도 부천시 소사구,공구점,,경기도 부천시 소사구 은성로 15-1,,S20301 / 소사본동,미방문,
현대종합철물건재,경기도 수원시 영통구,건자재점,,경기도 수원시 영통구 매탄로 164,,G21001 / 매탄4동,미방문,
선철물건축,경기도 양주시,철물점,,경기도 양주시 장흥면 일영로 557,,G21001 / 장흥면,미방문,
도암철물,경기도 이천시,철물점,,경기도 이천시 신둔면 원적로397번길 7,,G21001 / 신둔면,미방문,
신성철물설비인테리어,경기도 부천시 소사구,건자재점,,경기도 부천시 소사구 소사로 143-1,,G21001 / 소사본동,미방문,
화성철물,경기도 화성시,철물점,,경기도 화성시 매송면 매송로 11,,G21001 / 매송면,미방문,
양주철물건재,경기도 양주시,건자재점,,경기도 양주시 부흥로 2061-41,,G21001 / 양주2동,미방문,
목화종합철물건재,경기도 이천시,건자재점,,경기도 이천시 백사면 청백리로84번길 4,,G21001 / 백사면,미방문,
정왕철물건재,경기도 시흥시,건자재점,,경기도 시흥시 죽율로 23,,G21001 / 정왕본동,미방문,
모든공업사,경기도 오산시,공구점,,경기도 오산시 가장로534번길 52-29,,S20301 / 초평동,미방문,
대신건재,경기도 여주시,건자재점,,경기도 여주시 대신면 여양로 1499,,G21001 / 대신면,미방문,
중앙건재,경기도 부천시 소사구,건자재점,,경기도 부천시 소사구 은성로 27,,G21001 / 소사본동,미방문,
우리철물점,경기도 화성시,철물점,,경기도 화성시 장안면 수정로 147-2,,G20404 / 장안면,미방문,
평성철물,경기도 안양시 동안구,철물점,,경기도 안양시 동안구 흥안대로145번길 51,,G21001 / 호계1동,미방문,
서울농자재,경기도 성남시 수정구,농자재점,,경기도 성남시 수정구 사송로80번길 8,,G21001 / 시흥동,미방문,
영통철물,경기도 수원시 영통구,철물점,,경기도 수원시 영통구 청명남로4번길 8,,G21001 / 영통3동,미방문,
신성철물,경기도 김포시,철물점,,경기도 김포시 양촌읍 양곡로532번길 22,,G21001 / 양촌읍,미방문,
수원화성동탄하나로열쇠도장명함철물,경기도 수원시 권선구,철물점,,경기도 수원시 권선구 동수원로146번길 137,,G21001 / 곡선동,미방문,
캡틴카공업사,경기도 고양시 일산동구,공구점,,경기도 고양시 일산동구 하늘마을1로 14,,S20301 / 중산2동,미방문,
새한전기철물,경기도 수원시 장안구,철물점,,경기도 수원시 장안구 장안로 6,,G21001 / 영화동,미방문,
한일철물,경기도 용인시 처인구,철물점,,경기도 용인시 처인구 포곡읍 곡현로 172,,G21001 / 포곡읍,미방문,
투바위철물공구포장,경기도 포천시,철물점,,경기도 포천시 송우로 240,,G21002 / 선단동,미방문,
태양철물건재,경기도 남양주시,건자재점,,경기도 남양주시 와부읍 석실로 410,,G21001 / 와부읍,미방문,
정진철물,경기도 이천시,철물점,,경기도 이천시 대월면 대평로 186,,G21001 / 대월면,미방문,
유성철물,경기도 수원시 팔달구,철물점,,경기도 수원시 팔달구 세지로 417-27,,G21001 / 우만1동,미방문,
종합카공업사,경기도 성남시 수정구,공구점,,경기도 성남시 수정구 산성대로 389-1,,S20301 / 단대동,미방문,
대명공업사,경기도 안성시,공구점,,경기도 안성시 원곡면 지문로 513,,S20301 / 원곡면,미방문,
명성골드공업사,경기도 여주시,공구점,,경기도 여주시 주내로 925,,S20301 / 여흥동,미방문,
일동카공업사,경기도 군포시,공구점,,경기도 군포시 당동로21번길 24,,S20301 / 군포2동,미방문,
경용철물,경기도 안양시 만안구,철물점,,경기도 안양시 만안구 병목안로130번길 172,,G21001 / 안양9동,미방문,
이경철물설비,경기도 고양시 일산서구,철물점,,경기도 고양시 일산서구 송포로 35,,G21001 / 송포동,미방문,
중원건재,경기도 용인시 처인구,건자재점,,경기도 용인시 처인구 명지로 240-4,,G21099 / 중앙동,미방문,
퇴촌철물건재,경기도 광주시,건자재점,,경기도 광주시 퇴촌면 광동로 27,,G21001 / 퇴촌면,미방문,
성운철물나라,경기도 양주시,철물점,,경기도 양주시 부흥로 1882,,G21001 / 양주2동,미방문,
우진철물건재상사,경기도 성남시 중원구,건자재점,,경기도 성남시 중원구 금상로 104,,G21001 / 상대원3동,미방문,
차사랑카공업사,경기도 파주시,공구점,,경기도 파주시 중앙로 194,,S20301 / 금촌1동,미방문,
미나리철물,경기도 이천시,철물점,,경기도 이천시 신둔면 경충대로 3152-4,,G21001 / 신둔면,미방문,
성신기계공구,경기도 포천시,공구점,,경기도 포천시 소흘읍 솔모루로 142,,G21001 / 소흘읍,미방문,
에덴철물,경기도 고양시 덕양구,철물점,,경기도 고양시 덕양구 중앙로472번길 15,,G21001 / 행신4동,미방문,
이레공업사,경기도 안성시,공구점,,경기도 안성시 일죽면 금일로 396,,S20301 / 일죽면,미방문,
현대보링공업사,경기도 안성시,공구점,,경기도 안성시 원곡면 용소길 47-66,,S20301 / 원곡면,미방문,
대명철물,경기도 안산시 단원구,철물점,,경기도 안산시 단원구 보화1로 35,,G21001 / 와동,미방문,
가야철물공구건재,경기도 양주시,건자재점,,경기도 양주시 백석읍 꿈나무로 149,,G21001 / 백석읍,미방문,
대원공업사,경기도 파주시,공구점,,경기도 파주시 적성면 감악산로1241번길 55,,S20301 / 적성면,미방문,
정남종합건재,경기도 화성시,건자재점,,경기도 화성시 정남면 가장로 23,,G21001 / 정남면,미방문,
대인철물,경기도 부천시 원미구,철물점,,경기도 부천시 원미구 부일로 123,,G21001 / 상2동,미방문,
진명공업사,경기도 광명시,공구점,,경기도 광명시 광명로 255,,S20301 / 학온동,미방문,
청학철물,경기도 오산시,철물점,,경기도 오산시 청학로5번길 8,,G21001 / 남촌동,미방문,
현대카정비공업사한국타이어,경기도 고양시 일산동구,공구점,,경기도 고양시 일산동구 견달산로225번길 1,,S20301 / 식사동,미방문,
스마트농자재,경기도 여주시,농자재점,,경기도 여주시 흥천면 이여로 1041,,G21001 / 흥천면,미방문,
강원피브이씨종합건재,경기도 성남시 분당구,건자재점,,경기도 성남시 분당구 신수로 787,,G21001 / 구미동,미방문,
태성카공업사,경기도 안산시 상록구,공구점,,경기도 안산시 상록구 반석로 89,,S20301 / 본오3동,미방문,
매화건재,경기도 화성시,건자재점,,경기도 화성시 서신면 매화1길 23,,G21001 / 서신면,미방문,
나루터철물건재,경기도 용인시 수지구,건자재점,,경기도 용인시 수지구 포은대로 319,,G21001 / 풍덕천2동,미방문,
경기철물,경기도 고양시 덕양구,철물점,,경기도 고양시 덕양구 흥도로 134-1,,G21001 / 흥도동,미방문,
용인금속장식철물,경기도 용인시 기흥구,철물점,,경기도 용인시 기흥구 어정로 100,,G21001 / 상하동,미방문,
현대공업사,경기도 포천시,공구점,,경기도 포천시 이동면 성장로 880,,S20301 / 이동면,미방문,
덕절종합철물건재,경기도 화성시,건자재점,,경기도 화성시 정남면 발안로 1189,,G21001 / 정남면,미방문,
에이치엠정비공업사,경기도 안산시 상록구,공구점,,경기도 안산시 상록구 선진안길 29,,S20301 / 사이동,미방문,
타이어테크공업사,경기도 광주시,공구점,,경기도 광주시 경충대로 1457,,S20301 / 쌍령동,미방문,
심곡철물,경기도 부천시 원미구,철물점,,경기도 부천시 원미구 부일로380번길 15,,G21001 / 중동,미방문,
명덕철물,경기도 남양주시,철물점,,경기도 남양주시 와부읍 수레로 13-2,,G21001 / 와부읍,미방문,
가람철물전기,경기도 안양시 동안구,철물점,,경기도 안양시 동안구 평촌대로179번길 40,,G21001 / 범계동,미방문,
동부그린농자재,경기도 양주시,농자재점,,경기도 양주시 독바위로 27,,G22199 / 회천1동,미방문,
한신철물공구,경기도 용인시 처인구,철물점,,경기도 용인시 처인구 중부대로 1511,,G21001 / 동부동,미방문,
천마공업사,경기도 광주시,공구점,,경기도 광주시 순암로 216,,S20301 / 광남1동,미방문,
일동현대공업사,경기도 포천시,공구점,,경기도 포천시 일동면 운악청계로 1689,,S20301 / 일동면,미방문,
일조철물,경기도 평택시,철물점,,경기도 평택시 서재로 14,,G21001 / 동삭동,미방문,
보승철물건재,경기도 남양주시,건자재점,,경기도 남양주시 진접읍 경복대로212번길 22,,G21001 / 진접읍,미방문,
한국종합건재,경기도 여주시,건자재점,,경기도 여주시 가남읍 여주남로 1075,,G21001 / 가남읍,미방문,
마음철물,경기도 수원시 권선구,철물점,,경기도 수원시 권선구 당진로15번길 42,,G21001 / 입북동,미방문,
신광철물건재,경기도 수원시 권선구,건자재점,,경기도 수원시 권선구 하탑로 53,,G21001 / 서둔동,미방문,
패밀리철물,경기도 고양시 일산동구,철물점,,경기도 고양시 일산동구 강송로 149,,G21001 / 마두2동,미방문,
와우건축건재,경기도 화성시,건자재점,,경기도 화성시 봉담읍 효행로 315,,G21001 / 봉담읍,미방문,
대경건재,경기도 화성시,건자재점,,경기도 화성시 효행로 1231,,G21001 / 반월동,미방문,
분당공업사,경기도 성남시 분당구,공구점,,경기도 성남시 분당구 대왕판교로 323,,S20301 / 금곡동,미방문,
인천기계공구상사,경기도 김포시,공구점,,경기도 김포시 대곶면 율마로 159,,G21001 / 대곶면,미방문,
동산철물,경기도 부천시 오정구,철물점,,경기도 부천시 오정구 삼작로 409,,G21001 / 성곡동,미방문,
화전농약농자재,경기도 고양시 덕양구,농자재점,,경기도 고양시 덕양구 화랑로 31,,G22199 / 화전동,미방문,
권일철물,경기도 부천시 원미구,철물점,,경기도 부천시 원미구 중동로254번길 35,,G21001 / 중1동,미방문,
중앙철물,경기도 화성시,철물점,,경기도 화성시 정남면 가장로 408,,G21001 / 정남면,미방문,
현대그린공업사,경기도 포천시,공구점,,경기도 포천시 가산면 시우동길 14,,S20301 / 가산면,미방문,
고촌철물점,경기도 김포시,철물점,,경기도 김포시 고촌읍 은행영사정로23번길 38,,G21001 / 고촌읍,미방문,
영풍종합건재,경기도 안양시 만안구,건자재점,,경기도 안양시 만안구 안양로 397,,G21001 / 안양2동,미방문,
군자전기철물,경기도 안양시 만안구,철물점,,경기도 안양시 만안구 양화로47번길 9,,G21001 / 안양3동,미방문,
태광철물건재,경기도 오산시,건자재점,,경기도 오산시 학동로 15,,G21001 / 남촌동,미방문,
호수공구철물,경기도 구리시,철물점,,경기도 구리시 검배로 50,,G21001 / 수택2동,미방문,
우성농자재,경기도 포천시,농자재점,,경기도 포천시 소흘읍 호국로484번길 76,,G21001 / 소흘읍,미방문,
공구나라,경기도 여주시,공구점,,경기도 여주시 여흥로 61,,G21001 / 중앙동,미방문,
용현카프라자정비공업사,경기도 의정부시,공구점,,경기도 의정부시 천보로569번길 1,,S20301 / 자금동,미방문,
반월중앙피혁공업사업협동조합,경기도 안산시 단원구,공구점,,경기도 안산시 단원구 해안로 6,,N10101 / 초지동,미방문,
스마트카공업사,경기도 성남시 수정구,공구점,,경기도 성남시 수정구 제일로 136,,S20301 / 수진1동,미방문,
에스제이건재,경기도 동두천시,건자재점,,경기도 동두천시 삼육사로 1034,,G21099 / 불현동,미방문,
용은철물건재전기설비,경기도 안양시 동안구,건자재점,,경기도 안양시 동안구 관악대로389번길 18,,G21001 / 관양동,미방문,
대성철물점,경기도 포천시,철물점,,경기도 포천시 포천로 1580,,G21001 / 포천동,미방문,
수도공업사,경기도 양주시,공구점,,경기도 양주시 광적면 백은로 308,,S20301 / 광적면,미방문,
원철물,경기도 화성시,철물점,,경기도 화성시 양감면 독줄길 245,,G21001 / 양감면,미방문,
해주공업사,경기도 동두천시,공구점,,경기도 동두천시 강변로 374,,S20301 / 생연2동,미방문,
MaxSpeed공업사,경기도 부천시 원미구,공구점,,경기도 부천시 원미구 신상로 25,,S20301 / 상2동,미방문,
한일철물설비,경기도 여주시,철물점,,경기도 여주시 청심로 136,,G21001 / 중앙동,미방문,
대현공업사,경기도 의정부시,공구점,,경기도 의정부시 부용로210번길 23,,S20301 / 신곡2동,미방문,
영월종합공사철물점,경기도 하남시,철물점,,경기도 하남시 학암로 17,,G21001 / 위례동,미방문,
장성철물,경기도 성남시 중원구,철물점,,경기도 성남시 중원구 둔촌대로 126,,G21001 / 하대원동,미방문,
우성건재,경기도 용인시 기흥구,건자재점,,경기도 용인시 기흥구 중부대로 425-1,,G21001 / 신갈동,미방문,
종합철물,경기도 안양시 만안구,철물점,,경기도 안양시 만안구 양화로 34,,G21001 / 안양3동,미방문,
오학설비철물,경기도 여주시,철물점,,경기도 여주시 도예로 83,,G21001 / 오학동,미방문,
행신지물철물,경기도 고양시 덕양구,철물점,,경기도 고양시 덕양구 중앙로 439,,G21002 / 행신2동,미방문,
상품철물,경기도 여주시,철물점,,경기도 여주시 산북면 상품로 109,,G21001 / 산북면,미방문,
동원철물,경기도 광명시,철물점,,경기도 광명시 철산로30번길 19,,G21001 / 철산3동,미방문,
안재운카공업사,경기도 용인시 기흥구,공구점,,경기도 용인시 기흥구 흥덕2로65번길 12-12,,S20301 / 영덕1동,미방문,
진흥철물,경기도 수원시 권선구,철물점,,경기도 수원시 권선구 금호로245번길 8,,G21001 / 구운동,미방문,
딸기원철물,경기도 구리시,철물점,,경기도 구리시 딸기원중문길 9,,G21001 / 교문1동,미방문,
현대그린공업사,경기도 고양시 일산서구,공구점,,경기도 고양시 일산서구 일중로 11-1,,S20301 / 일산2동,미방문,
성심철물,경기도 부천시 원미구,철물점,,경기도 부천시 원미구 신흥로56번길 55,,G21001 / 심곡1동,미방문,
대유명부분정비공업사,경기도 부천시 소사구,공구점,,경기도 부천시 소사구 부광로 33,,S20301 / 역곡3동,미방문,
철물마스터,경기도 포천시,철물점,,경기도 포천시 가산면 정금로101번길 121-31,,G21202 / 가산면,미방문,
민철물,경기도 평택시,철물점,,경기도 평택시 장안외길 126,,G21001 / 송탄동,미방문,
일신철물,경기도 연천군,철물점,,경기도 연천군 전곡읍 은전로78번길 4,,G21001 / 전곡읍,미방문,
형제철물,경기도 안성시,철물점,,경기도 안성시 일죽면 주래본죽로 38,,G21001 / 일죽면,미방문,
진성철물,경기도 부천시 소사구,철물점,,경기도 부천시 소사구 범안로 59,,G21001 / 괴안동,미방문,
이목카정비공업사,경기도 수원시 장안구,공구점,,경기도 수원시 장안구 장안로 388,,S20301 / 파장동,미방문,
성도카공업사,경기도 남양주시,공구점,,경기도 남양주시 오남읍 진건오남로 711,,S20301 / 오남읍,미방문,
진우철물,경기도 양주시,철물점,,경기도 양주시 평화로 1251,,G21001 / 양주1동,미방문,
광진철물,경기도 평택시,철물점,,경기도 평택시 진위면 진위서로 100,,G21001 / 진위면,미방문,
대성공구마트,경기도 양주시,공구점,,경기도 양주시 광적면 부흥로 826,,G21001 / 광적면,미방문,
광주보링공업사,경기도 광주시,공구점,,경기도 광주시 매자리길 176-6,,S20301 / 오포2동,미방문,
삼홍건재약업사,경기도 남양주시,건자재점,,경기도 남양주시 별내면 송산로679번길 11,,G22199 / 별내면,미방문,
제일농자재,경기도 안산시 단원구,농자재점,,경기도 안산시 단원구 대남로 26-5,,G22199 / 대부동,미방문,
평촌정비공업사,경기도 안양시 동안구,공구점,,경기도 안양시 동안구 전파로 88,,S20301 / 호계2동,미방문,
조암종합철물건재,경기도 화성시,건자재점,,경기도 화성시 장안면 사랑길 87,,G21001 / 장안면,미방문,
마석공구철물점,경기도 남양주시,철물점,,경기도 남양주시 화도읍 경춘로 2334,,G21001 / 화도읍,미방문,
양성건재,경기도 안양시 만안구,건자재점,,경기도 안양시 만안구 성결대학로 22,,G21001 / 안양8동,미방문,
유가종합철물안전공구점,경기도 평택시,철물점,,경기도 평택시 도일유통길 27,,G21001 / 송탄동,미방문,
오대양공업사,경기도 고양시 일산동구,공구점,,경기도 고양시 일산동구 성현로431번길 73-17,,S20301 / 고봉동,미방문,
지우공구철물,경기도 하남시,철물점,,경기도 하남시 서하남로19번길 57,,G21001 / 감북동,미방문,
아리랑철물,경기도 군포시,철물점,,경기도 군포시 군포로 129,,G21001 / 대야동,미방문,
광창건재,경기도 광주시,건자재점,,경기도 광주시 광주대로 196,,G21001 / 송정동,미방문,
경남철물,경기도 양평군,철물점,,경기도 양평군 옥천면 고읍로 166,,G21001 / 옥천면,미방문,
동천건재철물,경기도 구리시,건자재점,,경기도 구리시 수택천로 17,,G21001 / 수택1동,미방문,
동성건재약업사,경기도 구리시,건자재점,,경기도 구리시 안골로63번길 14-24,,G22199 / 수택1동,미방문,
우리공구철물마트,경기도 양주시,철물점,,경기도 양주시 남면 화합로 572,,G21001 / 남면,미방문,
쌍용건재,경기도 광주시,건자재점,,경기도 광주시 곤지암읍 경충대로 687,,G21099 / 곤지암읍,미방문,
우신철물공구,경기도 김포시,철물점,,경기도 김포시 대곶면 대곶북로 226,,G21001 / 대곶면,미방문,
국가기능공업사,경기도 성남시 분당구,공구점,,경기도 성남시 분당구 장안로62번길 14,,S20301 / 분당동,미방문,
태성공업사,경기도 화성시,공구점,,경기도 화성시 양감면 토성로 504,,S20301 / 양감면,미방문,
경안철물,경기도 고양시 덕양구,철물점,,경기도 고양시 덕양구 혜음로 51,,G21001 / 고양동,미방문,
광희공업사,경기도 양주시,공구점,,경기도 양주시 백석읍 꿈나무로 172,,S20301 / 백석읍,미방문,
국민차공업사,경기도 김포시,공구점,,경기도 김포시 고촌읍 아라육로182번길 50,,S20301 / 고촌읍,미방문,
우성농자재,경기도 이천시,농자재점,,경기도 이천시 진상미로1913번길 5-7,,G21001 / 중리동,미방문,
계양농자재,경기도 부천시 오정구,농자재점,,경기도 부천시 오정구 평천로721번길 14-15,,G21001 / 신흥동,미방문,
창성종합철물건재,경기도 성남시 분당구,건자재점,,경기도 성남시 분당구 야탑로149번길 4-4,,G21001 / 야탑3동,미방문,
만물종합건재,경기도 안양시 만안구,건자재점,,경기도 안양시 만안구 만안로 189,,G21001 / 안양1동,미방문,
수원철물건재,경기도 수원시 권선구,건자재점,,경기도 수원시 권선구 구운중로 3,,G21001 / 구운동,미방문,
미주철물건재,경기도 남양주시,건자재점,,경기도 남양주시 화도읍 마석로 87-20,,G21001 / 화도읍,미방문,
대명공구철물상사,경기도 고양시 일산동구,철물점,,경기도 고양시 일산동구 장항로 333,,G21001 / 장항1동,미방문,
선일철물점,경기도 고양시 일산동구,철물점,,경기도 고양시 일산동구 장항로 261,,G21001 / 장항1동,미방문,
한국종합철물,경기도 안성시,철물점,,경기도 안성시 공도읍 대림동산길 114,,G21001 / 공도읍,미방문,
태화전기철물,경기도 부천시 원미구,철물점,,경기도 부천시 원미구 장말로 208,,G21001 / 상동,미방문,
서해철물건재종합상사,경기도 평택시,건자재점,,경기도 평택시 팽성읍 추팔산단로 37,,G21001 / 팽성읍,미방문,
대성철물대성쌀집,경기도 부천시 원미구,철물점,,경기도 부천시 원미구 부일로 667-4,,G21001 / 역곡2동,미방문,
와이카공업사,경기도 남양주시,공구점,,경기도 남양주시 경강로333번길 17-1,,S20301 / 양정동,미방문,
경기건재상사,경기도 안성시,건자재점,,경기도 안성시 밤골길 92,,G21099 / 안성3동,미방문,
당진철물종합설비,경기도 부천시 원미구,철물점,,경기도 부천시 원미구 부일로 646,,G21001 / 역곡2동,미방문,
오거리공업사,경기도 평택시,공구점,,경기도 평택시 안중읍 서동대로 1653,,S20301 / 안중읍,미방문,
형제철물,경기도 양평군,철물점,,경기도 양평군 양평읍 양평시장길 9,,G21001 / 양평읍,미방문,
이디안종합건재,경기도 양주시,건자재점,,경기도 양주시 백석읍 양주산성로 704,,G21001 / 백석읍,미방문,
우성공업사주,경기도 수원시 권선구,공구점,,경기도 수원시 권선구 매송고색로 779,,S20301 / 평동,미방문,
합동기계공구,경기도 여주시,공구점,,경기도 여주시 여양로 236,,G21001 / 오학동,미방문,
믿음철물,경기도 부천시 오정구,철물점,,경기도 부천시 오정구 역곡로482번길 160,,G21001 / 고강본동,미방문,
세신공구철물,경기도 광주시,철물점,,경기도 광주시 능평로 65,,G21001 / 능평동,미방문,
성남철물,경기도 성남시 중원구,철물점,,경기도 성남시 중원구 둔촌대로 244,,G21001 / 하대원동,미방문,
흥진공업사,경기도 고양시 덕양구,공구점,,경기도 고양시 덕양구 중앙로 270,,S20301 / 화전동,미방문,
우리카공업사,경기도 안양시 동안구,공구점,,경기도 안양시 동안구 엘에스로 92,,S20301 / 호계1동,미방문,
철물브라더,경기도 수원시 권선구,철물점,,경기도 수원시 권선구 효원로 198,,G21001 / 권선1동,미방문,
명성철물점,경기도 구리시,철물점,,경기도 구리시 검배로 90,,G21001 / 수택2동,미방문,
큰산철물,경기도 안산시 상록구,철물점,,경기도 안산시 상록구 용신로 449,,G21001 / 본오3동,미방문,
서울오토카공업사,경기도 김포시,공구점,,경기도 김포시 중봉로33번길 4,,S20301 / 김포본동,미방문,
충남철물,경기도 평택시,철물점,,경기도 평택시 평택로 168,,G21001 / 세교동,미방문,
삼성공업사,경기도 양평군,공구점,,경기도 양평군 양평읍 중앙로 85,,S20301 / 양평읍,미방문,
충북철물,경기도 의정부시,철물점,,경기도 의정부시 흥선로 114,,G21001 / 흥선동,미방문,
광명철물,경기도 광명시,철물점,,경기도 광명시 목감로268번길 15,,G21001 / 광명2동,미방문,
명성건재철물,경기도 안산시 상록구,건자재점,,경기도 안산시 상록구 송호1길 51,,G21001 / 이동,미방문,
사우철물설비,경기도 김포시,철물점,,경기도 김포시 관순로 25,,G21001 / 사우동,미방문,
대진공업사,경기도 포천시,공구점,,경기도 포천시 이동면 화동로 2148,,S20301 / 이동면,미방문,
현대공구철물,경기도 김포시,철물점,,경기도 김포시 대곶면 대곶북로 230,,G21001 / 대곶면,미방문,
우리철물.열쇠,경기도 안산시 단원구,철물점,,경기도 안산시 단원구 광덕대로 151,,G21001 / 호수동,미방문,
백석기계공구상사,경기도 양주시,공구점,,경기도 양주시 백석읍 부흥로1036번길 4,,G21001 / 백석읍,미방문,
용현철물,경기도 의정부시,철물점,,경기도 의정부시 오목로 24,,G21001 / 송산1동,미방문,
오포공구건재,경기도 광주시,공구점,,경기도 광주시 오포로 332,,G21001 / 오포1동,미방문,
안산종합건재,경기도 안산시 상록구,건자재점,,경기도 안산시 상록구 시낭로 31,,G21001 / 월피동,미방문,
충남철물건재열쇠전기,경기도 수원시 영통구,건자재점,,경기도 수원시 영통구 매영로 49,,G21001 / 매탄2동,미방문,
우리철물건재,경기도 양평군,건자재점,,경기도 양평군 양서면 경강로 1055-22,,G21001 / 양서면,미방문,
삼성공업사,경기도 이천시,공구점,,경기도 이천시 향교로107번길 31,,S20301 / 창전동,미방문,
성실카공업사,경기도 성남시 중원구,공구점,,경기도 성남시 중원구 희망로 389,,S20301 / 상대원2동,미방문,
서전철물,경기도 부천시 원미구,철물점,,경기도 부천시 원미구 부일로 698,,G21001 / 역곡2동,미방문,
삼성철물,경기도 평택시,철물점,,경기도 평택시 송월로32번길 8-4,,G21001 / 신장2동,미방문,
성우철물공구,경기도 시흥시,철물점,,경기도 시흥시 군자로 320,,G21001 / 군자동,미방문,
경기종합건재,경기도 평택시,건자재점,,경기도 평택시 포승읍 풀무골길 102,,G21001 / 포승읍,미방문,
프로카공업사,경기도 수원시 권선구,공구점,,경기도 수원시 권선구 곡반정로 49,,S20301 / 곡선동,미방문,
동영철물건재상사,경기도 용인시 처인구,건자재점,,경기도 용인시 처인구 금령로 181,,G21001 / 동부동,미방문,
현대공업사,경기도 성남시 분당구,공구점,,경기도 성남시 분당구 판교로715번길 5,,S20301 / 야탑3동,미방문,
대길종합건재,경기도 고양시 일산동구,건자재점,,경기도 고양시 일산동구 문봉길 131,,G21001 / 고봉동,미방문,
미래공업사,경기도 여주시,공구점,,경기도 여주시 가남읍 태평중앙1길 15-10,,S20301 / 가남읍,미방문,
서울영농자재상사,경기도 평택시,농자재점,,경기도 평택시 안중읍 안현로서2길 24,,G22199 / 안중읍,미방문,
창대철물,경기도 구리시,철물점,,경기도 구리시 동구릉로431번길 6,,G21001 / 동구동,미방문,
광림전기철물,경기도 안산시 단원구,철물점,,경기도 안산시 단원구 광덕3로 225,,G21001 / 호수동,미방문,
동양철물,경기도 의정부시,철물점,,경기도 의정부시 시민로 160,,G21001 / 의정부1동,미방문,
부흥철물,경기도 안산시 단원구,철물점,,경기도 안산시 단원구 부부로1길 11-8,,G21001 / 원곡동,미방문,
영광철물,경기도 화성시,철물점,,경기도 화성시 병점2로 11,,G21001 / 병점1동,미방문,
차사랑공업사,경기도 시흥시,공구점,,경기도 시흥시 역전로 205,,S20301 / 정왕본동,미방문,
그린정비공업사,경기도 용인시 처인구,공구점,,경기도 용인시 처인구 모현읍 백옥대로2438번길 1-16,,S20301 / 모현읍,미방문,
보람철물,경기도 군포시,철물점,,경기도 군포시 당동로12번길 1,,G21001 / 군포1동,미방문,
건영공구철물,경기도 파주시,철물점,,경기도 파주시 검산로 2,,G21001 / 금촌3동,미방문,
프로카공업사,경기도 화성시,공구점,,경기도 화성시 팔탄면 무하로 213-7,,S20301 / 팔탄면,미방문,
중앙철물열쇠,경기도 성남시 수정구,철물점,,경기도 성남시 수정구 수정북로35번길 2,,G21001 / 태평3동,미방문,
희망철물,경기도 남양주시,철물점,,경기도 남양주시 화도읍 수레로 1105-1,,G21001 / 화도읍,미방문,
대웅철물건재,경기도 군포시,건자재점,,경기도 군포시 군포로 481,,G21001 / 군포2동,미방문,
신길철물건재,경기도 안산시 단원구,건자재점,,경기도 안산시 단원구 신길중앙로1길 50,,G21001 / 신길동,미방문,
우진철물건재,경기도 동두천시,건자재점,,경기도 동두천시 중앙로 323,,G21001 / 중앙동,미방문,
모전철물건재,경기도 이천시,건자재점,,경기도 이천시 백사면 청백리로 50,,G21001 / 백사면,미방문,
태영카부분정비공업사,경기도 수원시 권선구,공구점,,경기도 수원시 권선구 경수대로352번길 12,,S20301 / 권선1동,미방문,
이레철물전기,경기도 수원시 장안구,철물점,,경기도 수원시 장안구 하률로25번길 6-12,,G21001 / 정자3동,미방문,
합동농기구수리,경기도 광주시,농자재점,,경기도 광주시 순암로 359,,S20699 / 광남1동,미방문,
올림픽정비공업사,경기도 연천군,공구점,,경기도 연천군 전곡읍 평화로 485,,S20301 / 전곡읍,미방문,
태일종합철물,경기도 고양시 덕양구,철물점,,경기도 고양시 덕양구 고양대로1384번길 7-11,,G21001 / 성사2동,미방문,
서울건재공구철물,경기도 이천시,건자재점,,경기도 이천시 장호원읍 장감로 17-2,,G21001 / 장호원읍,미방문,
한일전기철물,경기도 부천시 원미구,철물점,,경기도 부천시 원미구 신흥로39번길 34,,G21001 / 심곡3동,미방문,
월마트건축자재,경기도 양평군,건자재점,,경기도 양평군 양평읍 시민로 130,,G21099 / 양평읍,미방문,
보광철물점,경기도 성남시 수정구,철물점,,경기도 성남시 수정구 수정로120번길 38-1,,G21001 / 수진1동,미방문,
동진철물,경기도 여주시,철물점,,경기도 여주시 여흥로 168,,G21001 / 여흥동,미방문,
협동공업사,경기도 고양시 덕양구,공구점,,경기도 고양시 덕양구 화랑로 165,,S20301 / 화전동,미방문,
엘케이스피드카공업사,경기도 부천시 소사구,공구점,,경기도 부천시 소사구 소사로 221,,S20301 / 소사본동,미방문,
이노종합철물,경기도 시흥시,철물점,,경기도 시흥시 금오로 142,,G21001 / 과림동,미방문,
중앙카정비공업사,경기도 양주시,공구점,,경기도 양주시 칠봉산로 270-5,,S20301 / 회천1동,미방문,
경기철물,경기도 고양시 덕양구,철물점,,경기도 고양시 덕양구 화랑로 112,,G21001 / 화전동,미방문,
원주민철물점,경기도 하남시,철물점,,경기도 하남시 수리남로6번길 3,,G21001 / 덕풍2동,미방문,
시장철물,경기도 구리시,철물점,,경기도 구리시 안골로103번길 41,,G21001 / 수택1동,미방문,
경기종합건재,경기도 화성시,건자재점,,경기도 화성시 양감면 은행나무로 279,,G21001 / 양감면,미방문,
현대철물,경기도 양주시,철물점,,경기도 양주시 은현면 은현로 53,,G21001 / 은현면,미방문,
사거리건재.공구,경기도 화성시,공구점,,경기도 화성시 팔탄면 푸른들판로 679,,G21001 / 팔탄면,미방문,
형제철물건재,경기도 여주시,건자재점,,경기도 여주시 흥천면 장수정길 3,,G21001 / 흥천면,미방문,
종합철물,경기도 포천시,철물점,,경기도 포천시 소흘읍 호국로 770-1,,G21001 / 소흘읍,미방문,
양성건재,경기도 안성시,건자재점,,경기도 안성시 양성면 장터길 39,,G21001 / 양성면,미방문,
성호종합철물,경기도 평택시,철물점,,경기도 평택시 평택4로 111,,G21001 / 비전2동,미방문,
공명철물,경기도 광명시,철물점,,경기도 광명시 광명로831번길 9,,G21001 / 광명6동,미방문,
금산철물,경기도 성남시 수정구,철물점,,경기도 성남시 수정구 탄리로 119,,G21001 / 태평3동,미방문,
제일철물샷시부속,경기도 성남시 중원구,건자재점,,경기도 성남시 중원구 광명로 245-3,,G21001 / 중앙동,미방문,
열쇠철물전기생활용품,경기도 광명시,철물점,,경기도 광명시 안재로14번길 18-1,,G21302 / 하안1동,미방문,
해피카공업사,경기도 고양시 일산서구,공구점,,경기도 고양시 일산서구 일청로91번길 82,,S20301 / 일산1동,미방문,
삼경철물，건재,경기도 수원시 권선구,건자재점,,경기도 수원시 권선구 서호동로 47,,G21001 / 서둔동,미방문,
우림농약농자재마트,경기도 이천시,농자재점,,경기도 이천시 설성면 진상미로 206,,G22199 / 설성면,미방문,
목동철물건재,경기도 부천시 오정구,건자재점,,경기도 부천시 오정구 고강로40번길 70,,G21001 / 원종1동,미방문,
진가철물점,경기도 이천시,철물점,,경기도 이천시 모가면 진상미로 1303,,G21001 / 모가면,미방문,
철물공간,경기도 수원시 권선구,철물점,,경기도 수원시 권선구 권선로 764,,G21001 / 권선1동,미방문,
우성철물,경기도 광명시,철물점,,경기도 광명시 기아로 11,,G21001 / 소하2동,미방문,
서해공구상사,경기도 화성시,공구점,,경기도 화성시 정남면 만년로 463,,G21001 / 정남면,미방문,
한국농자재시험연구기관협회,경기도 수원시 팔달구,농자재점,,경기도 수원시 팔달구 수성로 92,,P10799 / 화서2동,미방문,
중앙철물,경기도 김포시,철물점,,경기도 김포시 봉화로 24,,G21001 / 사우동,미방문,
BT연흥공구，건재，지게차,경기도 포천시,공구점,,경기도 포천시 영중면 전영로1416번길 10,,G21001 / 영중면,미방문,
가나다카공업사,경기도 시흥시,공구점,,경기도 시흥시 역전로 309,,S20301 / 정왕2동,미방문,
대명철물,경기도 평택시,철물점,,경기도 평택시 지산1로 67-2,,G21001 / 송북동,미방문,
현대철물건재,경기도 안양시 만안구,건자재점,,경기도 안양시 만안구 안양로455번길 25,,G21001 / 석수2동,미방문,
21세기열쇠，철물,경기도 안양시 동안구,철물점,,경기도 안양시 동안구 관악대로 370,,G21001 / 관양동,미방문,
건웅철물건재앵글,경기도 남양주시,건자재점,,경기도 남양주시 오남읍 진건오남로 711,,G21001 / 오남읍,미방문,
제일철물,경기도 평택시,철물점,,경기도 평택시 서정역로 54,,G21001 / 중앙동,미방문,
대우철물설비,경기도 남양주시,철물점,,경기도 남양주시 와부읍 수레로 14,,G21001 / 와부읍,미방문,
신원철물건재,경기도 안산시 상록구,건자재점,,경기도 안산시 상록구 소학2길 2,,G21001 / 본오1동,미방문,
이레전기철물,경기도 의정부시,철물점,,경기도 의정부시 신흥로 144,,G21201 / 호원2동,미방문,
남성공업사,경기도 성남시 중원구,공구점,,경기도 성남시 중원구 광명로 152,,S20301 / 성남동,미방문,
명성종합건재,경기도 용인시 처인구,건자재점,,경기도 용인시 처인구 모현읍 백옥대로2438번길 1-24,,G21001 / 모현읍,미방문,
백남건재,경기도 평택시,건자재점,,경기도 평택시 오성면 숙성시장길 57,,G21001 / 오성면,미방문,
은하철물,경기도 구리시,철물점,,경기도 구리시 원수택로12번길 30,,G21001 / 수택2동,미방문,
현대톱철물건재,경기도 포천시,건자재점,,경기도 포천시 가산면 가산로 148,,G21001 / 가산면,미방문,
철물쟁이,경기도 남양주시,철물점,,경기도 남양주시 오남읍 진건오남로667번길 10,,G21001 / 오남읍,미방문,
전일전기;철물,경기도 의정부시,철물점,,경기도 의정부시 평화로440번길 6-7,,G21001 / 의정부1동,미방문,
천양철물건재,경기도 여주시,건자재점,,경기도 여주시 금사면 이포로 57,,G21001 / 금사면,미방문,
거북종합철물,경기도 수원시 장안구,철물점,,경기도 수원시 장안구 정조로934번길 40-3,,G21001 / 영화동,미방문,
소망철물,경기도 의왕시,철물점,,경기도 의왕시 부곡시장4길 15,,G21001 / 부곡동,미방문,
자이공구철물,경기도 광주시,철물점,,경기도 광주시 문화로 20-6,,G21001 / 경안동,미방문,
현대카서비스공업사,경기도 부천시 원미구,공구점,,경기도 부천시 원미구 조마루로97번길 33-10,,S20301 / 상2동,미방문,
은성철물,경기도 평택시,철물점,,경기도 평택시 평택5로34번길 6-8,,G21001 / 신평동,미방문,
서인공업사,경기도 고양시 일산동구,공구점,,경기도 고양시 일산동구 고양대로 904,,S20301 / 풍산동,미방문,
현대철물전기,경기도 부천시 원미구,철물점,,경기도 부천시 원미구 중동로254번길 71,,G21001 / 중1동,미방문,
열린농자재공구마트,경기도 안성시,농자재점,,경기도 안성시 대덕면 만세로 391,,G21001 / 대덕면,미방문,
대성철물,경기도 남양주시,철물점,,경기도 남양주시 진접읍 광릉내로 82,,G21001 / 진접읍,미방문,
매화철물인테리어,경기도 화성시,건자재점,,경기도 화성시 봉담읍 동화새터길 36,,G21001 / 봉담읍,미방문,
동명철물건재,경기도 하남시,건자재점,,경기도 하남시 하남대로 543,,G21001 / 천현동,미방문,
제일카공업사,경기도 군포시,공구점,,경기도 군포시 산본로234번안길 8,,S20301 / 군포1동,미방문,
성진카공업사,경기도 광주시,공구점,,경기도 광주시 순암로 93,,S20301 / 광남1동,미방문,
경기철물,경기도 남양주시,철물점,,경기도 남양주시 경춘로 811,,G21001 / 양정동,미방문,
현대종합건재,경기도 광주시,건자재점,,경기도 광주시 도척면 도척윗로 222,,G21001 / 도척면,미방문,
태안철물,경기도 부천시 소사구,철물점,,경기도 부천시 소사구 경인로 163,,G21001 / 송내2동,미방문,
여주현대공업사,경기도 여주시,공구점,,경기도 여주시 여주남로 16,,S20301 / 중앙동,미방문,
유창공업사,경기도 화성시,공구점,,경기도 화성시 향남읍 터넉골로 220,,S20301 / 향남읍,미방문,
대진철물,경기도 부천시 원미구,철물점,,경기도 부천시 원미구 부흥로 185,,G21001 / 중동,미방문,
행운철물,경기도 안산시 상록구,철물점,,경기도 안산시 상록구 석호로 209-1,,G21001 / 사동,미방문,
남영철물건재,경기도 의정부시,건자재점,,경기도 의정부시 동일로522번길 62,,G21001 / 신곡1동,미방문,
상원건재,경기도 성남시 중원구,건자재점,,경기도 성남시 중원구 금상로 52,,G21099 / 상대원3동,미방문,
명학열쇠종합철물,경기도 안양시 만안구,철물점,,경기도 안양시 만안구 안양로139번길 21,,G21001 / 안양6동,미방문,
용진카공업사,경기도 여주시,공구점,,경기도 여주시 점동면 장여로 1351-20,,S20301 / 점동면,미방문,
우신카공업사,경기도 안양시 만안구,공구점,,경기도 안양시 만안구 안양로 56,,S20301 / 안양8동,미방문,
삼양철물건재,경기도 김포시,건자재점,,경기도 김포시 월곶면 군하로 247,,G21001 / 월곶면,미방문,
청송철물건재,경기도 화성시,건자재점,,경기도 화성시 비봉면 비봉로 136-1,,G21001 / 비봉면,미방문,
동일철물,경기도 용인시 처인구,철물점,,경기도 용인시 처인구 원삼면 고당로 25,,G21001 / 원삼면,미방문,
현대공업사,경기도 용인시 처인구,공구점,,경기도 용인시 처인구 원삼면 원양로 36,,S20301 / 원삼면,미방문,
일급내유현대공업사,경기도 고양시 덕양구,공구점,,경기도 고양시 덕양구 통일로1031번길 494,,S20301 / 관산동,미방문,
코끼리철물,경기도 안양시 동안구,철물점,,경기도 안양시 동안구 동안로 101,,G21001 / 범계동,미방문,
만송대명1급공업사,경기도 양주시,공구점,,경기도 양주시 만삼로 56,,S20301 / 양주2동,미방문,
마도공구마트,경기도 화성시,공구점,,경기도 화성시 마도면 송정로 4,,G21001 / 마도면,미방문,
은행카공업사,경기도 성남시 수정구,공구점,,경기도 성남시 수정구 논골로 17-1,,S20301 / 단대동,미방문,
동양기계공구,경기도 수원시 팔달구,공구점,,경기도 수원시 팔달구 매산로 153,,G21001 / 행궁동,미방문,
대성철물,경기도 수원시 권선구,철물점,,경기도 수원시 권선구 상탑로 93,,G21001 / 서둔동,미방문,
용현철물점,경기도 부천시 오정구,철물점,,경기도 부천시 오정구 원종로119번길 95,,G21001 / 고강1동,미방문,
일성건재,경기도 시흥시,건자재점,,경기도 시흥시 군서마을로 4,,G21001 / 정왕본동,미방문,
제일철물,경기도 성남시 수정구,철물점,,경기도 성남시 수정구 산성대로269번길 15,,G21001 / 신흥3동,미방문,
우진공구철물상사,경기도 양주시,철물점,,경기도 양주시 백석읍 부흥로 977,,G21001 / 백석읍,미방문,
경기남부카공업사,경기도 광주시,공구점,,경기도 광주시 오포로 423,,S20301 / 오포1동,미방문,
청계종합공구철물,경기도 남양주시,철물점,,경기도 남양주시 진접읍 금강로 983,,G21001 / 진접읍,미방문,
한강종합철물,경기도 김포시,철물점,,경기도 김포시 김포한강8로 420,,G21001 / 구래동,미방문,
계양종합철물,경기도 이천시,철물점,,경기도 이천시 마장면 오천로24번길 6-5,,G21001 / 마장면,미방문,
부흥건재철물,경기도 안산시 상록구,건자재점,,경기도 안산시 상록구 감골로 205,,G21001 / 사동,미방문,
영진철물건재,경기도 이천시,건자재점,,경기도 이천시 설성면 설가로 8,,G21001 / 설성면,미방문,
대명농자재,경기도 안양시 동안구,농자재점,,경기도 안양시 동안구 흥안대로 313,,G22199 / 귀인동,미방문,
제일철물,경기도 안양시 만안구,철물점,,경기도 안양시 만안구 냉천로 203,,G21001 / 안양4동,미방문,
한솥도시락파주LCD8공구점,경기도 파주시,공구점,,경기도 파주시 월롱면 엘씨디로 6,,I20101 / 월롱면,미방문,
북수원공업사,경기도 수원시 장안구,공구점,,경기도 수원시 장안구 경수대로 1229,,S20301 / 파장동,미방문,
세신전기철물조명,경기도 용인시 기흥구,건자재점,,경기도 용인시 기흥구 용구대로 2362,,G21001 / 마북동,미방문,
기린철물,경기도 용인시 처인구,철물점,,경기도 용인시 처인구 묵동로 53-14,,G21001 / 동부동,미방문,
야베스카공업사,경기도 남양주시,공구점,,경기도 남양주시 진접읍 경복대로197번길 3,,S20301 / 진접읍,미방문,
삼일공업사,경기도 안성시,공구점,,경기도 안성시 안성맞춤대로 741,,S20301 / 안성2동,미방문,
철물,경기도 용인시 수지구,철물점,,경기도 용인시 수지구 문인로31번길 10,,G21001 / 풍덕천1동,미방문,
대진철물집수리,경기도 남양주시,철물점,,경기도 남양주시 미금로56번길 5-2,,G21001 / 다산1동,미방문,
대성공업사,경기도 김포시,공구점,,경기도 김포시 양촌읍 황금로24번길 62,,S20301 / 양촌읍,미방문,
대성철물,경기도 동두천시,철물점,,경기도 동두천시 원터강변로 52-1,,G21001 / 소요동,미방문,
만능열쇠철물,경기도 안양시 동안구,철물점,,경기도 안양시 동안구 경수대로898번길 59,,G21001 / 비산2동,미방문,
도척종합건재상사,경기도 광주시,건자재점,,경기도 광주시 도척면 도척윗로 824,,G21001 / 도척면,미방문,
율전종합건재,경기도 수원시 장안구,건자재점,,경기도 수원시 장안구 율전로98번길 17-1,,G21001 / 율천동,미방문,
동서카공업사,경기도 성남시 중원구,공구점,,경기도 성남시 중원구 산성대로 536,,S20301 / 은행2동,미방문,
대일철물건재,경기도 연천군,건자재점,,경기도 연천군 연천읍 연천로 294,,G21001 / 연천읍,미방문,
대박전기철물,경기도 수원시 팔달구,철물점,,경기도 수원시 팔달구 팔달문로 89,,G21001 / 지동,미방문,
일오삼철물,경기도 하남시,철물점,,경기도 하남시 역말로 27,,G21001 / 덕풍1동,미방문,
삼성공구상사,경기도 광주시,공구점,,경기도 광주시 역동로 36,,G21001 / 경안동,미방문,
진양공구상사,경기도 오산시,공구점,,경기도 오산시 오산로 188,,G21001 / 대원1동,미방문,
동부카공업사,경기도 남양주시,공구점,,경기도 남양주시 진접읍 금강로 973,,S20301 / 진접읍,미방문,
안산철물365,경기도 안산시 단원구,철물점,,경기도 안산시 단원구 선삼로 14-1,,G21001 / 선부3동,미방문,
남동종합건재,경기도 이천시,건자재점,,경기도 이천시 이섭대천로 1181,,G21001 / 중리동,미방문,
경기종합철물,경기도 양주시,철물점,,경기도 양주시 남면 개나리길 21,,G21001 / 남면,미방문,
서해농자재,경기도 화성시,농자재점,,경기도 화성시 장안면 포승향남로 2168,,G21001 / 장안면,미방문,
한독철물,경기도 군포시,철물점,,경기도 군포시 산본로323번길 23,,G21001 / 광정동,미방문,
현대철물종합상사,경기도 양평군,철물점,,경기도 양평군 서종면 중미산로 14,,G21001 / 서종면,미방문,
삼성철물건재,경기도 안산시 단원구,건자재점,,경기도 안산시 단원구 와동로 51,,G21001 / 와동,미방문,
대성전기철물,경기도 화성시,철물점,,경기도 화성시 효행로 1152,,G21001 / 진안동,미방문,
신공구철물건재,경기도 화성시,건자재점,,경기도 화성시 송산면 송산로 5,,G21001 / 송산면,미방문,
현수종합철물인테리어,경기도 구리시,건자재점,,경기도 구리시 이문안로 93,,G21001 / 수택2동,미방문,
송탄철물점,경기도 평택시,철물점,,경기도 평택시 탄현로336번길 15,,G21001 / 송북동,미방문,
대한공업사주,경기도 평택시,공구점,,경기도 평택시 평남로 200-11,,S20301 / 원평동,미방문,
우정공업사,경기도 용인시 처인구,공구점,,경기도 용인시 처인구 양지면 중부대로 1959-1,,S20301 / 양지면,미방문,
부전부분정비공업사,경기도 부천시 오정구,공구점,,경기도 부천시 오정구 부천로478번길 50,,S20301 / 오정동,미방문,
대반공업사,경기도 평택시,공구점,,경기도 평택시 안중읍 대반2길 27,,S20699 / 안중읍,미방문,
강원철물공구,경기도 구리시,철물점,,경기도 구리시 경춘로 77,,G21001 / 교문1동,미방문,
형제철물,경기도 여주시,철물점,,경기도 여주시 가남읍 여주남로 1229,,G21001 / 가남읍,미방문,
소사철물공구,경기도 부천시 원미구,철물점,,경기도 부천시 원미구 부일로 565,,G21001 / 소사동,미방문,
대성공구철물,경기도 광주시,철물점,,경기도 광주시 초월읍 동막골길 3,,G21001 / 초월읍,미방문,
광복철물,경기도 이천시,철물점,,경기도 이천시 영창로159번길 12-4,,G21001 / 관고동,미방문,
배관보일러철물,경기도 화성시,철물점,,경기도 화성시 향남읍 배터길 10,,G21001 / 향남읍,미방문,
부광카공업사,경기도 시흥시,공구점,,경기도 시흥시 경제로 143,,S20301 / 정왕2동,미방문,
백운건재,경기도 의왕시,건자재점,,경기도 의왕시 안양판교로 245,,G21099 / 청계동,미방문,
차사랑카공업사,경기도 고양시 일산동구,공구점,,경기도 고양시 일산동구 강송로74번길 37-1,,S20301 / 백석1동,미방문,
영화철물,경기도 안산시 상록구,철물점,,경기도 안산시 상록구 실록길 16,,G21001 / 이동,미방문,
명차공업사,경기도 용인시 기흥구,공구점,,경기도 용인시 기흥구 중부대로746번길 14-12,,S20301 / 상하동,미방문,
태창카공업사,경기도 수원시 권선구,공구점,,경기도 수원시 권선구 정조로 334,,S20301 / 권선2동,미방문,
가온철물,경기도 용인시 처인구,철물점,,경기도 용인시 처인구 포곡읍 곡현로167번길 36-4,,G21001 / 포곡읍,미방문,
한대전기철물,경기도 안산시 상록구,철물점,,경기도 안산시 상록구 광덕1로 355,,G21001 / 이동,미방문,
현대카공업사,경기도 시흥시,공구점,,경기도 시흥시 금오로 470,,S20301 / 과림동,미방문,
대교공구마트,경기도 양평군,공구점,,경기도 양평군 양평읍 양근강변길 32,,G21001 / 양평읍,미방문,
가람철물,경기도 안산시 단원구,철물점,,경기도 안산시 단원구 달미로 110,,G21001 / 선부3동,미방문,
남동대형공업사,경기도 광주시,공구점,,경기도 광주시 초월읍 산수로 46,,S20301 / 초월읍,미방문,
월곶철물건재,경기도 김포시,건자재점,,경기도 김포시 월곶면 군하로 275,,G21001 / 월곶면,미방문,
우성철물,경기도 남양주시,철물점,,경기도 남양주시 별내중앙로 84,,G21001 / 별내동,미방문,
신명철물,경기도 남양주시,철물점,,경기도 남양주시 진접읍 장현로 134-2,,G21001 / 진접읍,미방문,
따봉농기구수리센타,경기도 파주시,농자재점,,경기도 파주시 파주읍 통일로 1604-26,,S20699 / 파주읍,미방문,
동아철물열쇠도장,경기도 고양시 일산동구,철물점,,경기도 고양시 일산동구 무궁화로 43-55,,G21001 / 장항2동,미방문,
우신건재상사,경기도 용인시 기흥구,건자재점,,경기도 용인시 기흥구 중부대로 668,,G21001 / 상하동,미방문,
신동아철물장식건축자재,경기도 평택시,건자재점,,경기도 평택시 송탄로 231,,G21001 / 서정동,미방문,
만복철물,경기도 김포시,철물점,,경기도 김포시 양촌읍 양곡1로 27,,G21001 / 양촌읍,미방문,
태영농자재,경기도 남양주시,농자재점,,경기도 남양주시 진건읍 진관로545번길 19-7,,G22199 / 진건읍,미방문,
마니공구.철물,경기도 화성시,철물점,,경기도 화성시 서신면 마도로 15,,G21001 / 서신면,미방문,
대성철물,경기도 시흥시,철물점,,경기도 시흥시 함송로13번길 16-8,,G21001 / 정왕4동,미방문,
대성건재,경기도 용인시 처인구,건자재점,,경기도 용인시 처인구 원삼면 고당로 41,,G21001 / 원삼면,미방문,
규카공업사,경기도 안양시 만안구,공구점,,경기도 안양시 만안구 석천로159번길 6-7,,S20301 / 석수2동,미방문,
중앙철물철재,경기도 연천군,철물점,,경기도 연천군 연천읍 연천로 381,,G21001 / 연천읍,미방문,
세종공구철물,경기도 성남시 수정구,철물점,,경기도 성남시 수정구 대왕판교로 930,,G21001 / 고등동,미방문,
영동철물,경기도 평택시,철물점,,경기도 평택시 평택로 269,,G21001 / 세교동,미방문,
부영철물,경기도 안성시,철물점,,경기도 안성시 미양면 신두만곡로 927-14,,G21001 / 미양면,미방문,
일산형제철물전기공구,경기도 고양시 일산서구,철물점,,경기도 고양시 일산서구 일중로 73,,G21001 / 일산2동,미방문,
거성철물,경기도 의정부시,철물점,,경기도 의정부시 상금로 35-4,,G21001 / 자금동,미방문,
영득공구철물,경기도 화성시,철물점,,경기도 화성시 서신면 화성로 3,,G21001 / 서신면,미방문,
강동카공업사,경기도 하남시,공구점,,경기도 하남시 대성로 21,,S20301 / 춘궁동,미방문,
제일철물,경기도 고양시 일산동구,철물점,,경기도 고양시 일산동구 고봉로 616,,G21001 / 고봉동,미방문,
창대공업사,경기도 성남시 중원구,공구점,,경기도 성남시 중원구 마지로155번길 22,,G21202 / 하대원동,미방문,
평화정비공업사,경기도 용인시 처인구,공구점,,경기도 용인시 처인구 모현읍 곡현로 621,,S20301 / 모현읍,미방문,
윤진종합철물수리,경기도 의정부시,철물점,,경기도 의정부시 호국로1291번길 37,,G21001 / 의정부1동,미방문,
삼정철물,경기도 부천시 원미구,철물점,,경기도 부천시 원미구 원미로 23,,G21001 / 심곡2동,미방문,
대흥철물건재,경기도 부천시 오정구,건자재점,,경기도 부천시 오정구 원종로 108,,G21001 / 고강1동,미방문,
서울철물.건재,경기도 용인시 기흥구,건자재점,,경기도 용인시 기흥구 흥덕2로75번길 34,,G21001 / 영덕1동,미방문,
장능종합철물,경기도 김포시,철물점,,경기도 김포시 김포대로761번길 53,,G21001 / 사우동,미방문,
신진철물,경기도 부천시 소사구,철물점,,경기도 부천시 소사구 경인로 311,,G21001 / 심곡본동,미방문,
삼성철물설비.인테리어,경기도 안산시 상록구,건자재점,,경기도 안산시 상록구 원당골1길 14-10,,G21001 / 안산동,미방문,
진흥철물,경기도 평택시,철물점,,경기도 평택시 오성면 원숙성2길 1,,G21001 / 오성면,미방문,
두영기계공구,경기도 여주시,공구점,,경기도 여주시 여흥로11번길 19,,G21001 / 중앙동,미방문,
조암철물,경기도 수원시 장안구,철물점,,경기도 수원시 장안구 영화로26번길 20,,G21001 / 영화동,미방문,
광진공업사,경기도 김포시,공구점,,경기도 김포시 월곶면 월하로 61,,S20301 / 월곶면,미방문,
신흥철물,경기도 양평군,철물점,,경기도 양평군 양서면 북한강로 19,,G21001 / 양서면,미방문,
주내공구철물,경기도 파주시,철물점,,경기도 파주시 파주읍 정문로 828,,G21001 / 파주읍,미방문,
달구지공업사,경기도 양주시,공구점,,경기도 양주시 칠봉산로168번길 95,,S20301 / 회천1동,미방문,
성신철물,경기도 화성시,철물점,,경기도 화성시 팔탄면 시청로 934-4,,G21001 / 팔탄면,미방문,
마스타공업사,경기도 고양시 일산동구,공구점,,경기도 고양시 일산동구 장항로 307,,S20301 / 장항1동,미방문,
강남전기철물,경기도 여주시,철물점,,경기도 여주시 청심로 68,,G21001 / 중앙동,미방문,
경기철물,경기도 파주시,철물점,,경기도 파주시 적성면 청송로 900,,G21001 / 적성면,미방문,
마스타공업사,경기도 수원시 권선구,공구점,,경기도 수원시 권선구 칠보로 119,,S20301 / 호매실동,미방문,
진성공구철물,경기도 안성시,철물점,,경기도 안성시 미양면 신두만곡로 927-14,,G21001 / 미양면,미방문,
이형카공업사,경기도 화성시,공구점,,경기도 화성시 장안면 돌서지길 144,,S20301 / 장안면,미방문,
태양철물건재,경기도 안양시 만안구,건자재점,,경기도 안양시 만안구 냉천로 21,,G21001 / 안양8동,미방문,
삼보철물,경기도 군포시,철물점,,경기도 군포시 금산로 3,,G21001 / 금정동,미방문,
인성철물,경기도 고양시 일산서구,철물점,,경기도 고양시 일산서구 일산로636번길 51-20,,G21001 / 대화동,미방문,
삼화철물건재,경기도 안산시 상록구,건자재점,,경기도 안산시 상록구 안산대학로 179,,G21001 / 일동,미방문,
대명철물,경기도 시흥시,철물점,,경기도 시흥시 정왕천로427번길 27-1,,G21001 / 정왕본동,미방문,
상동철물,경기도 부천시 원미구,철물점,,경기도 부천시 원미구 조마루로97번길 33-6,,G21001 / 상2동,미방문,
화성공구철물안전,경기도 화성시,철물점,,경기도 화성시 남양읍 주석로 82,,G21001 / 남양읍,미방문,
국제철물.공구.건재,경기도 화성시,건자재점,,경기도 화성시 경기동로 485,,G21001 / 동탄8동,미방문,
우진집수리전기철물,경기도 화성시,철물점,,경기도 화성시 송산면 사강시장길 71,,G21201 / 송산면,미방문,
신흥철물,경기도 성남시 중원구,철물점,,경기도 성남시 중원구 제일로35번길 28,,G21001 / 성남동,미방문,
정평종합철물,경기도 용인시 수지구,철물점,,경기도 용인시 수지구 만현로 88,,G21001 / 상현2동,미방문,
이일공구상사,경기도 성남시 수정구,공구점,,경기도 성남시 수정구 제일로 129,,G21001 / 수진2동,미방문,
진영공업사,경기도 용인시 처인구,공구점,,경기도 용인시 처인구 이동읍 백옥대로 182,,S20301 / 이동읍,미방문,
금오종합철물,경기도 화성시,철물점,,경기도 화성시 봉담읍 최루백로 432,,G21001 / 봉담읍,미방문,
덕정카공업사,경기도 양주시,공구점,,경기도 양주시 화합로1402번길 10-7,,S20301 / 회천1동,미방문,
흥일철물,경기도 성남시 분당구,철물점,,경기도 성남시 분당구 장안로52번길 5,,G21001 / 분당동,미방문,
현대공업사,경기도 용인시 처인구,공구점,,경기도 용인시 처인구 모현읍 포은대로 225-2,,S20301 / 모현읍,미방문,
양산카공업사,경기도 오산시,공구점,,경기도 오산시 양산로 344,,S20301 / 세마동,미방문,
천보철물,경기도 의정부시,철물점,,경기도 의정부시 호국로1483번길 10-15,,G21001 / 자금동,미방문,
금곡철물점,경기도 평택시,철물점,,경기도 평택시 안중읍 서해로 1218,,G21001 / 안중읍,미방문,
성신철물샷시,경기도 부천시 원미구,건자재점,,경기도 부천시 원미구 원미로57번길 15-1,,G21001 / 원미2동,미방문,
간매철물점,경기도 여주시,철물점,,경기도 여주시 강천면 강문로 601,,G21001 / 강천면,미방문,
우리철물,경기도 하남시,철물점,,경기도 하남시 신장로149번길 3,,G21001 / 덕풍2동,미방문,
성남건재공구,경기도 고양시 덕양구,공구점,,경기도 고양시 덕양구 혜음로 164,,G21099 / 고양동,미방문,
동일공업사,경기도 양주시,공구점,,경기도 양주시 화합로1325번길 123-18,,N11199 / 회천1동,미방문,
관양철물건재,경기도 안양시 동안구,건자재점,,경기도 안양시 동안구 흥안대로517번길 42,,G21001 / 인덕원동,미방문,
동남정비공업사,경기도 하남시,공구점,,경기도 하남시 초이로 149,,S20301 / 초이동,미방문,
정우종합공사&수동철물,경기도 남양주시,철물점,,경기도 남양주시 수동면 비룡로 744,,G21001 / 수동면,미방문,
흥진카공업사,경기도 화성시,공구점,,경기도 화성시 봉담읍 시청로 1509,,S20301 / 봉담읍,미방문,
도곡철물,경기도 남양주시,철물점,,경기도 남양주시 와부읍 덕소로 273,,G21001 / 와부읍,미방문,
대진종합건재,경기도 화성시,건자재점,,경기도 화성시 동탄지성로 410,,G21001 / 반월동,미방문,
동탄농자재농사넷,경기도 화성시,농자재점,,경기도 화성시 금곡로 195-9,,G22199 / 동탄6동,미방문,
문형건재,경기도 광주시,건자재점,,경기도 광주시 문현로 1-3,,G21099 / 오포1동,미방문,
동천철물건재,경기도 용인시 수지구,건자재점,,경기도 용인시 수지구 고기로 203,,G21001 / 동천동,미방문,
대원전기철물,경기도 성남시 수정구,철물점,,경기도 성남시 수정구 수정남로 71-1,,G21001 / 수진1동,미방문,
대명전기철물,경기도 안산시 단원구,철물점,,경기도 안산시 단원구 화정천동로 450,,G21001 / 와동,미방문,
하남공업사,경기도 하남시,공구점,,경기도 하남시 하남대로654번길 24-38,,S20301 / 천현동,미방문,
나라냉동공업사,경기도 광주시,공구점,,경기도 광주시 경충대로 1954,,S20301 / 광남1동,미방문,
대신철물건재,경기도 군포시,건자재점,,경기도 군포시 대야1로22번길 3,,G21001 / 대야동,미방문,
신안철물,경기도 안산시 상록구,철물점,,경기도 안산시 상록구 반석로 54,,G21001 / 본오2동,미방문,
효성철물,경기도 구리시,철물점,,경기도 구리시 체육관로161번길 9,,G21001 / 교문1동,미방문,
유경철물건재,경기도 포천시,건자재점,,경기도 포천시 내촌면 내촌로56번길 5,,G21001 / 내촌면,미방문,
원대철물점,경기도 용인시 처인구,철물점,,경기도 용인시 처인구 백암면 백암로 203,,S20699 / 백암면,미방문,
멍청이공업사,경기도 용인시 처인구,공구점,,경기도 용인시 처인구 양지면 중부대로 2038-22,,S20301 / 양지면,미방문,
안성철물,경기도 용인시 처인구,철물점,,경기도 용인시 처인구 금령로 25,,G21001 / 중앙동,미방문,
시장철물,경기도 평택시,철물점,,경기도 평택시 팽성읍 안정쇼핑로 69,,G21001 / 팽성읍,미방문,
지정철물,경기도 성남시 중원구,철물점,,경기도 성남시 중원구 둔촌대로135번길 21,,G21001 / 성남동,미방문,
종합보수OK철물,경기도 성남시 중원구,철물점,,경기도 성남시 중원구 도촌로7번길 3-15,,G21001 / 도촌동,미방문,
한솔전기철물,경기도 안산시 단원구,철물점,,경기도 안산시 단원구 와동로 16,,G21001 / 와동,미방문,
대산철물,경기도 연천군,철물점,,경기도 연천군 신서면 도대로3번길 42,,G21001 / 신서면,미방문,
송정철물건재,경기도 이천시,건자재점,,경기도 이천시 증신로 313,,G21001 / 증포동,미방문,
서원철물전기,경기도 수원시 팔달구,철물점,,경기도 수원시 팔달구 팔달문로163번길 28,,G21201 / 우만1동,미방문,
중앙철물,경기도 안산시 단원구,철물점,,경기도 안산시 단원구 고잔로 112,,G21001 / 중앙동,미방문,
화산철물지업,경기도 화성시,철물점,,경기도 화성시 효행로763번길 19,,G21001 / 화산동,미방문,
광복카센타전문정비공업사,경기도 광명시,공구점,,경기도 광명시 시청로 31-1,,S20301 / 철산2동,미방문,
고양철물,경기도 고양시 일산서구,철물점,,경기도 고양시 일산서구 원일로 116-6,,G21001 / 일산2동,미방문,
성원공업사,경기도 파주시,공구점,,경기도 파주시 탑삭골1길 62,,S20301 / 운정4동,미방문,
광덕철물,경기도 구리시,철물점,,경기도 구리시 안골로 89-9,,G21001 / 수택1동,미방문,
기광철물공구,경기도 부천시 원미구,철물점,,경기도 부천시 원미구 장말로 286-1,,G21001 / 심곡3동,미방문,
큐엔씨공구마트,경기도 평택시,공구점,,경기도 평택시 청북읍 청북남로 260,,G21001 / 청북읍,미방문,
제일철물건재,경기도 안산시 단원구,건자재점,,경기도 안산시 단원구 신길중앙로1길 20,,G21001 / 신길동,미방문,
현대오토랜드1급공업사,경기도 동두천시,공구점,,경기도 동두천시 상패로 5,,S20301 / 상패동,미방문,
송산철물,경기도 의정부시,철물점,,경기도 의정부시 송산로995번길 41,,G21001 / 고산동,미방문,
한일정비공업사,경기도 의정부시,공구점,,경기도 의정부시 동일로 524-1,,S20301 / 신곡1동,미방문,
신광철물,경기도 안산시 상록구,철물점,,경기도 안산시 상록구 본원로 98,,G21001 / 본오1동,미방문,
신일철물,경기도 고양시 일산서구,철물점,,경기도 고양시 일산서구 덕산로104번길 52,,G21001 / 가좌동,미방문,
으뜸농자재,경기도 김포시,농자재점,,경기도 김포시 양촌읍 양곡2로 93,,G21001 / 양촌읍,미방문,
하나공업사,경기도 남양주시,공구점,,경기도 남양주시 경춘로 724,,S20301 / 양정동,미방문,
신흥1급정비공업사,경기도 시흥시,공구점,,경기도 시흥시 공단1대로195번길 10,,S20301 / 정왕2동,미방문,
미진공업사,경기도 김포시,공구점,,경기도 김포시 대곶면 황금1로 337,,S20301 / 대곶면,미방문,
용상철물건재,경기도 동두천시,건자재점,,경기도 동두천시 평화로 2204,,G21001 / 송내동,미방문,
동서울철물,경기도 하남시,철물점,,경기도 하남시 검단남로 8,,G21001 / 천현동,미방문,
대지농자재,경기도 포천시,농자재점,,경기도 포천시 가산면 가산로 152,,G22199 / 가산면,미방문,
삼보건재철물,경기도 이천시,건자재점,,경기도 이천시 마장면 서이천로 40,,G21001 / 마장면,미방문,
우리전기;철물,경기도 용인시 수지구,철물점,,경기도 용인시 수지구 현암로 108,,G21001 / 죽전1동,미방문,
현대종합철물,경기도 광명시,철물점,,경기도 광명시 연서로 12,,G21001 / 철산2동,미방문,
금산건재,경기도 고양시 일산동구,건자재점,,경기도 고양시 일산동구 지영로181번길 73,,G21001 / 고봉동,미방문,
차병원공업사,경기도 파주시,공구점,,경기도 파주시 독암길 15,,S20301 / 금촌1동,미방문,
만도공업사,경기도 성남시 중원구,공구점,,경기도 성남시 중원구 금빛로69번길 1,,S20301 / 금광2동,미방문,
모리스카공업사,경기도 성남시 분당구,공구점,,경기도 성남시 분당구 내정로129번길 15,,S20301 / 정자동,미방문,
현대공업사,경기도 파주시,공구점,,경기도 파주시 솔아래길 141,,S20301 / 운정4동,미방문,
청안철물,경기도 여주시,철물점,,경기도 여주시 점동면 청안로 128,,G21001 / 점동면,미방문,
금광설비철물,경기도 여주시,철물점,,경기도 여주시 세종로13번길 34-4,,G21001 / 여흥동,미방문,
데후카공업사,경기도 이천시,공구점,,경기도 이천시 부발읍 중부대로 1576-1,,S20301 / 부발읍,미방문,
김포철물,경기도 안산시 상록구,철물점,,경기도 안산시 상록구 반석로 5,,G21001 / 본오3동,미방문,
대성철물,경기도 양평군,철물점,,경기도 양평군 양평읍 공흥수청길 2,,G21001 / 양평읍,미방문,
청우전기철물,경기도 군포시,철물점,,경기도 군포시 번영로 505,,G21001 / 광정동,미방문,
안산카공업사,경기도 안산시 단원구,공구점,,경기도 안산시 단원구 화정천동로8길 20,,S20301 / 와동,미방문,
성민철물점,경기도 부천시 오정구,철물점,,경기도 부천시 오정구 소사로862번길 99-3,,G21001 / 원종1동,미방문,
재현철물건재,경기도 동두천시,건자재점,,경기도 동두천시 평화로 2653,,G21001 / 소요동,미방문,
정진공구철물,경기도 시흥시,철물점,,경기도 시흥시 시흥대로 942-1,,G21001 / 신현동,미방문,
동현공구철물,경기도 시흥시,철물점,,경기도 시흥시 복지로 63,,G21001 / 대야동,미방문,
럭키철물건재,경기도 남양주시,건자재점,,경기도 남양주시 별내면 청학로 57,,G21001 / 별내면,미방문,
대동3급공업사,경기도 고양시 일산동구,공구점,,경기도 고양시 일산동구 사리현로 6,,S20301 / 식사동,미방문,
대흥전기철물,경기도 부천시 소사구,철물점,,경기도 부천시 소사구 경인로 102,,G21001 / 송내2동,미방문,
금성철물공구,경기도 포천시,철물점,,경기도 포천시 영중면 양문로 55,,G21001 / 영중면,미방문,
형제카공업사,경기도 안산시 상록구,공구점,,경기도 안산시 상록구 각골로 45,,S20301 / 본오2동,미방문,
삼용철물,경기도 평택시,철물점,,경기도 평택시 평택4로 6,,G21001 / 신평동,미방문,
세진공구철물,경기도 용인시 수지구,철물점,,경기도 용인시 수지구 풍덕천로 164,,G21001 / 풍덕천1동,미방문,
등대종합철물,경기도 김포시,철물점,,경기도 김포시 태장로 784,,G21001 / 장기동,미방문,
동일설비철물,경기도 부천시 소사구,철물점,,경기도 부천시 소사구 경인로9번길 59-1,,G21001 / 송내1동,미방문,
해담철물,경기도 수원시 팔달구,철물점,,경기도 수원시 팔달구 월드컵로357번길 8-2,,G21001 / 우만1동,미방문,
제일농자재,경기도 안산시 단원구,농자재점,,경기도 안산시 단원구 도일로 100,,G22199 / 신길동,미방문,
낙생철물,경기도 용인시 수지구,철물점,,경기도 용인시 수지구 호수로126번길 64-26,,G21001 / 동천동,미방문,
비전종합철물건재,경기도 평택시,건자재점,,경기도 평택시 서재7길 25,,G21001 / 동삭동,미방문,
대명공업사，대명렉카,경기도 여주시,공구점,,경기도 여주시 세종로 173-48,,S20301 / 여흥동,미방문,
금강공업사,경기도 김포시,공구점,,경기도 김포시 양촌읍 향동로 8,,S20301 / 양촌읍,미방문,
청솔정비공업사,경기도 오산시,공구점,,경기도 오산시 오산로 163,,S20301 / 대원1동,미방문,
상일종합건재,경기도 고양시 일산동구,건자재점,,경기도 고양시 일산동구 호수로446번길 35,,G21001 / 백석2동,미방문,
구상철물공구상사,경기도 시흥시,철물점,,경기도 시흥시 금오로 336,,G21001 / 과림동,미방문,
대영종합건재,경기도 안산시 단원구,건자재점,,경기도 안산시 단원구 상동로 76,,G21099 / 대부동,미방문,
가곡종합건재,경기도 남양주시,건자재점,,경기도 남양주시 화도읍 비룡로 320,,G21001 / 화도읍,미방문,
대원철물,경기도 부천시 소사구,철물점,,경기도 부천시 소사구 경인로150번길 18,,S20699 / 송내2동,미방문,
매일종합공구상사,경기도 수원시 팔달구,공구점,,경기도 수원시 팔달구 매산로 152,,G21001 / 행궁동,미방문,
평화철물건재전기,경기도 파주시,건자재점,,경기도 파주시 광탄면 혜음로 1130-1,,G21001 / 광탄면,미방문,
굿모닝공업사,경기도 안산시 상록구,공구점,,경기도 안산시 상록구 오목로13길 11,,S20301 / 본오2동,미방문,
덕소한빛철물,경기도 남양주시,철물점,,경기도 남양주시 와부읍 수레로 6,,G21001 / 와부읍,미방문,
정문리공업사,경기도 화성시,공구점,,경기도 화성시 양감면 정문송산로 40-8,,S20301 / 양감면,미방문,
오세요철물공구,경기도 수원시 권선구,철물점,,경기도 수원시 권선구 서호로 135-7,,G21001 / 서둔동,미방문,
수영철물,경기도 화성시,철물점,,경기도 화성시 향남읍 상신하길로135번길 5-18,,G21001 / 향남읍,미방문,
광창철물,경기도 과천시,철물점,,경기도 과천시 광창2로 1,,G21001 / 과천동,미방문,
쌍둥이철물,경기도 남양주시,철물점,,경기도 남양주시 진건읍 진관로 593-63,,G21001 / 진건읍,미방문,
１급동두천공업사,경기도 동두천시,공구점,,경기도 동두천시 삼육사로 979,,S20301 / 불현동,미방문,
천도철물,경기도 양평군,철물점,,경기도 양평군 양동면 양동로 1825,,G21001 / 양동면,미방문,
제일종합철물,경기도 부천시 소사구,철물점,,경기도 부천시 소사구 경인로438번길 21,,G21001 / 괴안동,미방문,
대산카공업사,경기도 김포시,공구점,,경기도 김포시 하성면 하성로 473,,S20301 / 하성면,미방문,
영근정비공업사,경기도 화성시,공구점,,경기도 화성시 정남면 괘랑3길 6,,S20301 / 정남면,미방문,
평택지게차정비공업사,경기도 평택시,공구점,,경기도 평택시 도일로 214,,N11101 / 송탄동,미방문,
상연철물,경기도 양주시,철물점,,경기도 양주시 은현면 은현로 52,,G21001 / 은현면,미방문,
경성철물,경기도 안양시 만안구,철물점,,경기도 안양시 만안구 안양로 262,,G21001 / 안양1동,미방문,
경기종합철물건재,경기도 화성시,건자재점,,경기도 화성시 장안면 장안로 111-4,,G21001 / 장안면,미방문,
현대공업사,경기도 구리시,공구점,,경기도 구리시 동구릉로200번길 34,,S20301 / 동구동,미방문,
대선철물건재,경기도 수원시 팔달구,건자재점,,경기도 수원시 팔달구 동말로 5,,G21001 / 화서1동,미방문,
화승보－링공업사,경기도 고양시 일산동구,공구점,,경기도 고양시 일산동구 노첨길56번길 52,,S20301 / 장항1동,미방문,
현대종합철물,경기도 의정부시,철물점,,경기도 의정부시 의정로 130,,G21001 / 흥선동,미방문,
유진전기철물,경기도 부천시 원미구,철물점,,경기도 부천시 원미구 조종로20번길 41,,G21001 / 원미2동,미방문,
대광철물,경기도 양주시,철물점,,경기도 양주시 은현면 은현로 521,,G21001 / 은현면,미방문,
하나샷시공업사,경기도 양평군,공구점,,경기도 양평군 양평읍 양근로 320,,M10999 / 양평읍,미방문,
알파철물,경기도 성남시 분당구,철물점,,경기도 성남시 분당구 미금로 215,,G21001 / 금곡동,미방문,
태흥인테리어철물,경기도 수원시 장안구,건자재점,,경기도 수원시 장안구 경수대로858번길 3,,G21001 / 조원1동,미방문,
희망철물,경기도 성남시 중원구,철물점,,경기도 성남시 중원구 산성대로382번길 52,,G21001 / 금광2동,미방문,
대영철물,경기도 화성시,철물점,,경기도 화성시 우정읍 조암남로 19,,G21001 / 우정읍,미방문,
1급대광공업사,경기도 광주시,공구점,,경기도 광주시 고불로 297,,S20301 / 광남1동,미방문,
아성공업사,경기도 부천시 오정구,공구점,,경기도 부천시 오정구 평천로 732,,S20301 / 신흥동,미방문,
공도농약인영철물,경기도 안성시,철물점,,경기도 안성시 공도읍 서동대로 4459-7,,G21001 / 공도읍,미방문,
호법공업사,경기도 이천시,공구점,,경기도 이천시 호법면 이섭대천로 540,,S20301 / 호법면,미방문,
다정철물점,경기도 수원시 장안구,철물점,,경기도 수원시 장안구 조원로24번길 25,,G21001 / 조원1동,미방문,
경성모터스정비공업사,경기도 양주시,공구점,,경기도 양주시 만송로 391,,S20301 / 양주2동,미방문,
부천전기철물,경기도 부천시 원미구,철물점,,경기도 부천시 원미구 원미로78번길 8-4,,G21001 / 원미2동,미방문,
송산종합철물건설,경기도 화성시,철물점,,경기도 화성시 효행로 817-8,,G21001 / 화산동,미방문,
한빛철물마트,경기도 부천시 원미구,철물점,,경기도 부천시 원미구 길주로 221,,G21001 / 중4동,미방문,
현대카공업사,경기도 파주시,공구점,,경기도 파주시 시청로 263,,S20301 / 금촌3동,미방문,
제일철물종합상사,경기도 수원시 영통구,철물점,,경기도 수원시 영통구 매여울로 11,,G21001 / 매탄2동,미방문,
대광정비공업사,경기도 수원시 권선구,공구점,,경기도 수원시 권선구 권선로 758,,S20301 / 권선1동,미방문,
수연카공업사,경기도 광주시,공구점,,경기도 광주시 곤지암읍 신대길 47-1,,S20301 / 곤지암읍,미방문,
에덴철물，지물,경기도 광주시,철물점,,경기도 광주시 상태길 20,,G21001 / 신현동,미방문,
대부종합공구상사,경기도 안산시 단원구,공구점,,경기도 안산시 단원구 대선로 47,,G21001 / 대부동,미방문,
대진철물,경기도 성남시 중원구,철물점,,경기도 성남시 중원구 시민로 7,,G21001 / 하대원동,미방문,
태양철물,경기도 수원시 장안구,철물점,,경기도 수원시 장안구 덕영대로425번길 36-1,,G21001 / 율천동,미방문,
온메카닉경기공업사,경기도 광주시,공구점,,경기도 광주시 오포로520번길 41,,S20301 / 오포1동,미방문,
신대철물,경기도 성남시 수정구,철물점,,경기도 성남시 수정구 성남대로1249번길 11,,G21001 / 태평1동,미방문,
도림건재,경기도 안양시 만안구,건자재점,,경기도 안양시 만안구 삼덕로 18,,G21001 / 안양5동,미방문,
국제안전보건재단아이피웰의원,경기도 부천시 원미구,건자재점,,경기도 부천시 원미구 길주로 80,,Q10210 / 상2동,미방문,
제일철물점,경기도 하남시,철물점,,경기도 하남시 신장1로15번길 50,,G21001 / 신장1동,미방문,
안양철물,경기도 안양시 만안구,철물점,,경기도 안양시 만안구 박달로542번길 42,,G21001 / 안양3동,미방문,
옥천농기구센타,경기도 양평군,농자재점,,경기도 양평군 옥천면 옥천길 42,,S20401 / 옥천면,미방문,
성진기계공구,경기도 의정부시,공구점,,경기도 의정부시 태평로 137,,S20699 / 의정부1동,미방문,
청년농자재산업,경기도 안성시,농자재점,,경기도 안성시 대덕면 대학5길 1,,G21001 / 대덕면,미방문,
덕수철물,경기도 파주시,철물점,,경기도 파주시 문산읍 문산로 26,,G21001 / 문산읍,미방문,
이천철물,경기도 안성시,철물점,,경기도 안성시 안성맞춤대로 1099-1,,G21001 / 안성3동,미방문,
성진철물,경기도 고양시 일산동구,철물점,,경기도 고양시 일산동구 강송로74번길 13-3,,G21001 / 백석1동,미방문,
월드카공업사,경기도 이천시,공구점,,경기도 이천시 설봉로30번길 32,,S20301 / 중리동,미방문,
대운철물,경기도 수원시 팔달구,철물점,,경기도 수원시 팔달구 수원천로 315,,G21001 / 행궁동,미방문,
천하공업사,경기도 파주시,공구점,,경기도 파주시 상지석길 190,,S20301 / 운정4동,미방문,
하나로카월드공업사,경기도 연천군,공구점,,경기도 연천군 전곡읍 평화로 531,,S20301 / 전곡읍,미방문,
경인철물공구,경기도 김포시,철물점,,경기도 김포시 대곶면 수남로 152,,G21001 / 대곶면,미방문,
승진공업사,경기도 평택시,공구점,,경기도 평택시 평택1로 94,,S20301 / 비전1동,미방문,
대성공구철물,경기도 시흥시,철물점,,경기도 시흥시 복지로 75,,G21001 / 대야동,미방문,
만물철물,경기도 남양주시,철물점,,경기도 남양주시 진접읍 장현로 161,,G21001 / 진접읍,미방문,
대성종합철물공구,경기도 파주시,철물점,,경기도 파주시 구절초길 23,,G21001 / 운정5동,미방문,
신둔철물건재상사,경기도 이천시,건자재점,,경기도 이천시 신둔면 증신로491번길 5,,G21001 / 신둔면,미방문,
삼성철물;건제건축,경기도 안성시,철물점,,경기도 안성시 공도읍 대림동산길 21,,G21001 / 공도읍,미방문,
금촌자유로공업사,경기도 파주시,공구점,,경기도 파주시 방촌로 352,,S20301 / 금촌3동,미방문,
민간한약건재,경기도 수원시 팔달구,건자재점,,경기도 수원시 팔달구 수원천로 288-4,,G22199 / 행궁동,미방문,
신흥철물건재,경기도 동두천시,건자재점,,경기도 동두천시 동광로 39,,G21001 / 중앙동,미방문,
신창철물,경기도 남양주시,철물점,,경기도 남양주시 별내면 청학로 87,,G21001 / 별내면,미방문,
진한철물,경기도 화성시,철물점,,경기도 화성시 향남읍 초록로 883,,G21001 / 향남읍,미방문,
삼화철물,경기도 수원시 권선구,철물점,,경기도 수원시 권선구 동수원로146번길 300-9,,S20699 / 곡선동,미방문,
동양공업사,경기도 양주시,공구점,,경기도 양주시 평화로1970번길 178,,S20301 / 회천1동,미방문,
다산건재,경기도 남양주시,건자재점,,경기도 남양주시 경강로 357,,G21001 / 양정동,미방문,
중앙건재인테리어,경기도 여주시,건자재점,,경기도 여주시 여흥로88번길 2,,G21099 / 중앙동,미방문,
평화공업사,경기도 고양시 일산동구,공구점,,경기도 고양시 일산동구 장항로 333,,S20301 / 장항1동,미방문,
광적공업사주,경기도 양주시,공구점,,경기도 양주시 광적면 광적로 314,,S20301 / 광적면,미방문,
대한건재공구,경기도 평택시,공구점,,경기도 평택시 지제로 180-19,,G21001 / 세교동,미방문,
충남철물,경기도 수원시 장안구,철물점,,경기도 수원시 장안구 연무로 30,,G21001 / 연무동,미방문,
세기공업사,경기도 포천시,공구점,,경기도 포천시 군내면 포천로 913,,S20301 / 군내면,미방문,
부곡철물건재,경기도 양주시,건자재점,,경기도 양주시 장흥면 가마골로 60,,G21001 / 장흥면,미방문,
세교공업사,경기도 평택시,공구점,,경기도 평택시 은실5길 92,,S20301 / 세교동,미방문,
신용철물설비,경기도 수원시 팔달구,철물점,,경기도 수원시 팔달구 고화로 60,,G21001 / 고등동,미방문,
이천철물,경기도 이천시,철물점,,경기도 이천시 부발읍 대산로 476-5,,G21001 / 부발읍,미방문,
현승공업사,경기도 구리시,공구점,,경기도 구리시 딸기원중문길 2,,S20301 / 교문1동,미방문,
명품농자재마트,경기도 연천군,농자재점,,경기도 연천군 전곡읍 평화로 685,,G21001 / 전곡읍,미방문,
현진철물설비,경기도 화성시,철물점,,경기도 화성시 향남읍 평6길 57,,G21001 / 향남읍,미방문,
우진철물건재,경기도 김포시,건자재점,,경기도 김포시 하성면 애기봉로 860-1,,G21001 / 하성면,미방문,
아름전기철물도장,경기도 성남시 분당구,철물점,,경기도 성남시 분당구 판교로 432,,G21001 / 이매2동,미방문,
신창철물보수,경기도 용인시 기흥구,철물점,,경기도 용인시 기흥구 사은로126번길 33,,G21001 / 보라동,미방문,
일만건재철물,경기도 광주시,건자재점,,경기도 광주시 고산길 38,,G21001 / 오포1동,미방문,
경성철물건재,경기도 고양시 덕양구,건자재점,,경기도 고양시 덕양구 고양대로1315번길 64,,G21001 / 주교동,미방문,
현대철물상사,경기도 파주시,철물점,,경기도 파주시 적성면 솥뒤로 72,,G21001 / 적성면,미방문,
현대전기공구철물,경기도 양주시,철물점,,경기도 양주시 장흥면 호국로 173,,G21001 / 장흥면,미방문,
광동철물,경기도 광주시,철물점,,경기도 광주시 퇴촌면 광동로 51,,G21001 / 퇴촌면,미방문,
대성건재,경기도 이천시,건자재점,,경기도 이천시 갈산로136번길 8,,G21001 / 증포동,미방문,
종인건재,경기도 광명시,건자재점,,경기도 광명시 금오로 670,,G21001 / 광명6동,미방문,
연천철물,경기도 연천군,철물점,,경기도 연천군 연천읍 연천로 263,,G21001 / 연천읍,미방문,
하나오토공업사,경기도 여주시,공구점,,경기도 여주시 대신면 여양로 1420,,S20301 / 대신면,미방문,
은진건재,경기도 수원시 권선구,건자재점,,경기도 수원시 권선구 권선로639번길 30,,G21099 / 권선1동,미방문,
진영기계공구,경기도 의정부시,공구점,,경기도 의정부시 태평로 97,,G21001 / 의정부1동,미방문,
국제인테리어철물열쇠,경기도 안산시 단원구,건자재점,,경기도 안산시 단원구 화정천서로 177,,G21001 / 초지동,미방문,
하다건재,경기도 광주시,건자재점,,경기도 광주시 성들길 46-3,,G21099 / 오포2동,미방문,
비전한빛철물,경기도 평택시,철물점,,경기도 평택시 평택5로 100,,G21001 / 비전2동,미방문,
평택건재공구&인테리어,경기도 평택시,공구점,,경기도 평택시 평택지제역로 22,,G21099 / 세교동,미방문,
믿음카정비공업사,경기도 광명시,공구점,,경기도 광명시 시청로 67,,S20301 / 철산2동,미방문,
조원카정비공업사,경기도 수원시 장안구,공구점,,경기도 수원시 장안구 금당로 24,,S20301 / 조원1동,미방문,
우리철물,경기도 수원시 영통구,철물점,,경기도 수원시 영통구 영통로 107,,G21001 / 망포1동,미방문,
중앙철물,경기도 광명시,철물점,,경기도 광명시 안현로 22,,G21001 / 하안2동,미방문,
그린월드공업사,경기도 파주시,공구점,,경기도 파주시 법원읍 보광로 2005,,S20301 / 법원읍,미방문,
대흥카공업사,경기도 이천시,공구점,,경기도 이천시 마장면 서이천로 29,,S20301 / 마장면,미방문,
현대종합건재,경기도 연천군,건자재점,,경기도 연천군 전곡읍 전곡로 217,,G21001 / 전곡읍,미방문,
공구마트,경기도 안산시 단원구,공구점,,경기도 안산시 단원구 중앙대로 485,,G21001 / 원곡동,미방문,
수광종합건재,경기도 이천시,건자재점,,경기도 이천시 신둔면 경충대로 3193,,G21001 / 신둔면,미방문,
거성종합철물,경기도 연천군,철물점,,경기도 연천군 전곡읍 전곡로 182,,G21001 / 전곡읍,미방문,
신현대종합건재,경기도 수원시 장안구,건자재점,,경기도 수원시 장안구 송정로34번길 18,,G21001 / 정자2동,미방문,
동화공업사,경기도 화성시,공구점,,경기도 화성시 팔탄면 마곡길 10,,S20301 / 팔탄면,미방문,
하남건재,경기도 하남시,건자재점,,경기도 하남시 감일로 166,,G21001 / 감북동,미방문,
현대철물,경기도 의정부시,철물점,,경기도 의정부시 추동로 5,,G21001 / 신곡2동,미방문,
명성가구철물,경기도 남양주시,철물점,,경기도 남양주시 송산로 104,,G21001 / 별내동,미방문,
현대차병원공업사,경기도 파주시,공구점,,경기도 파주시 광탄면 어가길 127,,S20301 / 광탄면,미방문,
베스트카공업사,경기도 광주시,공구점,,경기도 광주시 양벌로 374,,S20301 / 오포2동,미방문,
남룡공업사,경기도 김포시,공구점,,경기도 김포시 감암로 73,,S20301 / 김포본동,미방문,
대성철물보수,경기도 안양시 동안구,철물점,,경기도 안양시 동안구 동안로 194,,G21001 / 달안동,미방문,
신예솔건재,경기도 안성시,건자재점,,경기도 안성시 대덕면 한천길 249,,G21001 / 대덕면,미방문,
형제종합건재,경기도 부천시 원미구,건자재점,,경기도 부천시 원미구 부천로36번길 44,,G21001 / 심곡2동,미방문,
문봉건재,경기도 고양시 일산동구,건자재점,,경기도 고양시 일산동구 문봉길 49,,G21001 / 고봉동,미방문,
백마철물,경기도 오산시,철물점,,경기도 오산시 오산로190번길 13,,G21001 / 대원1동,미방문,
현대전기철물,경기도 수원시 팔달구,철물점,,경기도 수원시 팔달구 동말로 60,,G21201 / 화서1동,미방문,
한일철물,경기도 안성시,철물점,,경기도 안성시 안성맞춤대로 1029,,G21001 / 안성2동,미방문,
서원종합건재,경기도 고양시 일산서구,건자재점,,경기도 고양시 일산서구 일산로803번길 27,,G21001 / 대화동,미방문,
매산철물,경기도 수원시 팔달구,철물점,,경기도 수원시 팔달구 고화로62번길 9-2,,G21001 / 고등동,미방문,
이가철물종합상사,경기도 평택시,철물점,,경기도 평택시 포승읍 서동대로 1191,,G21001 / 포승읍,미방문,
삼보종합건재,경기도 용인시 기흥구,건자재점,,경기도 용인시 기흥구 신갈로 90,,G21001 / 신갈동,미방문,
제일철물건재,경기도 용인시 기흥구,건자재점,,경기도 용인시 기흥구 공세로 98,,G21001 / 기흥동,미방문,
신일종합농기구,경기도 양주시,농자재점,,경기도 양주시 광적면 광적로 448-17,,G21001 / 광적면,미방문,
용성공업사,경기도 성남시 중원구,공구점,,경기도 성남시 중원구 광명로 110,,M10999 / 성남동,미방문,
왕림철물생큐마트,경기도 화성시,철물점,,경기도 화성시 봉담읍 삼천병마로 1017,,G20404 / 봉담읍,미방문,
진흥철물,경기도 성남시 중원구,철물점,,경기도 성남시 중원구 산성대로 494,,G21001 / 은행2동,미방문,
누리종합건재철물,경기도 안성시,건자재점,,경기도 안성시 일죽면 금일로 457-4,,G21001 / 일죽면,미방문,
검준카공업사,경기도 양주시,공구점,,경기도 양주시 남면 검준길 27,,S20301 / 남면,미방문,
서울카부분정비공업사,경기도 김포시,공구점,,경기도 김포시 승가로 3,,S20301 / 풍무동,미방문,
남부철물,경기도 평택시,철물점,,경기도 평택시 평택로32번길 13,,G21001 / 신평동,미방문,
현대철물,경기도 시흥시,철물점,,경기도 시흥시 수인로3409번길 14-1,,G21001 / 신천동,미방문,
서이천건재철물,경기도 이천시,건자재점,,경기도 이천시 마장면 중부대로 665-8,,G21001 / 마장면,미방문,
현대철물,경기도 수원시 권선구,철물점,,경기도 수원시 권선구 정조로 541,,G21001 / 세류2동,미방문,
큰별공업사,경기도 남양주시,공구점,,경기도 남양주시 화도읍 폭포로 207-11,,S20301 / 화도읍,미방문,
우진카공업사,경기도 용인시 처인구,공구점,,경기도 용인시 처인구 남사읍 수세로 10-2,,S20301 / 남사읍,미방문,
협신철물건재,경기도 광주시,건자재점,,경기도 광주시 이배재로 217,,G21001 / 탄벌동,미방문,
금강철물전기,경기도 안산시 단원구,철물점,,경기도 안산시 단원구 광덕서로 56,,G21001 / 호수동,미방문,
남양공업사주,경기도 화성시,공구점,,경기도 화성시 남양읍 주석로 370-17,,S20301 / 남양읍,미방문,
전곡목재철물,경기도 연천군,철물점,,경기도 연천군 전곡읍 한여울로 150,,G21001 / 전곡읍,미방문,
형제종합건재,경기도 용인시 처인구,건자재점,,경기도 용인시 처인구 백암면 백암로201번길 6,,G21099 / 백암면,미방문,
경기카공업사,경기도 안성시,공구점,,경기도 안성시 일죽면 소라태길 5,,S20301 / 일죽면,미방문,
보은전기철물,경기도 안산시 단원구,철물점,,경기도 안산시 단원구 석수로5길 21,,G21001 / 선부2동,미방문,
신성전기철물점,경기도 부천시 소사구,철물점,,경기도 부천시 소사구 성주로 107-1,,G21001 / 송내2동,미방문,
길성철물,경기도 광주시,철물점,,경기도 광주시 곤지암읍 경충대로 673,,G21001 / 곤지암읍,미방문,
천일공구철물,경기도 이천시,철물점,,경기도 이천시 장호원읍 서동대로8965번길 42,,G21001 / 장호원읍,미방문,
전문전기철물,경기도 수원시 권선구,철물점,,경기도 수원시 권선구 정조로 591,,G21201 / 세류3동,미방문,
대동건재,경기도 여주시,건자재점,,경기도 여주시 대신면 여양로 1487,,G21001 / 대신면,미방문,
경동보링공업사,경기도 안산시 상록구,공구점,,경기도 안산시 상록구 선진로 53,,S20301 / 사이동,미방문,
제일철물,경기도 포천시,철물점,,경기도 포천시 영북면 영북로 107,,G21001 / 영북면,미방문,
덕인철물열쇠,경기도 수원시 권선구,철물점,,경기도 수원시 권선구 세지로 81,,G21001 / 세류3동,미방문,
인창건재,경기도 구리시,건자재점,,경기도 구리시 원수택로42번길 4,,G21001 / 수택2동,미방문,
하얀마을카공업사,경기도 용인시 처인구,공구점,,경기도 용인시 처인구 고림로 46,,S20301 / 동부동,미방문,
철물다모아,경기도 남양주시,철물점,,경기도 남양주시 와부읍 석실로 353,,G21001 / 와부읍,미방문,
벽계수공업사,경기도 연천군,공구점,,경기도 연천군 청산면 전영로215번길 136,,S20601 / 청산면,미방문,
맥가이버철물,경기도 남양주시,철물점,,경기도 남양주시 의안로 125,,G21001 / 평내동,미방문,
장인공업사,경기도 광명시,공구점,,경기도 광명시 오리로651번길 11,,S20301 / 하안1동,미방문,
SPEED공업사,경기도 고양시 일산서구,공구점,,경기도 고양시 일산서구 고양대로112번길 54-29,,S20301 / 송포동,미방문,
호계철물,경기도 안양시 동안구,철물점,,경기도 안양시 동안구 경수대로584번길 17,,G21001 / 호계1동,미방문,
의왕철물건재,경기도 의왕시,건자재점,,경기도 의왕시 안양판교로 219,,G21001 / 청계동,미방문,
성원철물,경기도 안양시 만안구,철물점,,경기도 안양시 만안구 경수대로 1167-13,,G21001 / 안양2동,미방문,
소코리공업사,경기도 양평군,공구점,,경기도 양평군 용문면 용문로 403-1,,S20301 / 용문면,미방문,
광주철물,경기도 광주시,철물점,,경기도 광주시 경충대로 1504,,G21001 / 쌍령동,미방문,
경기철물,경기도 동두천시,철물점,,경기도 동두천시 큰시장로 22,,G21001 / 생연2동,미방문,
대박공업사,경기도 광주시,공구점,,경기도 광주시 곤지암읍 대석동길 97,,S20301 / 곤지암읍,미방문,
남양주철물건재,경기도 남양주시,건자재점,,경기도 남양주시 사릉로 28,,G21001 / 금곡동,미방문,
새시대철물,경기도 화성시,철물점,,경기도 화성시 봉담읍 와우안길 66,,G21001 / 봉담읍,미방문,
구갈철물점,경기도 용인시 기흥구,철물점,,경기도 용인시 기흥구 신갈로124번길 32,,G21001 / 신갈동,미방문,
경기현대공업사,경기도 광주시,공구점,,경기도 광주시 곤지암읍 경충대로 365,,S20301 / 곤지암읍,미방문,
안성지게차정비공업사,경기도 안성시,공구점,,경기도 안성시 대덕면 모산로 230-3,,N11101 / 대덕면,미방문,
충주철물,경기도 이천시,철물점,,경기도 이천시 이섭대천로 1304-6,,G21001 / 창전동,미방문,
부영철물,경기도 안양시 동안구,철물점,,경기도 안양시 동안구 관평로138번길 53,,G21001 / 평안동,미방문,
물왕종합건재,경기도 시흥시,건자재점,,경기도 시흥시 동서로 1068,,G21001 / 목감동,미방문,
세일카공업사,경기도 시흥시,공구점,,경기도 시흥시 검바위1로 66-22,,S20301 / 은행동,미방문,
협성건설철물건재,경기도 포천시,건자재점,,경기도 포천시 신북면 호국로 2078,,G21001 / 신북면,미방문,
천호철물,경기도 하남시,철물점,,경기도 하남시 조정대로 32,,G21001 / 미사3동,미방문,
백광철물,경기도 수원시 권선구,철물점,,경기도 수원시 권선구 세권로137번길 16,,S20699 / 권선1동,미방문,
일도전기철물,경기도 고양시 일산서구,철물점,,경기도 고양시 일산서구 일산로 524,,G21001 / 일산3동,미방문,
임진건재,경기도 연천군,건자재점,,경기도 연천군 군남면 청정로 1847,,G21001 / 군남면,미방문,
남정건재철물,경기도 이천시,건자재점,,경기도 이천시 신둔면 원적로 91-8,,G21001 / 신둔면,미방문,
권선정비공업사,경기도 수원시 권선구,공구점,,경기도 수원시 권선구 경수대로335번길 5,,S20301 / 권선1동,미방문,
로하스철물,경기도 연천군,철물점,,경기도 연천군 전곡읍 평화로861번길 61,,G22199 / 전곡읍,미방문,
화성건재,경기도 화성시,건자재점,,경기도 화성시 마도면 마도로609번길 47,,G21001 / 마도면,미방문,
정우철물공구,경기도 성남시 중원구,철물점,,경기도 성남시 중원구 광명로 241-2,,G21001 / 중앙동,미방문,
거성종합건재,경기도 용인시 처인구,건자재점,,경기도 용인시 처인구 백옥대로 1032,,G21099 / 중앙동,미방문,
분당최C철물,경기도 성남시 분당구,철물점,,경기도 성남시 분당구 황새울로342번길 11,,G21001 / 서현1동,미방문,
태화철물타일,경기도 안양시 만안구,건자재점,,경기도 안양시 만안구 박달로 541,,G21001 / 박달동,미방문,
예스카공업사,경기도 성남시 중원구,공구점,,경기도 성남시 중원구 시민로 3,,S20301 / 하대원동,미방문,
삼대철물,경기도 광주시,철물점,,경기도 광주시 경안천로183번길 24-1,,G21001 / 송정동,미방문,
희망철물,경기도 안양시 만안구,철물점,,경기도 안양시 만안구 박달로 460,,G21001 / 호현동,미방문,
행복도배철물,경기도 안산시 단원구,건자재점,,경기도 안산시 단원구 사세충열로3길 8,,G21001 / 와동,미방문,
대신철물설비,경기도 의정부시,철물점,,경기도 의정부시 용민로 48,,G21001 / 송산1동,미방문,
한일카공업사,경기도 성남시 중원구,공구점,,경기도 성남시 중원구 박석로25번길 2,,S20301 / 상대원1동,미방문,
삼숭건재철물,경기도 양주시,건자재점,,경기도 양주시 어하고개로 121,,G21001 / 양주2동,미방문,
양주철물건재,경기도 양주시,건자재점,,경기도 양주시 광적면 가래비길 117,,G21001 / 광적면,미방문,
영광철물설비,경기도 부천시 원미구,철물점,,경기도 부천시 원미구 길주로392번길 38,,G21001 / 춘의동,미방문,
재생공업사,경기도 화성시,공구점,,경기도 화성시 남양읍 남양로 423,,S20301 / 남양읍,미방문,
입석철물,경기도 남양주시,철물점,,경기도 남양주시 수동면 비룡로 787,,G21001 / 수동면,미방문,
대신철물,경기도 군포시,철물점,,경기도 군포시 고산로151번길 3,,G21001 / 군포1동,미방문,
진원철물,경기도 구리시,철물점,,경기도 구리시 검배로93번길 16-4,,G20404 / 수택1동,미방문,
소현카공업사,경기도 광주시,공구점,,경기도 광주시 초월읍 산수로 75,,S20301 / 초월읍,미방문,
성원건재철물설비,경기도 안양시 동안구,건자재점,,경기도 안양시 동안구 관평로305번길 49,,G21001 / 관양동,미방문,
하은철물인테리어,경기도 의정부시,건자재점,,경기도 의정부시 가능로97번길 11,,M11201 / 가능동,미방문,
365열쇠철물,경기도 안양시 동안구,철물점,,경기도 안양시 동안구 관악대로339번길 32,,S20699 / 관양동,미방문,
제일공구건재,경기도 동두천시,공구점,,경기도 동두천시 평화로 2550-1,,G21001 / 보산동,미방문,
제일카공업사세차,경기도 하남시,공구점,,경기도 하남시 신장1로3번길 15,,S20301 / 신장1동,미방문,
한성철물,경기도 고양시 일산동구,철물점,,경기도 고양시 일산동구 산두로 11-1,,G21001 / 마두1동,미방문,
광진철물,경기도 수원시 팔달구,철물점,,경기도 수원시 팔달구 수원천로249번길 7,,G21001 / 행궁동,미방문,
유로공업사,경기도 연천군,공구점,,경기도 연천군 전곡읍 양연로 703,,G20202 / 전곡읍,미방문,
희망철물건재공구,경기도 용인시 수지구,건자재점,,경기도 용인시 수지구 풍덕천로 154-1,,G21001 / 풍덕천1동,미방문,
해주부분정비공업사,경기도 동두천시,공구점,,경기도 동두천시 어수로 15,,S20301 / 상패동,미방문,
아시아공구철물,경기도 남양주시,철물점,,경기도 남양주시 진접읍 경복대로 536-11,,G22199 / 진접읍,미방문,
강남철물설비,경기도 부천시 원미구,철물점,,경기도 부천시 원미구 도약로298번길 65,,G21001 / 도당동,미방문,
현대공업사,경기도 구리시,공구점,,경기도 구리시 이문안로 14,,S20301 / 교문2동,미방문,
유진철물，공구，건재,경기도 연천군,건자재점,,경기도 연천군 전곡읍 은대성로 118-1,,G21001 / 전곡읍,미방문,
대명철물건재,경기도 광주시,건자재점,,경기도 광주시 이배재로 125,,G21001 / 탄벌동,미방문,
대원공구철물,경기도 오산시,철물점,,경기도 오산시 밀머리로 32,,G21001 / 대원1동,미방문,
정남카공업사,경기도 화성시,공구점,,경기도 화성시 정남면 만년로 549-8,,S20301 / 정남면,미방문,
동원공구철물,경기도 광주시,철물점,,경기도 광주시 곤지암읍 경충대로 228,,G21001 / 곤지암읍,미방문,
석주건재,경기도 포천시,건자재점,,경기도 포천시 영중면 뻐꾹천길 4,,G21099 / 영중면,미방문,
LED조명철물,경기도 고양시 덕양구,건자재점,,경기도 고양시 덕양구 유산길 22,,G21001 / 관산동,미방문,
효성공구철물,경기도 광주시,철물점,,경기도 광주시 양벌로 258,,G21001 / 오포2동,미방문,
서부철물,경기도 평택시,철물점,,경기도 평택시 팽성읍 본정2길 34,,G21001 / 팽성읍,미방문,
석포철물공구,경기도 화성시,철물점,,경기도 화성시 장안면 석포로 3,,G21001 / 장안면,미방문,
비봉대형공업사,경기도 화성시,공구점,,경기도 화성시 비봉면 화성로1616번길 2-21,,S20301 / 비봉면,미방문,
부경철물,경기도 고양시 일산서구,철물점,,경기도 고양시 일산서구 송산로 343,,G21001 / 가좌동,미방문,
마룡철물공구건재,경기도 양평군,건자재점,,경기도 양평군 용문면 용문로 499,,G21001 / 용문면,미방문,
동탄철물점,경기도 화성시,철물점,,경기도 화성시 메타폴리스로 38,,G21001 / 동탄1동,미방문,
윤철물,경기도 남양주시,철물점,,경기도 남양주시 석실로 608,,G21001 / 금곡동,미방문,
정진공구상사,경기도 부천시 오정구,공구점,,경기도 부천시 오정구 수도로 95,,G21001 / 신흥동,미방문,
현대종합정비공업사,경기도 시흥시,공구점,,경기도 시흥시 역전로 314,,S20301 / 정왕본동,미방문,
보정현대공업사,경기도 용인시 기흥구,공구점,,경기도 용인시 기흥구 죽전로15번길 4-17,,S20301 / 보정동,미방문,
가야종합철물,경기도 남양주시,철물점,,경기도 남양주시 진건읍 고재로 184-1,,G21001 / 진건읍,미방문,
명진공업사,경기도 안산시 상록구,공구점,,경기도 안산시 상록구 오목로 25,,S20301 / 본오1동,미방문,
화정공업사세차장,경기도 의정부시,공구점,,경기도 의정부시 평화로562번길 18,,S20302 / 의정부1동,미방문,
부기철물건재,경기도 포천시,건자재점,,경기도 포천시 소흘읍 민락로 602,,G21001 / 소흘읍,미방문,
토영건축철물,경기도 남양주시,철물점,,경기도 남양주시 평내로29번길 51-6,,G21001 / 평내동,미방문,
만상철물,경기도 하남시,철물점,,경기도 하남시 서하남로 553,,G21001 / 춘궁동,미방문,
무림철물건재,경기도 동두천시,건자재점,,경기도 동두천시 생연로 167,,G21001 / 중앙동,미방문,
영신철물,경기도 화성시,철물점,,경기도 화성시 기배로 93,,G21001 / 기배동,미방문,
한미공업사,경기도 파주시,공구점,,경기도 파주시 교하로 527-8,,S20301 / 교하동,미방문,
발안철물,경기도 평택시,철물점,,경기도 평택시 평택1로 51,,G21001 / 통복동,미방문,
명성공업사,경기도 부천시 오정구,공구점,,경기도 부천시 오정구 석천로453번길 92-15,,S20301 / 신흥동,미방문,
영욱정비공업사,경기도 용인시 처인구,공구점,,경기도 용인시 처인구 모현읍 포은대로 1132,,S20301 / 모현읍,미방문,
영진철물,경기도 안산시 단원구,철물점,,경기도 안산시 단원구 원곡초교길 18-1,,G21001 / 백운동,미방문,
연희철물건재,경기도 평택시,건자재점,,경기도 평택시 포승읍 포승향남로 201,,G21001 / 포승읍,미방문,
동명기계공구,경기도 수원시 권선구,공구점,,경기도 수원시 권선구 권선로 522,,G21001 / 세류1동,미방문,
판교원철물점,경기도 성남시 분당구,철물점,,경기도 성남시 분당구 판교공원로2길 30,,G21001 / 판교동,미방문,
다온철물점,경기도 성남시 분당구,철물점,,경기도 성남시 분당구 발이봉남로8번길 1,,G21001 / 수내3동,미방문,
영동철물점,경기도 용인시 기흥구,철물점,,경기도 용인시 기흥구 구성로 69,,G21001 / 구성동,미방문,
중앙철물,경기도 평택시,철물점,,경기도 평택시 신서로 3,,G21001 / 서정동,미방문,
파주금촌한빛철물마트냉동공조,경기도 파주시,철물점,,경기도 파주시 황골로 15,,G21001 / 금촌2동,미방문,
용진공업사,경기도 평택시,공구점,,경기도 평택시 경기대로 548,,S20301 / 세교동,미방문,
모든카공업사,경기도 안양시 동안구,공구점,,경기도 안양시 동안구 엘에스로 99,,S20301 / 호계1동,미방문,
광동철물전기,경기도 광명시,철물점,,경기도 광명시 오리로 435-1,,G21001 / 소하2동,미방문,
광성부분정비공업사,경기도 오산시,공구점,,경기도 오산시 서동로19번길 4,,S20301 / 초평동,미방문,
서울철물,경기도 의왕시,철물점,,경기도 의왕시 부곡중앙남1길 31,,G21001 / 부곡동,미방문,
가능현대공업사,경기도 의정부시,공구점,,경기도 의정부시 입석로55번길 21,,S20301 / 가능동,미방문,
승일전기철물,경기도 안산시 단원구,철물점,,경기도 안산시 단원구 와동로 122,,G21001 / 와동,미방문,
동호원예자재농자재,경기도 광명시,농자재점,,경기도 광명시 천변길 284,,G21001 / 학온동,미방문,
극동철물,경기도 평택시,철물점,,경기도 평택시 원평로39번길 4,,G21001 / 원평동,미방문,
일현철물공구,경기도 용인시 처인구,철물점,,경기도 용인시 처인구 모현읍 문현로 331,,G21001 / 모현읍,미방문,
통일공업사,경기도 고양시 덕양구,공구점,,경기도 고양시 덕양구 통일로 515,,S20301 / 고양동,미방문,
형제종합철물,경기도 광주시,철물점,,경기도 광주시 광주대로21번길 16,,G21001 / 경안동,미방문,
대창철물점,경기도 용인시 기흥구,철물점,,경기도 용인시 기흥구 신갈로 24,,G21001 / 상갈동,미방문,
우진카공업사,경기도 오산시,공구점,,경기도 오산시 수청로 72,,S20301 / 신장1동,미방문,
마니카공업사,경기도 김포시,공구점,,경기도 김포시 대곶면 율생로 17,,S20301 / 대곶면,미방문,
가보열쇠철물도장,경기도 의정부시,철물점,,경기도 의정부시 진등로 13,,G21001 / 녹양동,미방문,
경원철물，건재,경기도 의정부시,건자재점,,경기도 의정부시 쌀광길 19,,G21001 / 고산동,미방문,
동일종합건재,경기도 수원시 권선구,건자재점,,경기도 수원시 권선구 매송고색로 709,,G21001 / 평동,미방문,
대자철물건재,경기도 고양시 덕양구,건자재점,,경기도 고양시 덕양구 호국로 1407,,G21001 / 고양동,미방문,
원일건재,경기도 부천시 원미구,건자재점,,경기도 부천시 원미구 부일로815번길 22-19,,G21099 / 역곡1동,미방문,
송탄공업사+철물,경기도 평택시,철물점,,경기도 평택시 목천로 74-7,,G21001 / 신장1동,미방문,
송죽철물열쇠,경기도 군포시,철물점,,경기도 군포시 번영로 502,,G21001 / 재궁동,미방문,
대중철물,경기도 파주시,철물점,,경기도 파주시 법원읍 사임당로 856,,G21001 / 법원읍,미방문,
대왕철물,경기도 안성시,철물점,,경기도 안성시 장기로 117-1,,G21001 / 안성1동,미방문,
협성공구철물,경기도 연천군,철물점,,경기도 연천군 청산면 학담로 96,,G21001 / 청산면,미방문,
이레철물,경기도 안산시 단원구,철물점,,경기도 안산시 단원구 와동로1길 34,,G21001 / 와동,미방문,
프라임카공업사,경기도 부천시 오정구,공구점,,경기도 부천시 오정구 고리울로74번길 55,,S20301 / 고강본동,미방문,
공구상가한식뷔페,경기도 수원시 권선구,공구점,,경기도 수원시 권선구 권선로 308-18,,I20702 / 평동,미방문,
진흥공업사주,경기도 파주시,공구점,,경기도 파주시 문산읍 우계로 430-13,,S20301 / 문산읍,미방문,
꿈의공업사,경기도 부천시 오정구,공구점,,경기도 부천시 오정구 성지로85번길 10,,S20301 / 원종1동,미방문,
우리철물,경기도 화성시,철물점,,경기도 화성시 향남읍 행정죽전로4길 7-1,,G21001 / 향남읍,미방문,
남도종합건재,경기도 수원시 권선구,건자재점,,경기도 수원시 권선구 권선로 633,,G21001 / 권선1동,미방문,
천리현대공업사,경기도 용인시 처인구,공구점,,경기도 용인시 처인구 이동읍 백옥대로 832-2,,S20301 / 이동읍,미방문,
하나철물;전기,경기도 수원시 장안구,철물점,,경기도 수원시 장안구 대평로 86,,G21001 / 정자3동,미방문,
안성종합공구철물,경기도 평택시,철물점,,경기도 평택시 통복시장2로39번길 17,,G21001 / 통복동,미방문,
아프니카공업사,경기도 수원시 권선구,공구점,,경기도 수원시 권선구 매송고색로 770,,S20301 / 평동,미방문,
신성철물,경기도 수원시 장안구,철물점,,경기도 수원시 장안구 파장천로 57,,G21001 / 파장동,미방문,
신안공업사,경기도 의정부시,공구점,,경기도 의정부시 진등로 8-1,,S20301 / 녹양동,미방문,
무주철물,경기도 수원시 권선구,철물점,,경기도 수원시 권선구 세화로151번길 29-11,,S20699 / 서둔동,미방문,
대흥철물건재,경기도 양주시,건자재점,,경기도 양주시 광적면 광적로 186,,G21001 / 광적면,미방문,
매송건재사,경기도 화성시,건자재점,,경기도 화성시 매송면 화성로 2359,,G21001 / 매송면,미방문,
미륭전기철물,경기도 안양시 동안구,철물점,,경기도 안양시 동안구 관악대로 166,,G21001 / 비산2동,미방문,
류성기계공구상사,경기도 가평군,공구점,,경기도 가평군 가평읍 오리나무길 14-1,,G21001 / 가평읍,미방문,
영평공업사,경기도 포천시,공구점,,경기도 포천시 영중면 전영로 1378,,S20301 / 영중면,미방문,
삼성설비철물,경기도 고양시 일산서구,철물점,,경기도 고양시 일산서구 일산로725번길 6-5,,G21001 / 대화동,미방문,
제이카공업사,경기도 성남시 중원구,공구점,,경기도 성남시 중원구 마지로 95,,S20301 / 하대원동,미방문,
관양철물,경기도 안양시 동안구,철물점,,경기도 안양시 동안구 관악대로 353,,G21001 / 관양동,미방문,
세기건재,경기도 용인시 처인구,건자재점,,경기도 용인시 처인구 양지면 양대로 13,,G21001 / 양지면,미방문,
능곡철물,경기도 고양시 덕양구,철물점,,경기도 고양시 덕양구 토당로 88-8,,G21001 / 능곡동,미방문,
알파문구포천정창철물,경기도 포천시,철물점,,경기도 포천시 이동면 화동로 2127,,G21001 / 이동면,미방문,
대화철물건재,경기도 고양시 덕양구,건자재점,,경기도 고양시 덕양구 충장로103번길 38,,G21001 / 행신1동,미방문,
영중공업사,경기도 포천시,공구점,,경기도 포천시 영중면 호국로 2527,,S20301 / 영중면,미방문,
대원철물,경기도 수원시 권선구,철물점,,경기도 수원시 권선구 동수원로146번길 177,,G21001 / 곡선동,미방문,
조흥건재,경기도 화성시,건자재점,,경기도 화성시 우정읍 조암남로 49-4,,G21001 / 우정읍,미방문,
미성철물농자재,경기도 안성시,농자재점,,경기도 안성시 원곡면 원당로 376,,G21001 / 원곡면,미방문,
풍산철물건재,경기도 양주시,건자재점,,경기도 양주시 삼숭로 23,,G21001 / 양주2동,미방문,
대도종합철물건재,경기도 화성시,건자재점,,경기도 화성시 팔탄면 마당바위로 57-4,,G21001 / 팔탄면,미방문,
미소철물,경기도 동두천시,철물점,,경기도 동두천시 평화로 2478,,G21001 / 생연1동,미방문,
오복철물,경기도 화성시,철물점,,경기도 화성시 서신면 제부로 261,,G21001 / 서신면,미방문,
코코농자재,경기도 여주시,농자재점,,경기도 여주시 흥천면 이여로 1017,,G22199 / 흥천면,미방문,
금성철물,경기도 성남시 수정구,철물점,,경기도 성남시 수정구 산성대로269번길 13,,G21001 / 신흥3동,미방문,
귀뚜라미철물,경기도 수원시 팔달구,철물점,,경기도 수원시 팔달구 창룡대로150번길 55,,G21001 / 우만1동,미방문,
원삼정비공업사,경기도 용인시 처인구,공구점,,경기도 용인시 처인구 원삼면 원양로84번길 2,,S20301 / 원삼면,미방문,
월문종합철물건재,경기도 남양주시,건자재점,,경기도 남양주시 와부읍 수레로 291,,G21001 / 와부읍,미방문,
중앙건재철물,경기도 안산시 단원구,건자재점,,경기도 안산시 단원구 예술길 11,,G21001 / 중앙동,미방문,
현대공업사,경기도 안성시,공구점,,경기도 안성시 미양면 서운로 663-21,,S20699 / 미양면,미방문,
동양철물전기열쇠,경기도 화성시,철물점,,경기도 화성시 봉담읍 참샘길 17,,G21001 / 봉담읍,미방문,
대성농자재,경기도 화성시,농자재점,,경기도 화성시 서신면 바다뜰길 2,,G21001 / 서신면,미방문,
은혜철물잡화,경기도 부천시 소사구,철물점,,경기도 부천시 소사구 경인로206번길 24,,G21001 / 심곡본1동,미방문,
대우철물건재,경기도 고양시 덕양구,건자재점,,경기도 고양시 덕양구 삼송로 261-4,,G21001 / 삼송1동,미방문,
거성카공업사,경기도 안성시,공구점,,경기도 안성시 안성맞춤대로 1236,,S20301 / 안성3동,미방문,
1급대명공업사,경기도 파주시,공구점,,경기도 파주시 월롱면 정문로 474,,S20301 / 월롱면,미방문,
제일공업사,경기도 남양주시,공구점,,경기도 남양주시 와부읍 덕소로97번길 19,,S20301 / 와부읍,미방문,
무송대형공업사,경기도 화성시,공구점,,경기도 화성시 남양읍 현대기아로 603,,S20301 / 남양읍,미방문,
흥아철물,경기도 파주시,철물점,,경기도 파주시 광탄면 혜음로 1111,,G21001 / 광탄면,미방문,
대동철물건재,경기도 의정부시,건자재점,,경기도 의정부시 녹양로 70,,G21001 / 녹양동,미방문,
일신건재,경기도 고양시 덕양구,건자재점,,경기도 고양시 덕양구 원당로33번길 35,,G21001 / 주교동,미방문,
행신철물,경기도 고양시 덕양구,철물점,,경기도 고양시 덕양구 충경로 47-1,,G21001 / 행신2동,미방문,
한양철물,경기도 안양시 동안구,철물점,,경기도 안양시 동안구 부림로 68,,G21001 / 평안동,미방문,
장흥현대공업사,경기도 양주시,공구점,,경기도 양주시 장흥면 호국로 133,,S20301 / 장흥면,미방문,
판교원인테리어철물,경기도 성남시 분당구,건자재점,,경기도 성남시 분당구 판교공원로2길 34,,G21001 / 판교동,미방문,
형제철물,경기도 수원시 권선구,철물점,,경기도 수원시 권선구 칠보로235번길 5,,G21001 / 호매실동,미방문,
진성건축.철물,경기도 수원시 장안구,철물점,,경기도 수원시 장안구 대평로152번길 26-1,,G21001 / 정자1동,미방문,
신안공업사,경기도 가평군,공구점,,경기도 가평군 청평면 경춘로 964,,S20301 / 청평면,미방문,
유니온농자재,경기도 여주시,농자재점,,경기도 여주시 현암로 13,,G21001 / 오학동,미방문,
양주보쉬카공업사,경기도 양주시,공구점,,경기도 양주시 백석읍 양주산성로 511-8,,S20301 / 백석읍,미방문,
명성카공업사,경기도 성남시 분당구,공구점,,경기도 성남시 분당구 매화로55번길 6-3,,S20301 / 야탑1동,미방문,
신하철물,경기도 이천시,철물점,,경기도 이천시 부발읍 신아로 9,,G21001 / 부발읍,미방문,
대성공구상사,경기도 광주시,공구점,,경기도 광주시 곤지암읍 경충대로 667,,G21001 / 곤지암읍,미방문,
용신공구철물상사,경기도 안산시 상록구,철물점,,경기도 안산시 상록구 감골로 175,,G21001 / 사동,미방문,
신덕계공업사,경기도 양주시,공구점,,경기도 양주시 평화로 1515-13,,S20301 / 회천2동,미방문,
무원철물,경기도 고양시 덕양구,철물점,,경기도 고양시 덕양구 충경로 27-1,,G21001 / 행신2동,미방문,
동아건재,경기도 안양시 만안구,건자재점,,경기도 안양시 만안구 문예로 12,,G21001 / 안양8동,미방문,
교하건재;교하열쇠,경기도 파주시,건자재점,,경기도 파주시 운정로 29-2,,G21001 / 운정4동,미방문,
다송건재철물,경기도 평택시,건자재점,,경기도 평택시 청북읍 안청로5길 1,,G21001 / 청북읍,미방문,
광릉철물,경기도 남양주시,철물점,,경기도 남양주시 진접읍 광릉내로 73,,G21001 / 진접읍,미방문,
예일카공업사,경기도 안양시 동안구,공구점,,경기도 안양시 동안구 호성로 12,,S20301 / 호계3동,미방문,
대우철물전기열쇠,경기도 의왕시,철물점,,경기도 의왕시 부곡시장4길 18,,G21001 / 부곡동,미방문,
사동종합건재철물,경기도 이천시,건자재점,,경기도 이천시 대월면 사동로 167-1,,G21001 / 대월면,미방문,
신곡철물점,경기도 김포시,철물점,,경기도 김포시 고촌읍 은행영사정로23번길 38,,G21001 / 고촌읍,미방문,
대림철물상사,경기도 수원시 권선구,철물점,,경기도 수원시 권선구 권광로 81-1,,G21001 / 권선1동,미방문,
삼광건재,경기도 안성시,건자재점,,경기도 안성시 양성면 덕봉서원로 519,,G21001 / 양성면,미방문,
제일농자재,경기도 평택시,농자재점,,경기도 평택시 안중읍 안현로서3길 28,,G22199 / 안중읍,미방문,
명품종합철물건재,경기도 여주시,건자재점,,경기도 여주시 산북면 광여로 1307,,G21001 / 산북면,미방문,
중앙부분정비공업사,경기도 부천시 원미구,공구점,,경기도 부천시 원미구 장말로 173,,S20301 / 중동,미방문,
성진철물,경기도 고양시 일산서구,철물점,,경기도 고양시 일산서구 대화로 45-1,,G21001 / 송포동,미방문,
삼일철물,경기도 포천시,철물점,,경기도 포천시 소흘읍 아랫용상길 4,,G21001 / 소흘읍,미방문,
수지공업사,경기도 광주시,공구점,,경기도 광주시 초월읍 현산로 316,,S20301 / 초월읍,미방문,
보성전기철물,경기도 양주시,철물점,,경기도 양주시 은현면 은현로 45,,G21001 / 은현면,미방문,
호법철물,경기도 이천시,철물점,,경기도 이천시 호법면 이섭대천로 519,,G21001 / 호법면,미방문,
한일건재상사,경기도 시흥시,건자재점,,경기도 시흥시 군서마을로 26-2,,G21001 / 정왕본동,미방문,
우림종합철물;잡화식품,경기도 화성시,철물점,,경기도 화성시 양감면 서해로51번길 9,,G21001 / 양감면,미방문,
동태양농자재,경기도 용인시 처인구,농자재점,,경기도 용인시 처인구 백암면 박곡로 140,,G21001 / 백암면,미방문,
서울건재,경기도 가평군,건자재점,,경기도 가평군 가평읍 잎너비길 50-48,,G21099 / 가평읍,미방문,
진산철물건재,경기도 고양시 일산동구,건자재점,,경기도 고양시 일산동구 일산로441번길 79-18,,G21001 / 정발산동,미방문,
성심전기철물,경기도 성남시 중원구,철물점,,경기도 성남시 중원구 희망로326번길 11-4,,G21001 / 상대원3동,미방문,
세경철물,경기도 안산시 상록구,철물점,,경기도 안산시 상록구 수암1길 25,,G21001 / 안산동,미방문,
영광농자재,경기도 의정부시,농자재점,,경기도 의정부시 송산로939번길 118,,G22199 / 고산동,미방문,
도신건재,경기도 연천군,건자재점,,경기도 연천군 신서면 도대로11번길 44,,G21099 / 신서면,미방문,
새터３급공업사,경기도 남양주시,공구점,,경기도 남양주시 화도읍 북한강로 1719,,S20301 / 화도읍,미방문,
성일카공업사,경기도 광주시,공구점,,경기도 광주시 초월읍 현산로 90,,S20301 / 초월읍,미방문,
목감부분정비공업사,경기도 시흥시,공구점,,경기도 시흥시 수인로 2348,,S20301 / 목감동,미방문,
청년안전공구철물,경기도 군포시,철물점,,경기도 군포시 번영로 44,,G21001 / 송부동,미방문,
502인테리어철물,경기도 안양시 동안구,건자재점,,경기도 안양시 동안구 평촌대로374번길 11,,G21001 / 비산3동,미방문,
청계천공구상가노가리호프,경기도 부천시 원미구,공구점,,경기도 부천시 원미구 신흥로321번길 28-16,,I21104 / 약대동,미방문,
뉴완성공업사,경기도 수원시 권선구,공구점,,경기도 수원시 권선구 세화로 55,,S20301 / 평동,미방문,
대왕철물,경기도 성남시 수정구,철물점,,경기도 성남시 수정구 대왕판교로 964,,G21001 / 시흥동,미방문,
진양농자재,경기도 이천시,농자재점,,경기도 이천시 호법면 이섭대천로 606,,G22199 / 호법면,미방문,
보람열쇠.철물,경기도 고양시 일산동구,철물점,,경기도 고양시 일산동구 백석로71번길 43,,G21001 / 백석1동,미방문,
군자인테리어철물전기열쇠,경기도 안산시 단원구,건자재점,,경기도 안산시 단원구 라성로 16,,G21001 / 백운동,미방문,
신흥건재철물,경기도 광명시,건자재점,,경기도 광명시 금하로533번길 4,,G21001 / 소하1동,미방문,
기타건설/건축자재소매업,경기도 고양시 일산서구,건자재점,,경기도 고양시 일산서구 경의로 936,,G21099 / 덕이동,미방문,
대성철물종합건재,경기도 용인시 기흥구,건자재점,,경기도 용인시 기흥구 구성로 83-11,,G21001 / 구성동,미방문,
대명철물설비,경기도 안산시 상록구,철물점,,경기도 안산시 상록구 장하로 317,,G21001 / 안산동,미방문,
진도공업사,경기도 가평군,공구점,,경기도 가평군 가평읍 경춘로 1735-5,,S20301 / 가평읍,미방문,
대부종합건재철물,경기도 안산시 단원구,건자재점,,경기도 안산시 단원구 대부황금로 802,,G21001 / 대부동,미방문,
어천철물건재사,경기도 화성시,건자재점,,경기도 화성시 매송면 화성로2239번길 24,,G21001 / 매송면,미방문,
삼일공업사,경기도 동두천시,공구점,,경기도 동두천시 동광로53번길 35,,S20699 / 중앙동,미방문,
동부철물,경기도 용인시 기흥구,철물점,,경기도 용인시 기흥구 구성로 172,,G21001 / 구성동,미방문,
안성종합건재,경기도 안성시,건자재점,,경기도 안성시 장기로 64-1,,G21001 / 안성2동,미방문,
포곡알미늄공업사,경기도 용인시 처인구,공구점,,경기도 용인시 처인구 포곡읍 영문로29번길 86,,G21099 / 포곡읍,미방문,
광신철물설비,경기도 수원시 장안구,철물점,,경기도 수원시 장안구 수성로304번길 24,,G21001 / 영화동,미방문,
２５시카공업사,경기도 용인시 기흥구,공구점,,경기도 용인시 기흥구 신정로41번길 9,,S20301 / 신갈동,미방문,
양평철물,경기도 구리시,철물점,,경기도 구리시 체육관로 164,,G21001 / 수택1동,미방문,
경기철물에어컨,경기도 수원시 장안구,철물점,,경기도 수원시 장안구 파장로100번길 5,,G21001 / 파장동,미방문,
성동농자재,경기도 남양주시,농자재점,,경기도 남양주시 진접읍 금강로 1863,,G21099 / 진접읍,미방문,
시화보링공업사,경기도 시흥시,공구점,,경기도 시흥시 오이도중앙로5번길 15,,S20301 / 정왕3동,미방문,
승은공구철물점,경기도 연천군,철물점,,경기도 연천군 청산면 초대로264번길 10,,G21001 / 청산면,미방문,
영광철물,경기도 안양시 만안구,철물점,,경기도 안양시 만안구 박달로 475,,G21001 / 호현동,미방문,
한국철물전기,경기도 부천시 오정구,철물점,,경기도 부천시 오정구 성지로 99,,G21001 / 원종1동,미방문,
재원종합철물,경기도 부천시 원미구,철물점,,경기도 부천시 원미구 소향로37번길 19,,G21001 / 상2동,미방문,
신성철물,경기도 성남시 중원구,철물점,,경기도 성남시 중원구 희망로400번길 17,,G21001 / 금광1동,미방문,
개미철물건재,경기도 안산시 상록구,건자재점,,경기도 안산시 상록구 도매시장로 92,,G21001 / 일동,미방문,
현대농자재,경기도 동두천시,농자재점,,경기도 동두천시 삼육사로 902,,G22199 / 생연2동,미방문,
가산농협주유소농기구센터,경기도 포천시,농자재점,,경기도 포천시 가산면 선마로 233,,G21401 / 가산면,미방문,
춘의철물,경기도 부천시 원미구,철물점,,경기도 부천시 원미구 부천로203번길 4,,G21001 / 춘의동,미방문,
합정카공업사,경기도 평택시,공구점,,경기도 평택시 조개터로25번길 43-12,,S20301 / 신평동,미방문,
대광철물,경기도 의정부시,철물점,,경기도 의정부시 태평로 148-1,,G21001 / 의정부1동,미방문,
성일철물장식,경기도 화성시,철물점,,경기도 화성시 10용사로 336,,G21001 / 동탄3동,미방문,
국제철물,경기도 시흥시,철물점,,경기도 시흥시 도일로 110-2,,G21001 / 군자동,미방문,
동부철물,경기도 수원시 영통구,철물점,,경기도 수원시 영통구 신원로 209-2,,G21001 / 매탄3동,미방문,
서부현대공업사,경기도 고양시 일산동구,공구점,,경기도 고양시 일산동구 성석로 148,,S20301 / 고봉동,미방문,
에이스부분정비공업사,경기도 부천시 오정구,공구점,,경기도 부천시 오정구 삼작로 423,,S20301 / 성곡동,미방문,
금호철물,경기도 고양시 일산서구,철물점,,경기도 고양시 일산서구 일청로 40-1,,G21001 / 일산2동,미방문,
대림카공업사,경기도 광주시,공구점,,경기도 광주시 경안천로 170,,S20301 / 송정동,미방문,
용인종합철물공구,경기도 용인시 처인구,철물점,,경기도 용인시 처인구 금학로 395,,G21001 / 중앙동,미방문,
생연철물,경기도 동두천시,철물점,,경기도 동두천시 생골로 35,,G21001 / 불현동,미방문,
성진철물건재,경기도 수원시 영통구,건자재점,,경기도 수원시 영통구 매영로 25,,G21001 / 매탄2동,미방문,
태양철물,경기도 남양주시,철물점,,경기도 남양주시 화도읍 경춘로 2443,,G21001 / 화도읍,미방문,
제일철물,경기도 포천시,철물점,,경기도 포천시 가산면 가산로 339,,G21001 / 가산면,미방문,
만물건재,경기도 광명시,건자재점,,경기도 광명시 광명로 481,,G22201 / 학온동,미방문,
우성공구볼트철물,경기도 김포시,철물점,,경기도 김포시 월곶면 군하로 125,,G21001 / 월곶면,미방문,
선경철물건재,경기도 수원시 장안구,건자재점,,경기도 수원시 장안구 조원로 64,,G21001 / 조원1동,미방문,
주영공업사,경기도 고양시 일산동구,공구점,,경기도 고양시 일산동구 장항로225번길 25,,S20301 / 장항1동,미방문,
남사만물건재,경기도 용인시 처인구,건자재점,,경기도 용인시 처인구 남사읍 봉무로 6,,G21001 / 남사읍,미방문,
가나철물,경기도 의정부시,철물점,,경기도 의정부시 흥선로16번길 10,,G21001 / 흥선동,미방문,
대도공업사,경기도 수원시 장안구,공구점,,경기도 수원시 장안구 장안로 458,,S20301 / 파장동,미방문,
형제철물전기공구,경기도 고양시 덕양구,철물점,,경기도 고양시 덕양구 호국로790번길 78,,G21001 / 성사1동,미방문,
명진철물,경기도 수원시 영통구,철물점,,경기도 수원시 영통구 중부대로 281,,G21001 / 원천동,미방문,
상호건재,경기도 수원시 권선구,건자재점,,경기도 수원시 권선구 권선로 308-18,,G21003 / 평동,미방문,
현성철물건재,경기도 용인시 수지구,건자재점,,경기도 용인시 수지구 신봉1로 62,,G21001 / 신봉동,미방문,
풍덕현대공업사,경기도 용인시 기흥구,공구점,,경기도 용인시 기흥구 신정로 617,,S20301 / 보정동,미방문,
주성건재,경기도 수원시 영통구,건자재점,,경기도 수원시 영통구 광교중앙로248번길 7-3,,G21099 / 광교2동,미방문,
경남철물건재,경기도 파주시,건자재점,,경기도 파주시 파주읍 우계로 119,,G21001 / 파주읍,미방문,
서신철물,경기도 화성시,철물점,,경기도 화성시 서신면 매화2길 2,,G21001 / 서신면,미방문,
통일동산건축자재,경기도 파주시,건자재점,,경기도 파주시 탄현면 약산로 37-1,,G21099 / 탄현면,미방문,
하나오토정비공업사,경기도 안성시,공구점,,경기도 안성시 대덕면 중앙대학로 84,,S20301 / 대덕면,미방문,
진성공업사,경기도 의정부시,공구점,,경기도 의정부시 송산로939번길 11,,S20101 / 고산동,미방문,
경기카공업사,경기도 성남시 중원구,공구점,,경기도 성남시 중원구 산성대로 72,,S20301 / 성남동,미방문,
현대철물,경기도 용인시 처인구,철물점,,경기도 용인시 처인구 남사읍 처인성로185번길 7,,G21001 / 남사읍,미방문,
흥천철물,경기도 여주시,철물점,,경기도 여주시 흥천면 효자로 162-3,,G21001 / 흥천면,미방문,
동백철물,경기도 용인시 기흥구,철물점,,경기도 용인시 기흥구 평촌2로1번길 9,,G21001 / 동백1동,미방문,
신진철물,경기도 양주시,철물점,,경기도 양주시 광적면 부흥로 862,,G21001 / 광적면,미방문,
수도전기，철물상사,경기도 안산시 단원구,철물점,,경기도 안산시 단원구 선부광장남로 109,,G21001 / 선부1동,미방문,
삼성공업사,경기도 포천시,공구점,,경기도 포천시 영북면 영북로 36,,S20301 / 영북면,미방문,
국제공구철물,경기도 화성시,철물점,,경기도 화성시 양감면 토성로 512,,G21001 / 양감면,미방문,
정공업사,경기도 군포시,공구점,,경기도 군포시 한세로78번길 2,,S20301 / 군포1동,미방문,
오케이공구상사,경기도 광주시,공구점,,경기도 광주시 초월읍 경충대로 1325,,G21001 / 초월읍,미방문,
부덕농자재,경기도 이천시,농자재점,,경기도 이천시 호법면 이섭대천로 9,,G22199 / 호법면,미방문,
금호공업사,경기도 안산시 상록구,공구점,,경기도 안산시 상록구 이호로 77-1,,S20301 / 본오1동,미방문,
부발철물설비,경기도 이천시,철물점,,경기도 이천시 중리천로82번길 34,,G21001 / 중리동,미방문,
대영건재철물,경기도 고양시 일산서구,건자재점,,경기도 고양시 일산서구 일중로15번길 99,,G21001 / 일산2동,미방문,
동화공업사,경기도 광명시,공구점,,경기도 광명시 광명로 364-1,,S20301 / 학온동,미방문,
극동카공업사,경기도 성남시 중원구,공구점,,경기도 성남시 중원구 사기막골로150번길 10,,S20301 / 상대원1동,미방문,
동문현대공업사,경기도 용인시 수지구,공구점,,경기도 용인시 수지구 고기로45번길 60,,S20301 / 동천동,미방문,
수원제일공업사,경기도 수원시 권선구,공구점,,경기도 수원시 권선구 매송고색로804번길 21,,S20301 / 평동,미방문,
삼성건재,경기도 남양주시,건자재점,,경기도 남양주시 미금로42번길 5-2,,G21099 / 다산1동,미방문,
포천부분정비공업사,경기도 포천시,공구점,,경기도 포천시 신북면 중앙로 230,,S20301 / 신북면,미방문,
믿음카공업사,경기도 파주시,공구점,,경기도 파주시 문산읍 사임당로 311-10,,S20301 / 문산읍,미방문,
능원철물,경기도 용인시 처인구,철물점,,경기도 용인시 처인구 모현읍 오포로 79,,G21001 / 모현읍,미방문,
신일정비공업사,경기도 부천시 원미구,공구점,,경기도 부천시 원미구 조마루로 427,,S20301 / 원미1동,미방문,
세환철물점,경기도 부천시 원미구,철물점,,경기도 부천시 원미구 길주로77번길 61,,G21001 / 상3동,미방문,
안양정비공업사,경기도 안양시 만안구,공구점,,경기도 안양시 만안구 안양로324번길 43,,S20301 / 안양2동,미방문,
경기공구철물,경기도 가평군,철물점,,경기도 가평군 청평면 경춘로 872,,G21001 / 청평면,미방문,
월드카공업사,경기도 안성시,공구점,,경기도 안성시 금광면 금광초교길 60,,S20301 / 금광면,미방문,
대경철물건재,경기도 이천시,건자재점,,경기도 이천시 백사면 이여로88번길 68-4,,G21001 / 백사면,미방문,
경희건재,경기도 안성시,건자재점,,경기도 안성시 양성면 만세로 620,,G21001 / 양성면,미방문,
서이천공업사,경기도 이천시,공구점,,경기도 이천시 신둔면 황무로254번길 3,,S20301 / 신둔면,미방문,
현대철물종합공구,경기도 안양시 동안구,철물점,,경기도 안양시 동안구 엘에스로 76,,G21001 / 호계1동,미방문,
영광철물건재,경기도 수원시 팔달구,건자재점,,경기도 수원시 팔달구 화양로35번길 5-1,,G21001 / 화서1동,미방문,
주공철물,경기도 의왕시,철물점,,경기도 의왕시 내손중앙7길 15,,G21001 / 내손2동,미방문,
신흥철물,경기도 평택시,철물점,,경기도 평택시 중앙1로 13,,G21001 / 통복동,미방문,
가남유성철물건재,경기도 여주시,건자재점,,경기도 여주시 가남읍 태평중앙1길 17,,G21099 / 가남읍,미방문,
1급태동공업사,경기도 화성시,공구점,,경기도 화성시 양감면 토성로 532,,S20301 / 양감면,미방문,
이륙건재,경기도 의정부시,건자재점,,경기도 의정부시 충의로 35,,G21001 / 송산1동,미방문,
토평철물건재,경기도 구리시,건자재점,,경기도 구리시 벌말로 97,,G21001 / 수택3동,미방문,
상생철물건재,경기도 파주시,건자재점,,경기도 파주시 파주읍 우계로 14,,G21001 / 파주읍,미방문,
동양철물전기,경기도 광명시,철물점,,경기도 광명시 범안로 1056,,G21201 / 하안3동,미방문,
전국건재건기,경기도 김포시,건자재점,,경기도 김포시 김포한강8로148번길 84,,N11101 / 마산동,미방문,
화용맛집철물,경기도 동두천시,철물점,,경기도 동두천시 중앙로373번길 4,,I20101 / 보산동,미방문,
삼성포장철물,경기도 포천시,철물점,,경기도 포천시 소흘읍 송우로 138,,G21001 / 소흘읍,미방문,
21C미래전기철물,경기도 광주시,철물점,,경기도 광주시 역동로 20,,G21001 / 경안동,미방문,
신광명공업사,경기도 광명시,공구점,,경기도 광명시 서독로 96,,S20301 / 학온동,미방문,
서울철물건재,경기도 수원시 영통구,건자재점,,경기도 수원시 영통구 센트럴파크로127번길 165,,G21001 / 광교1동,미방문,
신성기계공구,경기도 김포시,공구점,,경기도 김포시 대곶면 대곶북로 164-1,,G21001 / 대곶면,미방문,
부산철물건재,경기도 의정부시,건자재점,,경기도 의정부시 호국로 1107-1,,G21001 / 흥선동,미방문,
금성철물공구,경기도 고양시 일산서구,철물점,,경기도 고양시 일산서구 홀트로 60,,G21001 / 탄현1동,미방문,
삼성철물건재,경기도 수원시 영통구,건자재점,,경기도 수원시 영통구 권선로 903,,G21001 / 영통2동,미방문,
대원철물,경기도 시흥시,철물점,,경기도 시흥시 신천6길 20,,G21001 / 신천동,미방문,
금산공구철물잡화,경기도 안성시,철물점,,경기도 안성시 일죽면 조목동길 10,,G21202 / 일죽면,미방문,
서울철물,경기도 남양주시,철물점,,경기도 남양주시 퇴계원읍 경춘북로 554-1,,G21001 / 퇴계원읍,미방문,
블루카공업사,경기도 포천시,공구점,,경기도 포천시 신북면 호국로 2486,,S20301 / 신북면,미방문,
라이프종합건재,경기도 수원시 팔달구,건자재점,,경기도 수원시 팔달구 경수대로 459,,G21001 / 인계동,미방문,
현대철물,경기도 양주시,철물점,,경기도 양주시 화합로 1333-1,,G21001 / 회천1동,미방문,
꽃파는철물점,경기도 안양시 만안구,철물점,,경기도 안양시 만안구 양화로128번길 7,,G21901 / 박달동,미방문,
서진기계공구,경기도 가평군,공구점,,경기도 가평군 가평읍 경춘로 2195-51,,G21001 / 가평읍,미방문,
정인현대공업사,경기도 김포시,공구점,,경기도 김포시 양촌읍 양곡3로 156,,S20301 / 양촌읍,미방문,
영중종합건축자재,경기도 포천시,건자재점,,경기도 포천시 영중면 호국로 3011,,G21001 / 영중면,미방문,
쌍용짚월피동공업사,경기도 안산시 상록구,공구점,,경기도 안산시 상록구 부루지길 16,,S20301 / 월피동,미방문,
배곧종합철물,경기도 시흥시,철물점,,경기도 시흥시 배곧4로 22,,G21001 / 배곧1동,미방문,
오토뱅크공업사,경기도 안산시 단원구,공구점,,경기도 안산시 단원구 정왕천동로 116,,S20301 / 초지동,미방문,
기동철물,경기도 성남시 중원구,철물점,,경기도 성남시 중원구 원터로93번길 22,,G21001 / 성남동,미방문,
대원부분정비공업사,경기도 오산시,공구점,,경기도 오산시 부원로 63,,S20301 / 대원2동,미방문,
서수원공업사,경기도 수원시 권선구,공구점,,경기도 수원시 권선구 평동로 27,,S20301 / 평동,미방문,
대일철물상사,경기도 부천시 원미구,철물점,,경기도 부천시 원미구 석천로 58,,G21001 / 상동,미방문,
현대볼트공구상사,경기도 남양주시,공구점,,경기도 남양주시 진접읍 광릉내로 49,,G21001 / 진접읍,미방문,
정안지게차공업사,경기도 여주시,공구점,,경기도 여주시 가남읍 가남로 73,,S20301 / 가남읍,미방문,
금강건재상사,경기도 여주시,건자재점,,경기도 여주시 여양로 312,,G21099 / 오학동,미방문,
금사종합건재,경기도 여주시,건자재점,,경기도 여주시 금사면 이여로 1324,,G21001 / 금사면,미방문,
대광철물,경기도 고양시 덕양구,철물점,,경기도 고양시 덕양구 통일로1154번길 15-19,,G21001 / 관산동,미방문,
능서철물,경기도 여주시,철물점,,경기도 여주시 세종대왕면 마장로 70,,G21001 / 세종대왕면,미방문,
한성철물건재,경기도 포천시,건자재점,,경기도 포천시 관인면 탄동1길 11,,G21001 / 관인면,미방문,
대민카공업사,경기도 화성시,공구점,,경기도 화성시 송산면 송산포도로 140,,S20301 / 송산면,미방문,
한양기계공구,경기도 수원시 팔달구,공구점,,경기도 수원시 팔달구 인계로166번길 48-21,,G21001 / 인계동,미방문,
대성종합건재,경기도 시흥시,건자재점,,경기도 시흥시 시흥대로 257,,G21001 / 능곡동,미방문,
사동철물,경기도 이천시,철물점,,경기도 이천시 대월면 사동로 167,,G21001 / 대월면,미방문,
크린철물,경기도 용인시 처인구,철물점,,경기도 용인시 처인구 중부대로 1144,,G20499 / 삼가동,미방문,
고강철물건재,경기도 부천시 원미구,건자재점,,경기도 부천시 원미구 삼작로 262,,G21001 / 도당동,미방문,
대림철물,경기도 용인시 기흥구,철물점,,경기도 용인시 기흥구 중부대로 579,,G21001 / 구갈동,미방문,
대성철물,경기도 파주시,철물점,,경기도 파주시 적성면 청송로 1035,,G21001 / 적성면,미방문,
보라철물,경기도 용인시 기흥구,철물점,,경기도 용인시 기흥구 민속촌로 15-1,,G21001 / 보라동,미방문,
신암공업사,경기도 양주시,공구점,,경기도 양주시 은현면 은현로 401-15,,S20301 / 은현면,미방문,
현대기아공업사,경기도 포천시,공구점,,경기도 포천시 군내면 포천로909번길 8,,S20301 / 군내면,미방문,
대신공구철물건재,경기도 김포시,건자재점,,경기도 김포시 중봉1로 54,,G21001 / 김포본동,미방문,
북부현대공업사주,경기도 의정부시,공구점,,경기도 의정부시 용현로105번길 45-7,,S20301 / 송산2동,미방문,
대성카공업사,경기도 용인시 처인구,공구점,,경기도 용인시 처인구 백암면 고안로 11,,S20301 / 백암면,미방문,
현대철물,경기도 화성시,철물점,,경기도 화성시 송산면 화성로 455,,G21001 / 송산면,미방문,
현대철물,경기도 광주시,철물점,,경기도 광주시 문화로 129,,G21001 / 경안동,미방문,
원풍농자재산업주,경기도 이천시,농자재점,,경기도 이천시 신둔면 서이천로853번길 114-34,,G21001 / 신둔면,미방문,
정한공업사,경기도 의정부시,공구점,,경기도 의정부시 천보로 581,,S20301 / 자금동,미방문,
신희성철물건재,경기도 평택시,건자재점,,경기도 평택시 탄현로 370,,G21001 / 송북동,미방문,
현일공업사,경기도 양평군,공구점,,경기도 양평군 청운면 청운로 5-1,,S20401 / 청운면,미방문,
진우건축자재,경기도 양주시,건자재점,,경기도 양주시 평화로 1251,,G21001 / 양주1동,미방문,
유리문방화문수리난간휀스대문방충망수리스텐철물주문제작용접,경기도 부천시 원미구,건자재점,,경기도 부천시 원미구 부일로233번길 18,,S20699 / 상동,미방문,
차차건축자재,경기도 연천군,건자재점,,경기도 연천군 전곡읍 은대로259번길 39-11,,G21001 / 전곡읍,미방문,
송포철물,경기도 고양시 일산서구,철물점,,경기도 고양시 일산서구 멱절길124번길 20-8,,G21202 / 송포동,미방문,
동탄에이스1급공업사,경기도 오산시,공구점,,경기도 오산시 외삼미로 54-57,,S20301 / 세마동,미방문,
교하철물,경기도 파주시,철물점,,경기도 파주시 운정로 29-2,,G21003 / 운정4동,미방문,
진철물점,경기도 고양시 덕양구,철물점,,경기도 고양시 덕양구 지도로92번길 14-5,,G21001 / 행주동,미방문,
시흥영농자재,경기도 시흥시,농자재점,,경기도 시흥시 금화로 465-2,,G20502 / 목감동,미방문,
양지공업사,경기도 안산시 단원구,공구점,,경기도 안산시 단원구 번영1로 7,,S20302 / 초지동,미방문,
유일카공업사,경기도 이천시,공구점,,경기도 이천시 마장면 덕평로 802-3,,G20202 / 마장면,미방문,
풍성철물건재안전,경기도 화성시,건자재점,,경기도 화성시 장지로 30,,G21001 / 동탄8동,미방문,
에스케이철물설비,경기도 남양주시,철물점,,경기도 남양주시 홍유릉로325번길 22,,G21001 / 금곡동,미방문,
극동인테리어장식，철물,경기도 화성시,건자재점,,경기도 화성시 병점중앙로211번길 47-5,,M11201 / 진안동,미방문,
그린카공업사,경기도 양평군,공구점,,경기도 양평군 서종면 북한강로789번길 4,,S20302 / 서종면,미방문,
만능전기철물,경기도 용인시 기흥구,철물점,,경기도 용인시 기흥구 마북로 125,,G21001 / 마북동,미방문,
구로철물,경기도 부천시 소사구,철물점,,경기도 부천시 소사구 소사로134번길 14,,G21001 / 소사본1동,미방문,
이천철물점,경기도 이천시,철물점,,경기도 이천시 신둔면 경충대로 3073,,G21001 / 신둔면,미방문,
비엠1급현대공업사,경기도 남양주시,공구점,,경기도 남양주시 화도읍 경춘로 1759,,S20301 / 화도읍,미방문,
문봉공업사,경기도 고양시 일산동구,공구점,,경기도 고양시 일산동구 동국로 335-1,,S20301 / 고봉동,미방문,
양양공업사,경기도 용인시 처인구,공구점,,경기도 용인시 처인구 백암면 죽양대로 891-8,,S20301 / 백암면,미방문,
두꺼비철물,경기도 화성시,철물점,,경기도 화성시 남양읍 화성로 1021-1,,G21001 / 남양읍,미방문,
해룡철물,경기도 수원시 권선구,철물점,,경기도 수원시 권선구 경수대로54번길 83,,G21001 / 곡선동,미방문,
마두철물,경기도 고양시 일산동구,철물점,,경기도 고양시 일산동구 산두로 3-1,,G21001 / 마두1동,미방문,
청풍건재철물,경기도 화성시,건자재점,,경기도 화성시 팔탄면 시청로 830,,G21001 / 팔탄면,미방문,
송추형제문구전기，철물,경기도 양주시,철물점,,경기도 양주시 장흥면 북한산로 1020,,G21302 / 장흥면,미방문,
베스트카공업사,경기도 수원시 권선구,공구점,,경기도 수원시 권선구 장다리로 25,,S20301 / 세류2동,미방문,
만선철물,경기도 광주시,철물점,,경기도 광주시 곤지암읍 만선로 36,,G21001 / 곤지암읍,미방문,
원종합건재철물공사,경기도 광명시,건자재점,,경기도 광명시 도덕공원로 56,,G21001 / 철산3동,미방문,
유한공구상사,경기도 양주시,공구점,,경기도 양주시 평화로 1770,,G21001 / 회천2동,미방문,
웅카공업사,경기도 안산시 상록구,공구점,,경기도 안산시 상록구 벌터1길 10,,S20301 / 부곡동,미방문,
여비철물집수리,경기도 파주시,철물점,,경기도 파주시 황골로 46,,G21001 / 금촌1동,미방문,
공구마트,경기도 안성시,공구점,,경기도 안성시 원곡면 남북대로 1035,,G21001 / 원곡면,미방문,
오만가지철물건재종합상사,경기도 의정부시,건자재점,,경기도 의정부시 승지로 18,,G21099 / 송산2동,미방문,
대진공업사,경기도 여주시,공구점,,경기도 여주시 강천면 강천로 914,,S20301 / 강천면,미방문,
오성철물건재,경기도 남양주시,건자재점,,경기도 남양주시 진접읍 진벌로51번길 1,,G21001 / 진접읍,미방문,
일성공업사,경기도 파주시,공구점,,경기도 파주시 탄현면 방촌로 1015,,S20301 / 탄현면,미방문,
포천농자재,경기도 포천시,농자재점,,경기도 포천시 호국로1354번길 4,,G21901 / 포천동,미방문,
1급동두천공업사,경기도 동두천시,공구점,,경기도 동두천시 삼육사로 979,,S20302 / 불현동,미방문,
광진공업사,경기도 포천시,공구점,,경기도 포천시 군내면 포천로 1043,,S20301 / 군내면,미방문,
소흘철물공구,경기도 포천시,철물점,,경기도 포천시 소흘읍 송우로21번길 3,,G21001 / 소흘읍,미방문,
일산집수리강쌤철물행신점,경기도 고양시 덕양구,철물점,,경기도 고양시 덕양구 용현로35번길 30,,G21001 / 행신2동,미방문,
지월공구철물,경기도 광주시,철물점,,경기도 광주시 초월읍 현산로 359,,G21001 / 초월읍,미방문,
동진철물,경기도 하남시,철물점,,경기도 하남시 대성로 271,,G21001 / 덕풍1동,미방문,
강쌤철물점,경기도 시흥시,철물점,,경기도 시흥시 복지로91번길 21-1,,G21001 / 대야동,미방문,
시온공구철물,경기도 양주시,철물점,,경기도 양주시 칠봉산로168번길 40-16,,G21099 / 회천1동,미방문,
하대원카화물공업사,경기도 성남시 중원구,공구점,,경기도 성남시 중원구 마지로 65,,S20301 / 하대원동,미방문,
충남종합철물,경기도 시흥시,철물점,,경기도 시흥시 정왕천로355번길 4-1,,G21001 / 정왕1동,미방문,
충남철물포장,경기도 안성시,철물점,,경기도 안성시 원곡면 가천중앙1길 92-1,,G21001 / 원곡면,미방문,
대월철물,경기도 이천시,철물점,,경기도 이천시 대월면 대월로 984,,G21001 / 대월면,미방문,
현대카공업사,경기도 광명시,공구점,,경기도 광명시 목감로 200,,S20301 / 광명3동,미방문,
현대공업사,경기도 포천시,공구점,,경기도 포천시 일동면 화동로 1113-10,,S20301 / 일동면,미방문,
차사랑공업사,경기도 부천시 원미구,공구점,,경기도 부천시 원미구 원미로 37,,S20301 / 심곡2동,미방문,
현대카공업사,경기도 군포시,공구점,,경기도 군포시 고산로151번길 32,,S20301 / 군포1동,미방문,
광흥건축자재,경기도 파주시,건자재점,,경기도 파주시 조리읍 등원로 314,,G21001 / 조리읍,미방문,
신봉담공업사,경기도 화성시,공구점,,경기도 화성시 봉담읍 낭내기길 79,,S20301 / 봉담읍,미방문,
형제공업사,경기도 안양시 만안구,공구점,,경기도 안양시 만안구 안양로170번길 46,,S20301 / 안양6동,미방문,
우리공구철물,경기도 양평군,철물점,,경기도 양평군 서종면 무내미길 31,,G21001 / 서종면,미방문,
한국카독공업사원미점,경기도 부천시 원미구,공구점,,경기도 부천시 원미구 원미로 65,,S20301 / 원미2동,미방문,
충남철물,경기도 수원시 권선구,철물점,,경기도 수원시 권선구 평동로 100,,G21001 / 평동,미방문,
카젠에스케이공업사,경기도 평택시,공구점,,경기도 평택시 포승읍 평택항로 488,,S20301 / 포승읍,미방문,
화신철물,경기도 평택시,철물점,,경기도 평택시 지장로7번길 81,,G21001 / 서정동,미방문,
오성철물,경기도 이천시,철물점,,경기도 이천시 단월로 17-4,,G21001 / 중리동,미방문,
부광철물공구,경기도 부천시 원미구,철물점,,경기도 부천시 원미구 조마루로 406-3,,G21001 / 원미1동,미방문,
삼원1급공업사,경기도 용인시 기흥구,공구점,,경기도 용인시 기흥구 원고매로2번길 61,,S20301 / 기흥동,미방문,
우리공업사,경기도 평택시,공구점,,경기도 평택시 오성면 양교길 178,,S20699 / 오성면,미방문,
건재철물,경기도 파주시,건자재점,,경기도 파주시 운정로 146-31,,G21001 / 운정4동,미방문,
수원건재인력사무소,경기도 용인시 기흥구,건자재점,,경기도 용인시 기흥구 신갈로89번길 31,,N10401 / 신갈동,미방문,
송도철물설비,경기도 이천시,철물점,,경기도 이천시 설봉로 31,,G21001 / 관고동,미방문,
세류철물,경기도 수원시 권선구,철물점,,경기도 수원시 권선구 세권로28번길 1,,G21001 / 세류1동,미방문,
주형철물,경기도 평택시,철물점,,경기도 평택시 안중읍 서동대로 1434,,G21001 / 안중읍,미방문,
정상공업사,경기도 남양주시,공구점,,경기도 남양주시 오남읍 진건오남로577번길 8,,S20301 / 오남읍,미방문,
국제열쇠철물,경기도 군포시,철물점,,경기도 군포시 금정로 13-1,,G21001 / 금정동,미방문,
신현대카공업사,경기도 고양시 일산서구,공구점,,경기도 고양시 일산서구 일중로 45,,S20301 / 일산2동,미방문,
대운철물,경기도 의정부시,철물점,,경기도 의정부시 태평로204번길 14,,G21001 / 의정부1동,미방문,
그린3급공업사,경기도 안양시 만안구,공구점,,경기도 안양시 만안구 전파로 13,,S20301 / 안양7동,미방문,
백련건재,경기도 파주시,건자재점,,경기도 파주시 명동길 42,,G21001 / 금촌1동,미방문,
무지개공업사,경기도 성남시 중원구,공구점,,경기도 성남시 중원구 시민로 99,,S20301 / 성남동,미방문,
천하철물,경기도 파주시,철물점,,경기도 파주시 파주로 531,,G21001 / 교하동,미방문,
형제철물건재,경기도 안산시 단원구,건자재점,,경기도 안산시 단원구 풍전로 7,,G21001 / 원곡동,미방문,
광일정비공업사,경기도 고양시 일산동구,공구점,,경기도 고양시 일산동구 호수로446번길 7-4,,S20301 / 백석2동,미방문,
형제철물,경기도 광명시,철물점,,경기도 광명시 시청로138번안길 2,,G21001 / 철산2동,미방문,
퍼스트카공업사,경기도 부천시 소사구,공구점,,경기도 부천시 소사구 송내대로33번길 20-8,,S20301 / 송내1동,미방문,
재성공구상사,경기도 용인시 기흥구,공구점,,경기도 용인시 기흥구 중부대로 386,,G21001 / 신갈동,미방문,
청도공업사팽성점,경기도 평택시,공구점,,경기도 평택시 팽성읍 팽성로 215,,S20301 / 팽성읍,미방문,
경기공업사,경기도 파주시,공구점,,경기도 파주시 적성면 산덕골길 22,,S20699 / 적성면,미방문,
구성철물,경기도 용인시 기흥구,철물점,,경기도 용인시 기흥구 구성로 168,,G21001 / 구성동,미방문,
수상한철물집수리,경기도 포천시,철물점,,경기도 포천시 소흘읍 죽엽산로 66,,G21001 / 소흘읍,미방문,
미래철물점,경기도 군포시,철물점,,경기도 군포시 군포로767번길 53,,G21001 / 산본1동,미방문,
어정철물건재,경기도 용인시 기흥구,건자재점,,경기도 용인시 기흥구 언동로217번길 8,,G21001 / 동백3동,미방문,
대우철물,경기도 수원시 영통구,철물점,,경기도 수원시 영통구 매여울로57번길 40,,G21001 / 매탄1동,미방문,
진영철물건재사,경기도 시흥시,건자재점,,경기도 시흥시 복지로43번길 32,,G21001 / 대야동,미방문,
영건공업사,경기도 파주시,공구점,,경기도 파주시 월롱면 홀작로 100,,S20301 / 월롱면,미방문,
동성건재,경기도 안성시,건자재점,,경기도 안성시 중앙로 438,,G21001 / 안성1동,미방문,
부원철물,경기도 오산시,철물점,,경기도 오산시 궐리사로 106,,G21001 / 남촌동,미방문,
천하철물건재,경기도 평택시,건자재점,,경기도 평택시 안중읍 서동대로 1879,,G21001 / 안중읍,미방문,
재생건재약초,경기도 성남시 중원구,건자재점,,경기도 성남시 중원구 둔촌대로69번길 12-10,,G20509 / 성남동,미방문,
태극철물,경기도 고양시 일산동구,철물점,,경기도 고양시 일산동구 태극로 11,,G21001 / 장항1동,미방문,
평택공작공업사,경기도 평택시,공구점,,경기도 평택시 평택5로 141,,M11401 / 비전2동,미방문,
나라문구철물전기,경기도 파주시,철물점,,경기도 파주시 문산읍 문향로49번길 12,,G20499 / 문산읍,미방문,
우정철물,경기도 양주시,철물점,,경기도 양주시 은현면 은현로56번길 317-27,,G21001 / 은현면,미방문,
비타민집수리;철물,경기도 평택시,철물점,,경기도 평택시 고덕갈평8길 15,,G21001 / 고덕동,미방문,
프로현대공업사,경기도 양주시,공구점,,경기도 양주시 광적면 부흥로 903,,S20301 / 광적면,미방문,
강쌤철물점,경기도 안성시,철물점,,경기도 안성시 보개원삼로 102,,G21001 / 안성1동,미방문,
태산종합철물,경기도 김포시,철물점,,경기도 김포시 대곶면 천호로116번길 185,,G21001 / 대곶면,미방문,
퇴계원농자재,경기도 남양주시,농자재점,,경기도 남양주시 진건읍 진관로 532,,G21001 / 진건읍,미방문,
대진공업사,경기도 고양시 덕양구,공구점,,경기도 고양시 덕양구 동헌로 467,,S20601 / 고양동,미방문,
에이스공구철물,경기도 평택시,철물점,,경기도 평택시 팽성읍 팽성대교길 169,,G21001 / 팽성읍,미방문,
씨티철물,경기도 안양시 만안구,철물점,,경기도 안양시 만안구 덕천로 79,,G21001 / 안양7동,미방문,
럭키철물,경기도 안산시 상록구,철물점,,경기도 안산시 상록구 정재로3길 6,,G21001 / 부곡동,미방문,
한양철물설비,경기도 안산시 단원구,철물점,,경기도 안산시 단원구 보배1길 17,,G21001 / 고잔동,미방문,
경기종합철물건재,경기도 양주시,건자재점,,경기도 양주시 화합로 1625,,G21001 / 옥정1동,미방문,
디케이철물,경기도 남양주시,철물점,,경기도 남양주시 와부읍 안골로 38,,G21001 / 와부읍,미방문,
대림건재,경기도 의정부시,건자재점,,경기도 의정부시 범골로 52,,G21001 / 호원2동,미방문,
유천철물,경기도 수원시 장안구,철물점,,경기도 수원시 장안구 창훈로66번길 11-3,,G21001 / 연무동,미방문,
우정철물건재,경기도 의정부시,건자재점,,경기도 의정부시 안말로 62,,G21001 / 호원1동,미방문,
종합철물공구,경기도 고양시 일산동구,철물점,,경기도 고양시 일산동구 고양대로 1074-5,,G21001 / 식사동,미방문,
송산국제철물공구,경기도 화성시,철물점,,경기도 화성시 수노을2로 36,,G21001 / 새솔동,미방문,
제일철물,경기도 안양시 만안구,철물점,,경기도 안양시 만안구 냉천로 199-1,,G21001 / 안양4동,미방문,
연기철물,경기도 남양주시,철물점,,경기도 남양주시 진접읍 내각1로73번안길 36-36,,G21001 / 진접읍,미방문,
금호카공업사,경기도 여주시,공구점,,경기도 여주시 청심로 76,,S20301 / 중앙동,미방문,
나라원예농자재,경기도 용인시 처인구,농자재점,,경기도 용인시 처인구 백암면 백암로 177,,G21001 / 백암면,미방문,
진원철물공구,경기도 파주시,철물점,,경기도 파주시 광탄면 혜음로 539,,G21001 / 광탄면,미방문,
안산공업사카컨,경기도 안산시 단원구,공구점,,경기도 안산시 단원구 광덕대로 194,,M10599 / 호수동,미방문,
알뜰박사철물,경기도 부천시 원미구,철물점,,경기도 부천시 원미구 소향로 117,,G21001 / 중1동,미방문,
동양공업사,경기도 고양시 일산동구,공구점,,경기도 고양시 일산동구 문봉길62번길 32-100,,S20301 / 고봉동,미방문,
아주철물,경기도 수원시 영통구,철물점,,경기도 수원시 영통구 매여울로67번길 30,,S20699 / 매탄1동,미방문,
제일종합철물,경기도 용인시 기흥구,철물점,,경기도 용인시 기흥구 농서로 77,,G21001 / 서농동,미방문,
곰아저씨철물,경기도 용인시 기흥구,철물점,,경기도 용인시 기흥구 동백중앙로 225-6,,G21201 / 동백2동,미방문,
세화철물,경기도 의정부시,철물점,,경기도 의정부시 흥선로 120,,G21001 / 흥선동,미방문,
대성카공업사,경기도 평택시,공구점,,경기도 평택시 포승읍 포승향남로 129,,S20301 / 포승읍,미방문,
가남철물건재,경기도 여주시,건자재점,,경기도 여주시 가남읍 흑석로 16,,G21001 / 가남읍,미방문,
대성농자재,경기도 화성시,농자재점,,경기도 화성시 서신면 제부로 768,,G21001 / 서신면,미방문,
우리철물건재공구,경기도 가평군,건자재점,,경기도 가평군 가평읍 가화로 70,,G21001 / 가평읍,미방문,
상근이네철물점,경기도 수원시 팔달구,철물점,,경기도 수원시 팔달구 인계로 132,,S20501 / 인계동,미방문,
남서울건재,경기도 안산시 상록구,건자재점,,경기도 안산시 상록구 건건로 53,,G21099 / 반월동,미방문,
풍원철물건재,경기도 의정부시,건자재점,,경기도 의정부시 태평로 153,,G21001 / 의정부1동,미방문,
성지공업사,경기도 의정부시,공구점,,경기도 의정부시 입석로 43-12,,S20301 / 가능동,미방문,
금강철물,경기도 김포시,철물점,,경기도 김포시 양촌읍 김포대로 1690-10,,G21001 / 양촌읍,미방문,
현대철물,경기도 양평군,철물점,,경기도 양평군 청운면 청운로 5,,G21001 / 청운면,미방문,
성진농자재,경기도 파주시,농자재점,,경기도 파주시 문산읍 독산로23번길 15,,G22199 / 문산읍,미방문,
제일건재삼화페인트,경기도 양평군,건자재점,,경기도 양평군 양평읍 시민로 63,,G21099 / 양평읍,미방문,
칠보전기철물,경기도 수원시 권선구,철물점,,경기도 수원시 권선구 금호로 25,,G21001 / 호매실동,미방문,
세진일급공업사,경기도 포천시,공구점,,경기도 포천시 소흘읍 소흘로 7,,S20301 / 소흘읍,미방문,
용포리철물,경기도 화성시,철물점,,경기도 화성시 송산면 용포로243번길 28-44,,G21099 / 송산면,미방문,
황산공업사,경기도 양주시,공구점,,경기도 양주시 광적면 삼일로 85,,S20301 / 광적면,미방문,
대한철물전기,경기도 시흥시,철물점,,경기도 시흥시 시흥대로1065번길 24-1,,G21001 / 신천동,미방문,
동창공업사,경기도 구리시,공구점,,경기도 구리시 동구릉로238번길 15,,S20301 / 동구동,미방문,
미성철물,경기도 양주시,철물점,,경기도 양주시 장흥면 호국로 569,,G21001 / 장흥면,미방문,
지월현대정비공업사,경기도 광주시,공구점,,경기도 광주시 초월읍 현산로 307,,S20301 / 초월읍,미방문,
충남철물,경기도 부천시 오정구,철물점,,경기도 부천시 오정구 수주로 21-1,,G21001 / 고강본동,미방문,
삼성철물,경기도 고양시 덕양구,철물점,,경기도 고양시 덕양구 무원로 24,,G21001 / 행신2동,미방문,
태성철물점,경기도 안산시 상록구,철물점,,경기도 안산시 상록구 성호로 60,,G21001 / 일동,미방문,
성신철물,경기도 평택시,철물점,,경기도 평택시 지제로 127,,G21001 / 세교동,미방문,
한양건재,경기도 파주시,건자재점,,경기도 파주시 파주읍 통일로 1052-1,,G21001 / 파주읍,미방문,
우찬농자재,경기도 시흥시,농자재점,,경기도 시흥시 연성로156번길 50,,G21001 / 연성동,미방문,
오정설비철물전기,경기도 부천시 오정구,철물점,,경기도 부천시 오정구 상오정로 23,,G21001 / 오정동,미방문,
세림건재,경기도 용인시 처인구,건자재점,,경기도 용인시 처인구 양지면 남평로 71,,G21001 / 양지면,미방문,
양주건축자재,경기도 양주시,건자재점,,경기도 양주시 화합로 1410,,R10311 / 회천3동,미방문,
태양건축철물,경기도 용인시 기흥구,철물점,,경기도 용인시 기흥구 신구로 48,,M10901 / 구갈동,미방문,
제시카공업사,경기도 고양시 덕양구,공구점,,경기도 고양시 덕양구 대덕로 133,,S20301 / 대덕동,미방문,
선봉건재,경기도 고양시 일산동구,건자재점,,경기도 고양시 일산동구 성현로 71,,G21001 / 고봉동,미방문,
이동종합건재,경기도 용인시 처인구,건자재점,,경기도 용인시 처인구 이동읍 경기동로687번길 19,,G21001 / 이동읍,미방문,
차사랑공업사,경기도 용인시 수지구,공구점,,경기도 용인시 수지구 풍덕천로30번길 19,,S20301 / 풍덕천2동,미방문,
일죽종합건재,경기도 안성시,건자재점,,경기도 안성시 일죽면 하동길 5,,G21001 / 일죽면,미방문,
충일공업사,경기도 안성시,공구점,,경기도 안성시 원곡면 청원로 1780,,S20301 / 원곡면,미방문,
한성철물건재,경기도 부천시 오정구,건자재점,,경기도 부천시 오정구 고리울로51번길 30,,G21001 / 고강본동,미방문,
우림철물,경기도 광주시,철물점,,경기도 광주시 새말길 95,,G21001 / 신현동,미방문,
수정건재,경기도 광주시,건자재점,,경기도 광주시 초월읍 지월로16번길 85-21,,G21099 / 초월읍,미방문,
스피드공업사,경기도 시흥시,공구점,,경기도 시흥시 수인로 2241-16,,G20201 / 목감동,미방문,
한성건재,경기도 파주시,건자재점,,경기도 파주시 광탄면 혜음로 1055,,G21099 / 광탄면,미방문,
현대이천공업사,경기도 이천시,공구점,,경기도 이천시 경충대로 2938,,G20202 / 관고동,미방문,
디피철물6,경기도 파주시,철물점,,경기도 파주시 초롱꽃로 117-36,,G21001 / 운정6동,미방문,
디피철물6-1,경기도 파주시,철물점,,경기도 파주시 초롱꽃로 117-36,,G21001 / 운정6동,미방문,
대명철물,경기도 시흥시,철물점,,경기도 시흥시 하중로 235,,G21001 / 연성동,미방문,
안산카공업사,경기도 안산시 상록구,공구점,,경기도 안산시 상록구 해안로 1291,,S20301 / 본오1동,미방문,
서울농자재,경기도 여주시,농자재점,,경기도 여주시 대신면 후포1길 31,,G21001 / 대신면,미방문,
씨엘건재,경기도 고양시 일산동구,건자재점,,경기도 고양시 일산동구 은마길 239-29,,G21099 / 고봉동,미방문,
장안1급공업사,경기도 평택시,공구점,,경기도 평택시 포승읍 포승향남로 404,,S20301 / 포승읍,미방문,
화인공업사,경기도 화성시,공구점,,경기도 화성시 정남면 금복길53번길 47-12,,S20301 / 정남면,미방문,
제이제이공업사,경기도 고양시 일산서구,공구점,,경기도 고양시 일산서구 대화2로 17-49,,S20301 / 송포동,미방문,
안성공업사,경기도 연천군,공구점,,경기도 연천군 전곡읍 평화로 695,,S20699 / 전곡읍,미방문,
에스에이치농자재,경기도 안성시,농자재점,,경기도 안성시 장기로 60,,G22199 / 안성2동,미방문,
진철물건재,경기도 고양시 일산동구,건자재점,,경기도 고양시 일산동구 공릉천로 7,,G21001 / 고봉동,미방문,
새집철물.전기,경기도 안산시 상록구,철물점,,경기도 안산시 상록구 각골로 122-1,,G21001 / 본오3동,미방문,
대정공업사,경기도 평택시,공구점,,경기도 평택시 포승읍 서동대로 739,,S20301 / 포승읍,미방문,
대경철물,경기도 시흥시,철물점,,경기도 시흥시 연성로 83-1,,G21001 / 연성동,미방문,
방촌철물,경기도 파주시,철물점,,경기도 파주시 탄현면 방촌로 1110,,G21001 / 탄현면,미방문,
집수리잘하는철물점,경기도 평택시,철물점,,경기도 평택시 서정로 61-13,,G21001 / 서정동,미방문,
유성철물건재,경기도 의정부시,건자재점,,경기도 의정부시 시민로 472,,G21001 / 송산1동,미방문,
철물점,경기도 광명시,철물점,,경기도 광명시 범안로996번길 6,,I20101 / 하안1동,미방문,
무림철물,경기도 김포시,철물점,,경기도 김포시 고촌읍 인향로24번길 66-33,,G21001 / 고촌읍,미방문,
파주건축자재,경기도 파주시,건자재점,,경기도 파주시 월롱면 홀작로 100,,G21099 / 월롱면,미방문,
대금철물,경기도 시흥시,철물점,,경기도 시흥시 정왕천로 401-1,,G21001 / 정왕본동,미방문,
양문건재,경기도 포천시,건자재점,,경기도 포천시 영중면 양문로4길 18,,G21001 / 영중면,미방문,
우리철물건재,경기도 화성시,건자재점,,경기도 화성시 양감면 정문회화로 75-2,,G21001 / 양감면,미방문,
대흥공구상사,경기도 김포시,공구점,,경기도 김포시 대곶면 대곶남로 502,,G21001 / 대곶면,미방문,
동일건재,경기도 의정부시,건자재점,,경기도 의정부시 평화로 271-9,,G21001 / 호원1동,미방문,
삼죽철물종합건재,경기도 안성시,건자재점,,경기도 안성시 삼죽면 삼백로 6,,G21001 / 삼죽면,미방문,
신원정주공업사,경기도 이천시,공구점,,경기도 이천시 부발읍 중부대로 1817,,S20301 / 부발읍,미방문,
열쇠도장명함철물,경기도 성남시 분당구,철물점,,경기도 성남시 분당구 백현로101번길 12,,G21001 / 수내1동,미방문,
분당철물건재,경기도 성남시 분당구,건자재점,,경기도 성남시 분당구 미금로 232,,G21001 / 금곡동,미방문,
한일공업사,경기도 동두천시,공구점,,경기도 동두천시 벌마들로 32,,S20301 / 상패동,미방문,
동서철물건축설비,경기도 양주시,철물점,,경기도 양주시 청담로 308-88,,G21001 / 회천3동,미방문,
미래철물종합건재,경기도 연천군,건자재점,,경기도 연천군 전곡읍 전곡로 179,,G21001 / 전곡읍,미방문,
영웅종합철물,경기도 고양시 일산동구,철물점,,경기도 고양시 일산동구 중앙로1261번길 77,,G21001 / 장항2동,미방문,
상신전기건재,경기도 화성시,건자재점,,경기도 화성시 향남읍 장안로 932-9,,G21001 / 향남읍,미방문,
고려철물,경기도 용인시 수지구,철물점,,경기도 용인시 수지구 문인로13번길 6,,G21001 / 풍덕천1동,미방문,
진성철물설비,경기도 군포시,철물점,,경기도 군포시 당동로21번길 3,,G21001 / 군포2동,미방문,
현대공구상사,경기도 포천시,공구점,,경기도 포천시 소흘읍 호국로 384,,G21001 / 소흘읍,미방문,
전국기계공구,경기도 수원시 권선구,공구점,,경기도 수원시 권선구 정조로 356-1,,G21001 / 세류2동,미방문,
조은현대공업사,경기도 파주시,공구점,,경기도 파주시 파주읍 통일로 1046,,S20301 / 파주읍,미방문,
부부집수리&철물점,경기도 광주시,철물점,,경기도 광주시 대명대길 18-2,,G21001 / 능평동,미방문,
오케이철물,경기도 부천시 원미구,철물점,,경기도 부천시 원미구 길주로363번길 64,,G21001 / 춘의동,미방문,
세화철물,경기도 평택시,철물점,,경기도 평택시 지산로6번길 40,,G21001 / 지산동,미방문,
짱구종합건재목재,경기도 수원시 영통구,건자재점,,경기도 수원시 영통구 광교중앙로25번길 99,,G21001 / 원천동,미방문,
세연홈인테리어.철물,경기도 고양시 일산동구,건자재점,,경기도 고양시 일산동구 소개울2길 58,,M11201 / 중산2동,미방문,
형제철물,경기도 양주시,철물점,,경기도 양주시 백석읍 호명로 28,,G21001 / 백석읍,미방문,
현대형제정비공업사,경기도 화성시,공구점,,경기도 화성시 우정읍 남양만로 561,,S20301 / 우정읍,미방문,
한양철물,경기도 포천시,철물점,,경기도 포천시 가산면 가산로 139,,G21001 / 가산면,미방문,
우공철물안전,경기도 용인시 처인구,철물점,,경기도 용인시 처인구 동부로 38,,G21001 / 동부동,미방문,
미사한빛철물마트,경기도 하남시,철물점,,경기도 하남시 미사강변동로 125,,G21001 / 미사1동,미방문,
상희카농기구수리,경기도 포천시,농자재점,,경기도 포천시 소흘읍 죽엽산로 19,,S20301 / 소흘읍,미방문,
고려신둔철물,경기도 이천시,철물점,,경기도 이천시 신둔면 황무로 489-12,,G21001 / 신둔면,미방문,
안성철물건재,경기도 수원시 장안구,건자재점,,경기도 수원시 장안구 송원로 5,,G21001 / 송죽동,미방문,
다해건재,경기도 부천시 원미구,건자재점,,경기도 부천시 원미구 송내대로265번길 59,,N10201 / 상3동,미방문,
대동철물,경기도 화성시,철물점,,경기도 화성시 효행로 1052,,G21001 / 병점2동,미방문,
공도철물,경기도 안성시,철물점,,경기도 안성시 공도읍 서동대로 4321,,G21001 / 공도읍,미방문,
석호건축자재,경기도 평택시,건자재점,,경기도 평택시 송탄로 209,,G21001 / 서정동,미방문,
만세철물전기배관,경기도 화성시,철물점,,경기도 화성시 향남읍 배터길 10,,G21201 / 향남읍,미방문,
하나철물,경기도 광주시,철물점,,경기도 광주시 태전동2길 4-14,,G21001 / 광남2동,미방문,
한국농자재,경기도 용인시 처인구,농자재점,,경기도 용인시 처인구 중부대로1313번길 6-18,,G22199 / 역북동,미방문,
한결철물;공구,경기도 수원시 권선구,철물점,,경기도 수원시 권선구 세지로42번길 3,,G21001 / 세류3동,미방문,
경인건축자재,경기도 안산시 단원구,건자재점,,경기도 안산시 단원구 산단로 325,,M11201 / 신길동,미방문,
고정철물,경기도 화성시,철물점,,경기도 화성시 송산면 공룡로433번길 4,,G21001 / 송산면,미방문,
희망농자재,경기도 파주시,농자재점,,경기도 파주시 광탄면 부흥로 174,,G21001 / 광탄면,미방문,
1급진건현대공업사,경기도 남양주시,공구점,,경기도 남양주시 진건읍 독정로 259-5,,S20301 / 진건읍,미방문,
현대철물건재,경기도 고양시 일산동구,건자재점,,경기도 고양시 일산동구 대산로31번길 11,,G21001 / 정발산동,미방문,
현대전기철물건재,경기도 광주시,건자재점,,경기도 광주시 고불로 72-1,,G21001 / 광남1동,미방문,
중앙공업사,경기도 용인시 기흥구,공구점,,경기도 용인시 기흥구 중부대로 798,,S20301 / 상하동,미방문,
이천철물건재,경기도 이천시,건자재점,,경기도 이천시 진상미로 2039,,G21001 / 중리동,미방문,
건국종합철물,경기도 양주시,철물점,,경기도 양주시 청담로84번길 153-30,,G21001 / 옥정2동,미방문,
양지공구철물,경기도 남양주시,철물점,,경기도 남양주시 오남읍 진건오남로808번길 9,,G21001 / 오남읍,미방문,
동신철물상사,경기도 안산시 상록구,철물점,,경기도 안산시 상록구 부곡로 68,,G21001 / 부곡동,미방문,
관산철물건재,경기도 고양시 일산동구,건자재점,,경기도 고양시 일산동구 공릉천로 5,,G21001 / 고봉동,미방문,
대학;공구;건재;철물;전기,경기도 파주시,건자재점,,경기도 파주시 파평면 장마루로 17,,G21001 / 파평면,미방문,
서하남공업사,경기도 하남시,공구점,,경기도 하남시 초광산단로 75,,S20301 / 초이동,미방문,
소망철물,경기도 고양시 일산동구,철물점,,경기도 고양시 일산동구 노루목로 99,,G21001 / 장항2동,미방문,
호야농자재,경기도 남양주시,농자재점,,경기도 남양주시 진건읍 진관로 336-35,,G22199 / 진건읍,미방문,
부산철물,경기도 화성시,철물점,,경기도 화성시 송산면 사강로 165,,G21001 / 송산면,미방문,
금강보링공업사,경기도 파주시,공구점,,경기도 파주시 탄현면 방촌로 602-20,,S20301 / 탄현면,미방문,
선은철물,경기도 부천시 원미구,철물점,,경기도 부천시 원미구 부천로30번길 48,,G21001 / 심곡2동,미방문,
파주철물종합상사,경기도 파주시,철물점,,경기도 파주시 파주읍 술이홀로 227,,G21001 / 파주읍,미방문,
신진종합건재,경기도 안성시,건자재점,,경기도 안성시 죽산면 죽주로 246,,G21001 / 죽산면,미방문,
대광기계공구,경기도 여주시,공구점,,경기도 여주시 강변북로 42,,G21001 / 오학동,미방문,
제일철물,경기도 구리시,철물점,,경기도 구리시 검배로31번길 5,,G21001 / 수택1동,미방문,
월드카공업사,경기도 부천시 원미구,공구점,,경기도 부천시 원미구 정주로 6,,S20301 / 도당동,미방문,
앵글철물,경기도 용인시 처인구,철물점,,경기도 용인시 처인구 모현읍 문현로 331,,G21001 / 모현읍,미방문,
번영철물,경기도 안성시,철물점,,경기도 안성시 장기로 138,,G21001 / 안성1동,미방문,
보승공업사,경기도 의왕시,공구점,,경기도 의왕시 괴말길 60,,S20301 / 부곡동,미방문,
화성철물,경기도 화성시,철물점,,경기도 화성시 양감면 정문회화로 17,,G21099 / 양감면,미방문,
현대철물전기재료,경기도 포천시,철물점,,경기도 포천시 소흘읍 죽엽산로 168,,G21201 / 소흘읍,미방문,
영경철물,경상남도 밀양시,철물점,,경상남도 밀양시 상남면 평촌길 3,,G21001 / 상남면,미방문,
대웅건재한약품,경상남도 통영시,건자재점,,경상남도 통영시 동문로 3,,G22199 / 중앙동,미방문,
종합농기구,경상남도 밀양시,농자재점,,경상남도 밀양시 청도면 청도로 70,,S20699 / 청도면,미방문,
낙동정비공업사,경상남도 함안군,공구점,,경상남도 함안군 칠북면 칠북로 25,,S20301 / 칠북면,미방문,
통영철물,경상남도 통영시,철물점,,경상남도 통영시 동호로 54,,G21001 / 정량동,미방문,
은혜철물종합상사,경상남도 밀양시,철물점,,경상남도 밀양시 무안면 사명로 586,,G21001 / 무안면,미방문,
무지개철물,경상남도 밀양시,철물점,,경상남도 밀양시 상동면 청매로 41,,G21001 / 상동면,미방문,
대동철물,경상남도 창원시 마산회원구,철물점,,경상남도 창원시 마산회원구 합성동12길 79,,G20701 / 합성2동,미방문,
삼주공업사,경상남도 합천군,공구점,,경상남도 합천군 적중면 두방길 61-2,,N11199 / 적중면,미방문,
남도공업사,경상남도 남해군,공구점,,경상남도 남해군 남해읍 남해대로 2602-10,,S20301 / 남해읍,미방문,
손부자농자재,경상남도 창녕군,농자재점,,경상남도 창녕군 대합면 십이리길 33,,G22199 / 대합면,미방문,
남일건재사,경상남도 통영시,건자재점,,경상남도 통영시 새터길 61,,G21099 / 명정동,미방문,
진주철물건재사,경상남도 사천시,건자재점,,경상남도 사천시 곤명면 곤수로 33,,G21001 / 곤명면,미방문,
문산종합건재,경상남도 진주시,건자재점,,경상남도 진주시 문산읍 동부로 591,,G21001 / 문산읍,미방문,
１급아주정비공업사,경상남도 거제시,공구점,,경상남도 거제시 용소1길 37,,S20301 / 아주동,미방문,
광희철물,경상남도 창원시 마산회원구,철물점,,경상남도 창원시 마산회원구 합성남로 50,,G21001 / 양덕1동,미방문,
하나철물,경상남도 창원시 성산구,철물점,,경상남도 창원시 성산구 가양로 86,,G21001 / 가음정동,미방문,
흥일종합철물공구,경상남도 김해시,철물점,,경상남도 김해시 한림면 김해대로 973,,G21001 / 한림면,미방문,
공구나라,경상남도 창녕군,공구점,,경상남도 창녕군 창녕읍 상탐하길 78,,S20699 / 창녕읍,미방문,
천마공업사,경상남도 산청군,공구점,,경상남도 산청군 단성면 목화로 1019,,S20301 / 단성면,미방문,
철물/공구소매업,경상남도 창녕군,철물점,,경상남도 창녕군 영산면 신영산로 22,,G21001 / 영산면,미방문,
삼보공구，철물,경상남도 진주시,철물점,,경상남도 진주시 모덕로 42-1,,G21001 / 상대동,미방문,
해동설비철물,경상남도 남해군,철물점,,경상남도 남해군 이동면 무림로 87,,G21001 / 이동면,미방문,
04철물,경상남도 창원시 진해구,철물점,,경상남도 창원시 진해구 경화시장로 31,,G21001 / 병암동,미방문,
태화철물,경상남도 김해시,철물점,,경상남도 김해시 금관대로599번길 34,,G21001 / 장유1동,미방문,
고려종합공구상사,경상남도 양산시,공구점,,경상남도 양산시 웅상대로 880,,G21001 / 덕계동,미방문,
매일건재상회,경상남도 창녕군,건자재점,,경상남도 창녕군 부곡면 부곡로 42,,G21001 / 부곡면,미방문,
옥산철물,경상남도 하동군,철물점,,경상남도 하동군 옥종면 옥종중앙길 57,,G21001 / 옥종면,미방문,
네바퀴정비공업사,경상남도 창원시 성산구,공구점,,경상남도 창원시 성산구 창이대로464번길 16,,S20301 / 용지동,미방문,
용산전기철물,경상남도 김해시,철물점,,경상남도 김해시 상동면 상동로 364,,G21001 / 상동면,미방문,
동양철물공구,경상남도 창원시 마산합포구,철물점,,경상남도 창원시 마산합포구 산호동8길 6-12,,G21001 / 산호동,미방문,
영신건재,경상남도 남해군,건자재점,,경상남도 남해군 고현면 탑동로 65-14,,G21001 / 고현면,미방문,
경남공구상사,경상남도 함안군,공구점,,경상남도 함안군 가야읍 가야로 74,,G21001 / 가야읍,미방문,
B·B생활철물,경상남도 창원시 성산구,철물점,,경상남도 창원시 성산구 외동반림로 219,,G21001 / 반송동,미방문,
영남정비공업사,경상남도 김해시,공구점,,경상남도 김해시 주촌면 서부로1631번길 31,,S20301 / 주촌면,미방문,
사천산업농자재,경상남도 사천시,농자재점,,경상남도 사천시 사천읍 사천대로 1714,,G21001 / 사천읍,미방문,
서우건재,경상남도 합천군,건자재점,,경상남도 합천군 쌍백면 평구1길 46-19,,G21001 / 쌍백면,미방문,
동양전기철물,경상남도 창원시 성산구,철물점,,경상남도 창원시 성산구 안민로 161,,G21001 / 성주동,미방문,
영서종합공구상사,경상남도 함안군,공구점,,경상남도 함안군 칠원읍 원서로 3,,G21001 / 칠원읍,미방문,
북신철물마트,경상남도 통영시,철물점,,경상남도 통영시 북신시장1길 42,,G20499 / 북신동,미방문,
현대공구상사,경상남도 사천시,공구점,,경상남도 사천시 사천읍 진삼로 1329,,G21001 / 사천읍,미방문,
선구철물마트,경상남도 창원시 진해구,철물점,,경상남도 창원시 진해구 용원로 80,,G21001 / 웅동2동,미방문,
금천철물,경상남도 거창군,철물점,,경상남도 거창군 거창읍 거함대로 3211,,G21001 / 거창읍,미방문,
국일전기철물상사,경상남도 창원시 마산회원구,철물점,,경상남도 창원시 마산회원구 합성서1길 132,,G21001 / 합성1동,미방문,
원철물,경상남도 김해시,철물점,,경상남도 김해시 대동면 동남로49번길 26,,G21001 / 대동면,미방문,
현대정비공업사,경상남도 진주시,공구점,,경상남도 진주시 금곡면 월아산로76번길 8,,S20301 / 금곡면,미방문,
덕기철물기계상사,경상남도 통영시,철물점,,경상남도 통영시 멘데해안길 11,,G21001 / 정량동,미방문,
대광철물,경상남도 진주시,철물점,,경상남도 진주시 진주대로 1161,,G21001 / 성북동,미방문,
대영건설기계종합정비공업사,경상남도 진주시,공구점,,경상남도 진주시 남강로 1049,,S20301 / 상평동,미방문,
삼일정비공업사,경상남도 창원시 성산구,공구점,,경상남도 창원시 성산구 반송로61번길 1,,S20301 / 반송동,미방문,
대성철물,경상남도 김해시,철물점,,경상남도 김해시 한림면 한림로401번길 1,,G21001 / 한림면,미방문,
해성철물,경상남도 밀양시,철물점,,경상남도 밀양시 무안면 사명로 477,,G21001 / 무안면,미방문,
풍년건재철물,경상남도 함양군,건자재점,,경상남도 함양군 함양읍 용평중앙길 19,,G21001 / 함양읍,미방문,
한창정비공업사,경상남도 창원시 의창구,공구점,,경상남도 창원시 의창구 남산로9번길 41,,S20301 / 팔룡동,미방문,
정원기계공구,경상남도 고성군,공구점,,경상남도 고성군 고성읍 남해안대로 2657,,N11199 / 고성읍,미방문,
대운철물,경상남도 거제시,철물점,,경상남도 거제시 하청면 하청로 4-1,,G21001 / 하청면,미방문,
만물건재,경상남도 창녕군,건자재점,,경상남도 창녕군 남지읍 남지중앙로 33,,G20499 / 남지읍,미방문,
철물/공구소매업,경상남도 창원시 의창구,철물점,,경상남도 창원시 의창구 도계로 171-1,,G21001 / 명곡동,미방문,
굴수협뒤철물점,경상남도 통영시,철물점,,경상남도 통영시 용남면 견내량로 24-27,,G21001 / 용남면,미방문,
미래장식철물,경상남도 양산시,철물점,,경상남도 양산시 중앙로 89,,G21001 / 중앙동,미방문,
동부공구상사,경상남도 거창군,공구점,,경상남도 거창군 거창읍 중앙로 202,,G21001 / 거창읍,미방문,
동경정비공업사,경상남도 창원시 성산구,공구점,,경상남도 창원시 성산구 동산로54번길 2,,S20301 / 상남동,미방문,
금동철물,경상남도 김해시,철물점,,경상남도 김해시 김해대로2301번길 12,,G21001 / 회현동,미방문,
가야농자재,경상남도 고성군,농자재점,,경상남도 고성군 고성읍 송학고분로358번길 46-9,,G21001 / 고성읍,미방문,
상남철물,경상남도 창원시 성산구,철물점,,경상남도 창원시 성산구 토월로 90,,G21001 / 상남동,미방문,
돌이철물,경상남도 밀양시,철물점,,경상남도 밀양시 내이2길 1,,G21001 / 내이동,미방문,
중앙철물,경상남도 창원시 성산구,철물점,,경상남도 창원시 성산구 원이대로 776,,G21001 / 상남동,미방문,
제일철물,경상남도 거제시,철물점,,경상남도 거제시 거제중앙로 1823,,G21001 / 고현동,미방문,
동아전기철물,경상남도 김해시,철물점,,경상남도 김해시 함박로 52,,G21001 / 내외동,미방문,
유성철물,경상남도 창원시 의창구,철물점,,경상남도 창원시 의창구 지귀로95번길 18-1,,G21001 / 봉림동,미방문,
대동농기구,경상남도 창녕군,농자재점,,경상남도 창녕군 남지읍 동포로 58,,G21001 / 남지읍,미방문,
마창철물,경상남도 창원시 성산구,철물점,,경상남도 창원시 성산구 마디미로 28,,G21001 / 상남동,미방문,
양만옥건재한약방,경상남도 양산시,건자재점,,경상남도 양산시 하북면 신평중앙길 11,,G22199 / 하북면,미방문,
성전철물,경상남도 함안군,철물점,,경상남도 함안군 대산면 대산중앙로 239,,G21001 / 대산면,미방문,
제일건재지업사,경상남도 거창군,건자재점,,경상남도 거창군 가조면 지산로 1493-1,,G21001 / 가조면,미방문,
언양전기철물,경상남도 창원시 성산구,철물점,,경상남도 창원시 성산구 대정로35번길 3,,G21001 / 가음정동,미방문,
토월정비공업사,경상남도 창원시 성산구,공구점,,경상남도 창원시 성산구 신사로35번길 30,,S20301 / 용지동,미방문,
진해철물볼트상사,경상남도 창원시 진해구,철물점,,경상남도 창원시 진해구 충장로 513,,G21001 / 덕산동,미방문,
중부전기철물,경상남도 창원시 진해구,철물점,,경상남도 창원시 진해구 중초로 15,,G21001 / 태백동,미방문,
삼진철물잡화사,경상남도 창원시 진해구,철물점,,경상남도 창원시 진해구 여좌로21번길 6-3,,G21001 / 여좌동,미방문,
토토건재상사,경상남도 창원시 마산합포구,건자재점,,경상남도 창원시 마산합포구 회원천북길 441,,G21099 / 합포동,미방문,
부산철물,경상남도 거창군,철물점,,경상남도 거창군 신원면 신차로 3063,,G21001 / 신원면,미방문,
반송철물,경상남도 창원시 성산구,철물점,,경상남도 창원시 성산구 반송로 148-16,,G21001 / 반송동,미방문,
대동철물,경상남도 창원시 의창구,철물점,,경상남도 창원시 의창구 대산면 가술길1번길 18,,G21001 / 대산면,미방문,
지성기계공구,경상남도 밀양시,공구점,,경상남도 밀양시 삼랑진읍 삼랑진로 185-1,,G21001 / 삼랑진읍,미방문,
동화철물,경상남도 밀양시,철물점,,경상남도 밀양시 북성로 7,,G21001 / 내이동,미방문,
신유성정비공업사,경상남도 창원시 의창구,공구점,,경상남도 창원시 의창구 의안로55번길 3,,S20301 / 의창동,미방문,
중앙철물,경상남도 창원시 성산구,철물점,,경상남도 창원시 성산구 반지로16번길 12,,G21001 / 반송동,미방문,
해운종합건축자재,경상남도 창원시 마산합포구,건자재점,,경상남도 창원시 마산합포구 가포로 54-1,,G21001 / 월영동,미방문,
삼삼철물,경상남도 진주시,철물점,,경상남도 진주시 금산면 금산로 46,,G21001 / 금산면,미방문,
구일공업사,경상남도 창녕군,공구점,,경상남도 창녕군 부곡면 부곡로 75,,S20699 / 부곡면,미방문,
화목농자재,경상남도 김해시,농자재점,,경상남도 김해시 장유로301번길 11,,G22199 / 장유1동,미방문,
국제모타철물,경상남도 남해군,철물점,,경상남도 남해군 남해읍 화전로43번길 9,,G21001 / 남해읍,미방문,
혜주전기철물,경상남도 창원시 진해구,철물점,,경상남도 창원시 진해구 동진로 57,,G21001 / 석동,미방문,
시장철물점,경상남도 합천군,철물점,,경상남도 합천군 초계면 아막재로 1,,G21001 / 초계면,미방문,
대성종합기계공구,경상남도 창원시 진해구,공구점,,경상남도 창원시 진해구 충장로 481,,G21001 / 덕산동,미방문,
기승철물,경상남도 거제시,철물점,,경상남도 거제시 옥포로12길 3,,G21001 / 옥포1동,미방문,
사거리전기철물,경상남도 창원시 성산구,철물점,,경상남도 창원시 성산구 반송로 38,,G21001 / 반송동,미방문,
대광수도철물공구,경상남도 밀양시,철물점,,경상남도 밀양시 북성로1길 7,,G21001 / 내이동,미방문,
가호안전철물,경상남도 진주시,철물점,,경상남도 진주시 이반성면 발산길 10-27,,G21001 / 이반성면,미방문,
북천대성가스.철물,경상남도 하동군,철물점,,경상남도 하동군 북천면 경서대로 2437-1,,G21403 / 북천면,미방문,
부영카정비공업사,경상남도 창녕군,공구점,,경상남도 창녕군 부곡면 원앙로 213,,S20301 / 부곡면,미방문,
대륙철물건재,경상남도 창원시 의창구,건자재점,,경상남도 창원시 의창구 읍성로 102,,G21001 / 의창동,미방문,
올마트농자재,경상남도 진주시,농자재점,,경상남도 진주시 문산읍 월아산로 784,,G21001 / 문산읍,미방문,
일진건재당약국,경상남도 김해시,건자재점,,경상남도 김해시 분성로 303,,G21501 / 회현동,미방문,
경남종합건재,경상남도 거창군,건자재점,,경상남도 거창군 거창읍 거열로 240-1,,G21099 / 거창읍,미방문,
대정철물건재,경상남도 창원시 마산합포구,건자재점,,경상남도 창원시 마산합포구 진전면 대정1길 17,,G21001 / 진전면,미방문,
가야철물,경상남도 김해시,철물점,,경상남도 김해시 활천로 23,,G21001 / 활천동,미방문,
삼원전기철물,경상남도 김해시,철물점,,경상남도 김해시 금관대로1193번길 9,,G21201 / 내외동,미방문,
태화정비공업사,경상남도 창원시 의창구,공구점,,경상남도 창원시 의창구 차상로8번길 61,,S20301 / 팔룡동,미방문,
통영한빛철물,경상남도 통영시,철물점,,경상남도 통영시 중앙로 202-1,,G21001 / 중앙동,미방문,
혜성공구철물,경상남도 진주시,철물점,,경상남도 진주시 공단로 147,,G21001 / 상평동,미방문,
로타리정비공업사,경상남도 창원시 의창구,공구점,,경상남도 창원시 의창구 도계로 27,,S20301 / 명곡동,미방문,
삼성냉동공업사,경상남도 거제시,공구점,,경상남도 거제시 고현로 83,,S20501 / 고현동,미방문,
마이카정비공업사,경상남도 창원시 성산구,공구점,,경상남도 창원시 성산구 상남로202번길 43-1,,S20301 / 용지동,미방문,
쌍둥이철물·설비,경상남도 양산시,철물점,,경상남도 양산시 동면 석산6길 33,,G21001 / 동면,미방문,
창원철물마트창원설비,경상남도 창원시 성산구,철물점,,경상남도 창원시 성산구 반송로82번길 1,,G21001 / 반송동,미방문,
세아농자재마트,경상남도 진주시,농자재점,,경상남도 진주시 문산읍 동부로 682,,G21001 / 문산읍,미방문,
신진건재,경상남도 남해군,건자재점,,경상남도 남해군 남해읍 화전로38번길 5,,G21001 / 남해읍,미방문,
반도철물공구종합상사,경상남도 김해시,철물점,,경상남도 김해시 전하로 133,,G21001 / 칠산서부동,미방문,
대신당건재한약품,경상남도 창원시 진해구,건자재점,,경상남도 창원시 진해구 충장로 357,,G20508 / 병암동,미방문,
남산철물건재,경상남도 산청군,건자재점,,경상남도 산청군 산청읍 웅석봉로 39,,G21001 / 산청읍,미방문,
영산카정비공업사,경상남도 창녕군,공구점,,경상남도 창녕군 영산면 원다리길 31,,S20301 / 영산면,미방문,
양지공구철물,경상남도 사천시,철물점,,경상남도 사천시 사남면 사천대로 1630,,G21001 / 사남면,미방문,
장유전기철물,경상남도 김해시,철물점,,경상남도 김해시 능동로 183,,G21001 / 장유1동,미방문,
라이프쇼파가구공업사,경상남도 창원시 마산회원구,공구점,,경상남도 창원시 마산회원구 315대로 828,,G21101 / 합성2동,미방문,
편안한건재,경상남도 하동군,건자재점,,경상남도 하동군 고전면 재첩길 5-6,,G21001 / 고전면,미방문,
하성공구철물,경상남도 통영시,철물점,,경상남도 통영시 통영해안로 368,,G21001 / 정량동,미방문,
선효열쇠공구상사,경상남도 함양군,공구점,,경상남도 함양군 함양읍 용평1길 7,,G21001 / 함양읍,미방문,
동일철물,경상남도 밀양시,철물점,,경상남도 밀양시 하남읍 수산중앙로 29-1,,G21001 / 하남읍,미방문,
보람정비공업사,경상남도 창원시 의창구,공구점,,경상남도 창원시 의창구 태복산로13번길 35,,S20301 / 명곡동,미방문,
우진철물,경상남도 함양군,철물점,,경상남도 함양군 함양읍 용평중앙길 14-1,,G21001 / 함양읍,미방문,
국민정비공업사,경상남도 창원시 마산회원구,공구점,,경상남도 창원시 마산회원구 봉암공단10길 39,,S20301 / 봉암동,미방문,
비젼철물건재상회,경상남도 합천군,건자재점,,경상남도 합천군 합천읍 대야로 919,,G21001 / 합천읍,미방문,
현대철물,경상남도 창원시 마산합포구,철물점,,경상남도 창원시 마산합포구 북성로 47-1,,G21001 / 교방동,미방문,
덕산철물,경상남도 거제시,철물점,,경상남도 거제시 중곡로 47,,G21001 / 고현동,미방문,
대성철물,경상남도 창원시 의창구,철물점,,경상남도 창원시 의창구 동읍 동읍로 244,,G21001 / 동읍,미방문,
명성정비공업사,경상남도 창원시 의창구,공구점,,경상남도 창원시 의창구 차상로18번길 8,,S20301 / 팔룡동,미방문,
현대철물,경상남도 창원시 마산회원구,철물점,,경상남도 창원시 마산회원구 내서읍 광려천동로 20,,G21001 / 내서읍,미방문,
월드철물,경상남도 창원시 성산구,철물점,,경상남도 창원시 성산구 신사로 83-1,,G21001 / 용지동,미방문,
서포건재,경상남도 사천시,건자재점,,경상남도 사천시 서포면 다평로 554,,G21001 / 서포면,미방문,
진영종합철물,경상남도 김해시,철물점,,경상남도 김해시 진영읍 김해대로 74,,G21001 / 진영읍,미방문,
신한정비공업사,경상남도 거창군,공구점,,경상남도 거창군 거창읍 밤티재로 1310,,S20301 / 거창읍,미방문,
따봉정비공업사,경상남도 김해시,공구점,,경상남도 김해시 생림면 생림대로 638,,S20301 / 생림면,미방문,
대형정비공업사,경상남도 창원시 의창구,공구점,,경상남도 창원시 의창구 사화로 272,,S20301 / 팔룡동,미방문,
새진교철물,경상남도 하동군,철물점,,경상남도 하동군 진교면 민다리안길 72-8,,G21001 / 진교면,미방문,
제일카부분정비공업사,경상남도 김해시,공구점,,경상남도 김해시 주촌면 서부로1637번길 35,,S20301 / 주촌면,미방문,
창원전기철물,경상남도 창원시 진해구,철물점,,경상남도 창원시 진해구 중초로 31,,G21001 / 태백동,미방문,
송학철물,경상남도 창원시 진해구,철물점,,경상남도 창원시 진해구 중원로80번길 9,,G21001 / 충무동,미방문,
하남철물농자재,경상남도 밀양시,농자재점,,경상남도 밀양시 하남읍 수산복개길 13-8,,G21001 / 하남읍,미방문,
하이종합공구상사,경상남도 고성군,공구점,,경상남도 고성군 하이면 남일로 405,,G21001 / 하이면,미방문,
엠제이인테리어;철물,경상남도 거제시,건자재점,,경상남도 거제시 옥포대첩로3길 1,,M11201 / 옥포2동,미방문,
부림종합건재,경상남도 의령군,건자재점,,경상남도 의령군 부림면 대한로 1775,,G21001 / 부림면,미방문,
용덕카정비공업사,경상남도 김해시,공구점,,경상남도 김해시 한림면 용덕로 232,,S20301 / 한림면,미방문,
신천정비공업사,경상남도 창원시 의창구,공구점,,경상남도 창원시 의창구 차상로 80,,S20301 / 팔룡동,미방문,
대성철물,경상남도 김해시,철물점,,경상남도 김해시 금관대로 1305-1,,G21001 / 내외동,미방문,
수도.전기.철물,경상남도 창원시 성산구,철물점,,경상남도 창원시 성산구 토월로 70,,G21001 / 상남동,미방문,
인평철물,경상남도 통영시,철물점,,경상남도 통영시 평인일주로 66,,G21001 / 도천동,미방문,
화성건재철물,경상남도 진주시,건자재점,,경상남도 진주시 새들말로 42-9,,G21001 / 판문동,미방문,
동원철물,경상남도 창원시 의창구,철물점,,경상남도 창원시 의창구 사림로 69,,G21001 / 봉림동,미방문,
명동철물,경상남도 김해시,철물점,,경상남도 김해시 한림면 한림로128번길 14-1,,G21001 / 한림면,미방문,
퍼펙트정비공업사,경상남도 김해시,공구점,,경상남도 김해시 진영읍 여래로20번길 76,,S20301 / 진영읍,미방문,
논산철물건재,경상남도 거제시,건자재점,,경상남도 거제시 옥포중앙로 92,,G21001 / 옥포2동,미방문,
낙서종합농기구,경상남도 의령군,농자재점,,경상남도 의령군 부림면 신번로10길 17-5,,S20699 / 부림면,미방문,
반동건재철물,경상남도 창원시 마산합포구,건자재점,,경상남도 창원시 마산합포구 구산면 이순신로 1,,G21001 / 구산면,미방문,
성창목공건재상사,경상남도 합천군,건자재점,,경상남도 합천군 합천읍 대야로 909,,G21099 / 합천읍,미방문,
풍년철물,경상남도 거창군,철물점,,경상남도 거창군 거창읍 중앙로 140,,G21001 / 거창읍,미방문,
산청철물건재사,경상남도 산청군,건자재점,,경상남도 산청군 산청읍 웅석봉로 2,,G21001 / 산청읍,미방문,
OK철물,경상남도 김해시,철물점,,경상남도 김해시 진영읍 진영로218번길 14,,G21001 / 진영읍,미방문,
미래건재상회,경상남도 하동군,건자재점,,경상남도 하동군 악양면 악양동로 258-1,,G21001 / 악양면,미방문,
국제천막농자재,경상남도 진주시,농자재점,,경상남도 진주시 진양호로556번길 5,,G20906 / 중앙동,미방문,
경진건재,경상남도 창원시 진해구,건자재점,,경상남도 창원시 진해구 충장로407번길 3-4,,G21001 / 이동,미방문,
새본산정비공업사,경상남도 김해시,공구점,,경상남도 김해시 진영읍 본산1로 75,,S20301 / 진영읍,미방문,
다고쳐철물,경상남도 창원시 성산구,철물점,,경상남도 창원시 성산구 동산로 192-1,,G21001 / 사파동,미방문,
성진철물,경상남도 양산시,철물점,,경상남도 양산시 중앙로 188-1,,G21001 / 중앙동,미방문,
훈일철물,경상남도 김해시,철물점,,경상남도 김해시 호계로 498-1,,G21001 / 동상동,미방문,
북면종합철물,경상남도 창원시 의창구,철물점,,경상남도 창원시 의창구 북면 천주로 488,,G21001 / 북면,미방문,
대성건재,경상남도 밀양시,건자재점,,경상남도 밀양시 밀양대로 1799,,G21001 / 삼문동,미방문,
성남철물건재상회,경상남도 진주시,건자재점,,경상남도 진주시 대곡면 진의로1091번길 3,,G21001 / 대곡면,미방문,
동건건축자재안전,경상남도 창원시 마산회원구,건자재점,,경상남도 창원시 마산회원구 315대로 512,,G21001 / 회원1동,미방문,
진해타일건재,경상남도 창원시 진해구,건자재점,,경상남도 창원시 진해구 경화로 12-1,,G21003 / 경화동,미방문,
대광철물,경상남도 창원시 마산회원구,철물점,,경상남도 창원시 마산회원구 회성시장1길 2,,G21001 / 회성동,미방문,
한아철물상사,경상남도 김해시,철물점,,경상남도 김해시 장유로 313,,G21001 / 장유1동,미방문,
삼영타일종합건재,경상남도 창녕군,건자재점,,경상남도 창녕군 남지읍 남지중앙로 103,,G21001 / 남지읍,미방문,
대우철물,경상남도 창원시 진해구,철물점,,경상남도 창원시 진해구 충장로364번길 18-5,,G21001 / 병암동,미방문,
신흥전기철물,경상남도 창원시 의창구,철물점,,경상남도 창원시 의창구 지귀로119번길 9-3,,G21001 / 봉림동,미방문,
미래전기철물,경상남도 창원시 진해구,철물점,,경상남도 창원시 진해구 벚꽃로60번길 8,,G21001 / 충무동,미방문,
다판다철물점,경상남도 하동군,철물점,,경상남도 하동군 옥종면 옥단로 1022,,G21001 / 옥종면,미방문,
남양철물상회,경상남도 남해군,철물점,,경상남도 남해군 남해읍 화전로 106,,G21001 / 남해읍,미방문,
미래철물,경상남도 거제시,철물점,,경상남도 거제시 장평로 49-1,,G21001 / 장평동,미방문,
남산철물장식,경상남도 김해시,철물점,,경상남도 김해시 김해대로2385번길 39-4,,G21001 / 부원동,미방문,
미광악기공업사,경상남도 창원시 마산합포구,공구점,,경상남도 창원시 마산합포구 315대로 302-2,,G21203 / 오동동,미방문,
철물점사람들,경상남도 김해시,철물점,,경상남도 김해시 인제로 85,,G21001 / 활천동,미방문,
삼합전기건재철물,경상남도 진주시,건자재점,,경상남도 진주시 평거로18번길 13-8,,G21001 / 평거동,미방문,
혜동건재상사,경상남도 창원시 마산회원구,건자재점,,경상남도 창원시 마산회원구 삼호로 273,,G21001 / 회성동,미방문,
와이엠조명철물,경상남도 진주시,건자재점,,경상남도 진주시 천수로 212-1,,G21001 / 천전동,미방문,
금성철물건재,경상남도 고성군,건자재점,,경상남도 고성군 고성읍 중앙로15번길 57,,G21001 / 고성읍,미방문,
동상정비공업사,경상남도 김해시,공구점,,경상남도 김해시 호계로517번길 4,,S20301 / 동상동,미방문,
대왕홉스철물,경상남도 거창군,철물점,,경상남도 거창군 거창읍 중앙로 140,,G21001 / 거창읍,미방문,
신우철물건재,경상남도 진주시,건자재점,,경상남도 진주시 평거로 223,,G21099 / 이현동,미방문,
지수카부분정비공업사,경상남도 진주시,공구점,,경상남도 진주시 지수면 지수로 454,,S20301 / 지수면,미방문,
창원전기철물,경상남도 창원시 성산구,철물점,,경상남도 창원시 성산구 가양로 94,,G21201 / 가음정동,미방문,
화신건재설비상사,경상남도 함안군,건자재점,,경상남도 함안군 가야읍 함마대로 1516,,G21001 / 가야읍,미방문,
삼광건재,경상남도 진주시,건자재점,,경상남도 진주시 도동로 241,,G21099 / 하대동,미방문,
외동열쇠，철물,경상남도 김해시,철물점,,경상남도 김해시 평전로 28,,G21001 / 내외동,미방문,
청암공업사,경상남도 하동군,공구점,,경상남도 하동군 청암면 하존길 36-14,,G21001 / 청암면,미방문,
진전종합철물,경상남도 창원시 마산합포구,철물점,,경상남도 창원시 마산합포구 진북면 삼진의거대로 532,,G21001 / 진북면,미방문,
공간철물,경상남도 창원시 마산회원구,철물점,,경상남도 창원시 마산회원구 내서읍 삼계로 63,,G21001 / 내서읍,미방문,
대진종합철물,경상남도 진주시,철물점,,경상남도 진주시 동진로 262,,G21001 / 상대동,미방문,
해성철물,경상남도 거제시,철물점,,경상남도 거제시 상동5길 119,,G21001 / 상문동,미방문,
동남부분정비공업사，통영로케트밧데리,경상남도 통영시,공구점,,경상남도 통영시 여황로 228,,S20301 / 명정동,미방문,
대명건재,경상남도 함안군,건자재점,,경상남도 함안군 칠원읍 경남대로 1540-5,,G21099 / 칠원읍,미방문,
흥진철물건재,경상남도 진주시,건자재점,,경상남도 진주시 모덕로 200-1,,G21001 / 상대동,미방문,
1급광영종합정비공업사,경상남도 양산시,공구점,,경상남도 양산시 상북면 어곡터널로 190,,S20301 / 상북면,미방문,
진영철물상회,경상남도 김해시,철물점,,경상남도 김해시 진영읍 진영로 137,,G21001 / 진영읍,미방문,
두꺼비철물공구건재,경상남도 김해시,건자재점,,경상남도 김해시 인제로220번길 21-4,,G21001 / 삼안동,미방문,
이방철물,경상남도 창녕군,철물점,,경상남도 창녕군 이방면 이방대합로 360,,G21001 / 이방면,미방문,
부흥종합농자재철물상사,경상남도 사천시,농자재점,,경상남도 사천시 진삼로 220,,G21001 / 남양동,미방문,
거창철물전기,경상남도 창원시 마산합포구,철물점,,경상남도 창원시 마산합포구 자산삼거리로 32,,G21001 / 자산동,미방문,
남성철물,경상남도 창원시 마산합포구,철물점,,경상남도 창원시 마산합포구 어시장4길 24,,G21001 / 오동동,미방문,
케이원종합정비공업사,경상남도 창원시 진해구,공구점,,경상남도 창원시 진해구 안골로108번길 76,,S20301 / 웅동2동,미방문,
영통당건재한약품,경상남도 창녕군,건자재점,,경상남도 창녕군 창녕읍 교리1길 3,,G22199 / 창녕읍,미방문,
대광철물,경상남도 김해시,철물점,,경상남도 김해시 삼안로 274-1,,G21001 / 삼안동,미방문,
대성목재건재,경상남도 밀양시,건자재점,,경상남도 밀양시 무안면 사명로 488,,G21099 / 무안면,미방문,
창녕대형카정비공업사,경상남도 창녕군,공구점,,경상남도 창녕군 창녕읍 자련길 13,,S20301 / 창녕읍,미방문,
풍농비료농자재,경상남도 진주시,농자재점,,경상남도 진주시 망경로 232,,G22199 / 천전동,미방문,
중현리공업사,경상남도 남해군,공구점,,경상남도 남해군 서면 화방로 486,,S20301 / 서면,미방문,
삼성철물,경상남도 사천시,철물점,,경상남도 사천시 새시장길 16,,G21001 / 동서금동,미방문,
그린오토피아정비공업사,경상남도 창원시 성산구,공구점,,경상남도 창원시 성산구 용지로245번길 40,,S20301 / 용지동,미방문,
쌍마공업사,경상남도 밀양시,공구점,,경상남도 밀양시 삼문안길 7-2,,S20301 / 삼문동,미방문,
진성철물,경상남도 진주시,철물점,,경상남도 진주시 진성면 동부로 1562,,G21001 / 진성면,미방문,
웅동철물설비,경상남도 창원시 진해구,철물점,,경상남도 창원시 진해구 웅동로51번길 2,,G21001 / 웅동1동,미방문,
1급세일정비공업사,경상남도 통영시,공구점,,경상남도 통영시 광도면 남해안대로 873-1,,S20301 / 광도면,미방문,
경남철물,경상남도 의령군,철물점,,경상남도 의령군 의령읍 의병로 167,,G21001 / 의령읍,미방문,
어방종합전기철물,경상남도 김해시,철물점,,경상남도 김해시 분성로501번길 21,,G21001 / 활천동,미방문,
대성정비공업사,경상남도 창원시 의창구,공구점,,경상남도 창원시 의창구 남산로17번길 45-1,,S20301 / 팔룡동,미방문,
형제철물전기,경상남도 창원시 진해구,철물점,,경상남도 창원시 진해구 충장로 211-4,,G21001 / 태백동,미방문,
봉성건재,경상남도 함안군,건자재점,,경상남도 함안군 함안면 함안대로 100-2,,G21001 / 함안면,미방문,
제일철물,경상남도 창원시 마산회원구,철물점,,경상남도 창원시 마산회원구 양덕북4길 79,,G21001 / 양덕1동,미방문,
중앙전기철물,경상남도 거창군,철물점,,경상남도 거창군 거창읍 중앙로 140,,G21001 / 거창읍,미방문,
오너라인정비공업사,경상남도 창원시 의창구,공구점,,경상남도 창원시 의창구 사화로10번길 28,,S20301 / 팔룡동,미방문,
신진철물,경상남도 사천시,철물점,,경상남도 사천시 벌용길 20,,G21001 / 벌용동,미방문,
태양공구철물점,경상남도 양산시,철물점,,경상남도 양산시 하북면 양산대로 2638,,G21001 / 하북면,미방문,
영선공업사,경상남도 밀양시,공구점,,경상남도 밀양시 하남읍 시동중앙길 14,,S20699 / 하남읍,미방문,
황금철물설비,경상남도 김해시,철물점,,경상남도 김해시 진영읍 여래로20번길 17-15,,N10201 / 진영읍,미방문,
승호철물건재,경상남도 진주시,건자재점,,경상남도 진주시 지수면 지수로 462,,G21001 / 지수면,미방문,
각산철물,경상남도 사천시,철물점,,경상남도 사천시 각산로 27,,G21001 / 선구동,미방문,
일성종합철물,경상남도 하동군,철물점,,경상남도 하동군 하동읍 시장1길 26-5,,G21001 / 하동읍,미방문,
제일철물종합상사,경상남도 창원시 의창구,철물점,,경상남도 창원시 의창구 지귀로 21,,G21001 / 명곡동,미방문,
전국종합정비공업사,경상남도 양산시,공구점,,경상남도 양산시 상북면 와곡4길 13,,S20301 / 상북면,미방문,
원일철물,경상남도 함양군,철물점,,경상남도 함양군 함양읍 한들로 257,,G21001 / 함양읍,미방문,
동상철물,경상남도 창원시 진해구,철물점,,경상남도 창원시 진해구 충장로 42,,G21001 / 충무동,미방문,
동화철물종합상사,경상남도 함안군,철물점,,경상남도 함안군 칠원읍 운무로 8,,G21001 / 칠원읍,미방문,
일흥철물공구상사,경상남도 통영시,철물점,,경상남도 통영시 광도면 공단로 794,,G21001 / 광도면,미방문,
선진건재사,경상남도 함양군,건자재점,,경상남도 함양군 서상면 서상로 263,,G21001 / 서상면,미방문,
남편손빌리기철물점,경상남도 창원시 성산구,철물점,,경상남도 창원시 성산구 외동반림로 212,,G21001 / 용지동,미방문,
양산철물,경상남도 양산시,철물점,,경상남도 양산시 물금읍 증산역로 140,,G21001 / 물금읍,미방문,
원지건축자재,경상남도 산청군,건자재점,,경상남도 산청군 신안면 원지로 7,,G21001 / 신안면,미방문,
신성종합건재,경상남도 밀양시,건자재점,,경상남도 밀양시 북성로 52,,G21001 / 내이동,미방문,
무안철물,경상남도 밀양시,철물점,,경상남도 밀양시 무안면 사명대사생가로 1,,G21001 / 무안면,미방문,
파워공구마트,경상남도 김해시,공구점,,경상남도 김해시 상동면 동북로 463,,G21001 / 상동면,미방문,
협동전기철물,경상남도 양산시,철물점,,경상남도 양산시 중앙로 133,,G21001 / 중앙동,미방문,
삼신철물상회,경상남도 양산시,철물점,,경상남도 양산시 하북면 신평로 36,,G21001 / 하북면,미방문,
형제건재철물,경상남도 밀양시,건자재점,,경상남도 밀양시 무안면 서부1길 24,,G21001 / 무안면,미방문,
동읍건재,경상남도 창원시 진해구,건자재점,,경상남도 창원시 진해구 병암북로4번길 9-11,,G21001 / 병암동,미방문,
금성철물,경상남도 진주시,철물점,,경상남도 진주시 동진로 205,,G21001 / 상대동,미방문,
진동건재,경상남도 창원시 마산합포구,건자재점,,경상남도 창원시 마산합포구 진동면 삼진의거대로 661-2,,G22199 / 진동면,미방문,
동명건축농자재판매상사,경상남도 창원시 의창구,농자재점,,경상남도 창원시 의창구 대산면 진산대로 499,,G21099 / 대산면,미방문,
현대종합건재,경상남도 밀양시,건자재점,,경상남도 밀양시 삼랑진읍 천태로 62,,G21001 / 삼랑진읍,미방문,
진영종합철물,경상남도 김해시,철물점,,경상남도 김해시 진영읍 봉하로 20,,G21001 / 진영읍,미방문,
현대철물건재,경상남도 거제시,건자재점,,경상남도 거제시 둔덕면 거제남서로 4556,,G21001 / 둔덕면,미방문,
제일건재,경상남도 김해시,건자재점,,경상남도 김해시 진영읍 진영로 187,,G21002 / 진영읍,미방문,
전문철물상회,경상남도 창원시 마산합포구,철물점,,경상남도 창원시 마산합포구 성호동1길 2,,G21001 / 오동동,미방문,
바로종합상사공구;철물;전기;설비,경상남도 양산시,철물점,,경상남도 양산시 서창로 42-8,,G21001 / 서창동,미방문,
대호정비공업사,경상남도 창원시 의창구,공구점,,경상남도 창원시 의창구 북면 천주로 1047,,S20301 / 북면,미방문,
신기철물,경상남도 의령군,철물점,,경상남도 의령군 의령읍 의병로 157,,G21001 / 의령읍,미방문,
마천철물,경상남도 함양군,철물점,,경상남도 함양군 마천면 천왕봉로 1164,,G21001 / 마천면,미방문,
벽공건재,경상남도 창원시 의창구,건자재점,,경상남도 창원시 의창구 북면 신촌본포로63번길 20-36,,G21099 / 북면,미방문,
이레철물.종합설비,경상남도 김해시,철물점,,경상남도 김해시 우암로 149,,G21001 / 내외동,미방문,
공단공구철물,경상남도 창원시 의창구,철물점,,경상남도 창원시 의창구 창원대로 400,,G21001 / 팔룡동,미방문,
중앙철물설비,경상남도 거제시,철물점,,경상남도 거제시 옥포대첩로3길 27-1,,G21001 / 옥포2동,미방문,
일성철물,경상남도 창원시 마산합포구,철물점,,경상남도 창원시 마산합포구 자산남10길 21,,G21001 / 자산동,미방문,
봉수당건재한약방,경상남도 창원시 마산회원구,건자재점,,경상남도 창원시 마산회원구 회원북21길 42,,G22199 / 회원2동,미방문,
신화철물건재,경상남도 진주시,건자재점,,경상남도 진주시 진양호로 289,,G21001 / 평거동,미방문,
청호철물,경상남도 진주시,철물점,,경상남도 진주시 진성면 동부로 1331,,G21001 / 진성면,미방문,
동원철물,경상남도 김해시,철물점,,경상남도 김해시 활천로 184,,G21001 / 활천동,미방문,
부곡종합건재,경상남도 창녕군,건자재점,,경상남도 창녕군 부곡면 원앙로 244,,G21001 / 부곡면,미방문,
수광종합철물,경상남도 창원시 마산합포구,철물점,,경상남도 창원시 마산합포구 심온길 92,,G21001 / 자산동,미방문,
삼영철물,경상남도 창원시 마산회원구,철물점,,경상남도 창원시 마산회원구 양덕북1길 30,,G21001 / 양덕1동,미방문,
창성전기철물,경상남도 창원시 마산회원구,철물점,,경상남도 창원시 마산회원구 석전동5길 17,,G21001 / 석전동,미방문,
철물식품,경상남도 양산시,철물점,,경상남도 양산시 서창서1길 29,,G21001 / 서창동,미방문,
와룡종합건재,경상남도 사천시,건자재점,,경상남도 사천시 신항로 87,,G21001 / 벌용동,미방문,
남문철물상회,경상남도 사천시,철물점,,경상남도 사천시 곤양면 서삼로 4,,G21001 / 곤양면,미방문,
태양카정비공업사,경상남도 김해시,공구점,,경상남도 김해시 금관대로 1256,,S20301 / 내외동,미방문,
김해제일정비공업사,경상남도 김해시,공구점,,경상남도 김해시 분성로557번길 17,,S20301 / 활천동,미방문,
죽림종합건재.철물상사,경상남도 통영시,건자재점,,경상남도 통영시 광도면 죽림2로 76-153,,G21001 / 광도면,미방문,
광신철물,경상남도 진주시,철물점,,경상남도 진주시 공단로 102,,G21001 / 상평동,미방문,
국제철물,경상남도 창원시 의창구,철물점,,경상남도 창원시 의창구 명지로84번길 20,,G21001 / 명곡동,미방문,
동명건축자재종합상사,경상남도 김해시,건자재점,,경상남도 김해시 칠산로 421,,G21099 / 칠산서부동,미방문,
철물/공구소매업,경상남도 거창군,철물점,,경상남도 거창군 거창읍 중앙로2길 7,,G21001 / 거창읍,미방문,
금산철물,경상남도 김해시,철물점,,경상남도 김해시 한림면 김해대로 1479-1,,G21001 / 한림면,미방문,
서진종합정비공업사,경상남도 밀양시,공구점,,경상남도 밀양시 상남면 상남로 1118-14,,S20301 / 상남면,미방문,
화신공업사,경상남도 창원시 마산회원구,공구점,,경상남도 창원시 마산회원구 합성남9길 43,,G21202 / 합성2동,미방문,
씨유마산수출3공구점,경상남도 창원시 마산회원구,공구점,,경상남도 창원시 마산회원구 봉암공단13길 15-19,,G20405 / 봉암동,미방문,
중앙철물,경상남도 하동군,철물점,,경상남도 하동군 횡천면 문화1길 12,,G21001 / 횡천면,미방문,
한일건재,경상남도 창원시 의창구,건자재점,,경상남도 창원시 의창구 사림로 103,,G21001 / 봉림동,미방문,
평화공업사,경상남도 진주시,공구점,,경상남도 진주시 큰들로114번길 13,,S20301 / 상평동,미방문,
한일철물,경상남도 김해시,철물점,,경상남도 김해시 가락로 153,,G21001 / 북부동,미방문,
푸른카정비공업사,경상남도 김해시,공구점,,경상남도 김해시 내외로 32,,S20301 / 내외동,미방문,
신흥만물철물,경상남도 진주시,철물점,,경상남도 진주시 진양호로 547-2,,G21001 / 중앙동,미방문,
유림농건재,경상남도 함양군,건자재점,,경상남도 함양군 유림면 천왕봉로 2879,,G22199 / 유림면,미방문,
제일건재사,경상남도 함양군,건자재점,,경상남도 함양군 안의면 광풍로 177,,G21099 / 안의면,미방문,
범어철물,경상남도 양산시,철물점,,경상남도 양산시 물금읍 황산로 769,,G21001 / 물금읍,미방문,
동부산철물,경상남도 창원시 성산구,철물점,,경상남도 창원시 성산구 안민로117번길 3,,G21001 / 성주동,미방문,
무학철물인테리어,경상남도 창원시 성산구,건자재점,,경상남도 창원시 성산구 외동반림로262번길 13,,G21002 / 용지동,미방문,
중앙철물설비,경상남도 김해시,철물점,,경상남도 김해시 평전로 97,,G21001 / 내외동,미방문,
지수건재철물,경상남도 진주시,건자재점,,경상남도 진주시 지수면 지수로 498,,G21001 / 지수면,미방문,
함양약초시장3호산약초건재,경상남도 함양군,건자재점,,경상남도 함양군 안의면 약초시장길 27,,G22199 / 안의면,미방문,
신세대정비공업사,경상남도 창원시 의창구,공구점,,경상남도 창원시 의창구 남산로9번길 18,,S20301 / 팔룡동,미방문,
남양전기철물,경상남도 창원시 성산구,철물점,,경상남도 창원시 성산구 가음로15번길 52,,G21001 / 가음정동,미방문,
대방철물,경상남도 창원시 의창구,철물점,,경상남도 창원시 의창구 대산면 봉강가술로394번길 11-10,,G21001 / 대산면,미방문,
광명전기철물,경상남도 창원시 성산구,철물점,,경상남도 창원시 성산구 원이대로473번길 20-11,,G21001 / 반송동,미방문,
신동성정비공업사,경상남도 창원시 의창구,공구점,,경상남도 창원시 의창구 서상로12번길 11-1,,S20301 / 의창동,미방문,
동남철물공구안전,경상남도 거제시,철물점,,경상남도 거제시 거제대로 3533,,G21001 / 아주동,미방문,
삼영철물공구,경상남도 김해시,철물점,,경상남도 김해시 진영읍 장등로 38,,G21001 / 진영읍,미방문,
대봉철물전기상사,경상남도 진주시,철물점,,경상남도 진주시 대신로 215,,G21001 / 상대동,미방문,
북부철물점,경상남도 창원시 진해구,철물점,,경상남도 창원시 진해구 웅천로 167-2,,G21001 / 웅천동,미방문,
부곡카정비공업사,경상남도 창녕군,공구점,,경상남도 창녕군 부곡면 온천로 665,,S20301 / 부곡면,미방문,
기명건재,경상남도 김해시,건자재점,,경상남도 김해시 진영읍 진영로 225,,G20803 / 진영읍,미방문,
신반철물건재,경상남도 의령군,건자재점,,경상남도 의령군 부림면 신번로 158,,G21001 / 부림면,미방문,
반성건재,경상남도 진주시,건자재점,,경상남도 진주시 일반성면 떡보길 7,,G21001 / 일반성면,미방문,
동호철물,경상남도 창원시 마산회원구,철물점,,경상남도 창원시 마산회원구 북성로 148,,G21001 / 회원1동,미방문,
금성철물점,경상남도 남해군,철물점,,경상남도 남해군 남해읍 화전로96번가길 20,,G21001 / 남해읍,미방문,
베스트튜닝정비공업사,경상남도 창원시 의창구,공구점,,경상남도 창원시 의창구 태복산로15번길 40,,S20301 / 명곡동,미방문,
우성철물,경상남도 창원시 진해구,철물점,,경상남도 창원시 진해구 충장로 575-3,,G21001 / 풍호동,미방문,
경북철물,경상남도 진주시,철물점,,경상남도 진주시 도동로 192,,G21201 / 하대동,미방문,
성진전기철물,경상남도 진주시,철물점,,경상남도 진주시 대신로 441-1,,G21001 / 초장동,미방문,
진강철물,경상남도 진주시,철물점,,경상남도 진주시 창렬로 6,,G21001 / 성북동,미방문,
동남공업사,경상남도 거제시,공구점,,경상남도 거제시 옥포성안로 86,,G21099 / 옥포2동,미방문,
일신건재,경상남도 진주시,건자재점,,경상남도 진주시 서장대로407번길 8,,G21003 / 성북동,미방문,
화신공업사,경상남도 함양군,공구점,,경상남도 함양군 함양읍 용평3길 8,,S20301 / 함양읍,미방문,
동산건재상사,경상남도 밀양시,건자재점,,경상남도 밀양시 무안면 창밀로 2376,,G21099 / 무안면,미방문,
소원건강건재,경상남도 창원시 의창구,건자재점,,경상남도 창원시 의창구 사화로17번길 2,,G22199 / 팔룡동,미방문,
대우건재,경상남도 고성군,건자재점,,경상남도 고성군 회화면 배둔로19번길 8-2,,G21001 / 회화면,미방문,
덕산철물,경상남도 김해시,철물점,,경상남도 김해시 함박로 121,,G21001 / 내외동,미방문,
영오건재,경상남도 고성군,건자재점,,경상남도 고성군 영오면 옥천로 1490,,G21001 / 영오면,미방문,
신안카정비공업사,경상남도 김해시,공구점,,경상남도 김해시 삼문로44번길 4,,S20301 / 장유2동,미방문,
금성공업사,경상남도 하동군,공구점,,경상남도 하동군 금성면 광포길 60,,S20301 / 금성면,미방문,
부일건축설비철물;언클로그드레인솔루션,경상남도 통영시,철물점,,경상남도 통영시 운하1길 2,,G21001 / 봉평동,미방문,
참좋은정비공업사,경상남도 창원시 마산회원구,공구점,,경상남도 창원시 마산회원구 봉양로 151,,S20301 / 봉암동,미방문,
JS건축철물,경상남도 창원시 의창구,철물점,,경상남도 창원시 의창구 천주로36번길 1,,G21001 / 의창동,미방문,
두성철물,경상남도 창원시 진해구,철물점,,경상남도 창원시 진해구 진해대로970번길 28,,G21001 / 덕산동,미방문,
농자재나라,경상남도 김해시,농자재점,,경상남도 김해시 생림면 생림대로 1340,,G21001 / 생림면,미방문,
영흥건재,경상남도 통영시,건자재점,,경상남도 통영시 충렬로 48,,G21099 / 명정동,미방문,
갈전종합농기구센타,경상남도 진주시,농자재점,,경상남도 진주시 금산면 송백로 1,,S20699 / 금산면,미방문,
태화전기철물,경상남도 창원시 성산구,철물점,,경상남도 창원시 성산구 창이대로881번길 11,,G21001 / 사파동,미방문,
우승종합철물,경상남도 사천시,철물점,,경상남도 사천시 유람선길 179,,G21001 / 동서동,미방문,
신진철물건재,경상남도 진주시,건자재점,,경상남도 진주시 도동로 180,,G21001 / 하대동,미방문,
부일철물,경상남도 창원시 마산회원구,철물점,,경상남도 창원시 마산회원구 구암동3길 2,,G21001 / 구암2동,미방문,
신정인정비공업사,경상남도 창원시 성산구,공구점,,경상남도 창원시 성산구 용호로 120,,S20301 / 용지동,미방문,
동양카센타농기구수리점,경상남도 하동군,농자재점,,경상남도 하동군 악양면 하신대길 2,,S20699 / 악양면,미방문,
삼화철물,경상남도 합천군,철물점,,경상남도 합천군 삼가면 일부4길 15-2,,G21001 / 삼가면,미방문,
종합공구상사,경상남도 거창군,공구점,,경상남도 거창군 거창읍 거열로 183,,G21001 / 거창읍,미방문,
창진기계공구,경상남도 진주시,공구점,,경상남도 진주시 대곡면 진의로 1060,,G21001 / 대곡면,미방문,
골든인테리어.철물,경상남도 통영시,건자재점,,경상남도 통영시 도리1길 140,,G21002 / 도천동,미방문,
산청1급정비공업사,경상남도 산청군,공구점,,경상남도 산청군 산청읍 친환경로2720번길 91,,S20301 / 산청읍,미방문,
극동철물,경상남도 하동군,철물점,,경상남도 하동군 하동읍 중앙로 23,,G21001 / 하동읍,미방문,
형주네철물점,경상남도 거제시,철물점,,경상남도 거제시 고현로 72,,G21001 / 고현동,미방문,
진주철물,경상남도 진주시,철물점,,경상남도 진주시 진양호로 613,,G21001 / 중앙동,미방문,
삼광철물상회,경상남도 사천시,철물점,,경상남도 사천시 서부시장길 77-25,,G21001 / 동서동,미방문,
동아철물설비,경상남도 남해군,철물점,,경상남도 남해군 남면 남서대로 797-1,,G21001 / 남면,미방문,
그린종합철물,경상남도 사천시,철물점,,경상남도 사천시 사천읍 구암두문로 44,,G21001 / 사천읍,미방문,
인성건재사,경상남도 창녕군,건자재점,,경상남도 창녕군 영산면 로터리길 30,,G21001 / 영산면,미방문,
삼성철물,경상남도 함양군,철물점,,경상남도 함양군 마천면 군자길 3,,G21001 / 마천면,미방문,
나라철물공구,경상남도 김해시,철물점,,경상남도 김해시 진영읍 장등로 50,,G21001 / 진영읍,미방문,
알프스마트철물,경상남도 밀양시,철물점,,경상남도 밀양시 산내면 도래재로 953,,G20404 / 산내면,미방문,
진명철물,경상남도 진주시,철물점,,경상남도 진주시 금곡면 두문길 6,,G21001 / 금곡면,미방문,
부광건설기계공구,경상남도 김해시,공구점,,경상남도 김해시 김해대로 2777,,G21001 / 불암동,미방문,
은혜정비공업사,경상남도 창원시 의창구,공구점,,경상남도 창원시 의창구 의창대로54번길 6-17,,S20301 / 팔룡동,미방문,
서남철물,경상남도 양산시,철물점,,경상남도 양산시 물금읍 황산로 615,,G21001 / 물금읍,미방문,
현대건재,경상남도 진주시,건자재점,,경상남도 진주시 대곡면 진의로 1077,,G21001 / 대곡면,미방문,
경남철물건재,경상남도 진주시,건자재점,,경상남도 진주시 모덕로150번길 2,,G21001 / 상대동,미방문,
양산공구철물,경상남도 양산시,철물점,,경상남도 양산시 물금읍 황산로 399,,G21001 / 물금읍,미방문,
일원정비공업사,경상남도 양산시,공구점,,경상남도 양산시 웅상대로 1516-7,,S20301 / 서창동,미방문,
동의당건재한약품,경상남도 사천시,건자재점,,경상남도 사천시 중앙로 76-1,,G22199 / 동서금동,미방문,
수복종합철물,경상남도 사천시,철물점,,경상남도 사천시 어시장길 30,,G21001 / 동서동,미방문,
대기철물건축,경상남도 진주시,철물점,,경상남도 진주시 일반성면 동부로 1983,,G21001 / 일반성면,미방문,
삼거리종합전기철물,경상남도 양산시,철물점,,경상남도 양산시 원동면 원동마을길 68,,G21001 / 원동면,미방문,
한성당건재한약방,경상남도 창원시 마산합포구,건자재점,,경상남도 창원시 마산합포구 교방천북길 275,,G22199 / 합포동,미방문,
경남철물,경상남도 하동군,철물점,,경상남도 하동군 화개면 화개로 22,,G21001 / 화개면,미방문,
신아기계공구상사,경상남도 진주시,공구점,,경상남도 진주시 장대로 26-1,,G21001 / 중앙동,미방문,
새마을철물,경상남도 고성군,철물점,,경상남도 고성군 고성읍 중앙로15번길 70,,G21001 / 고성읍,미방문,
제일종합건재,경상남도 밀양시,건자재점,,경상남도 밀양시 밀양대로 1972,,G21099 / 내이동,미방문,
사포정비공업사,경상남도 밀양시,공구점,,경상남도 밀양시 부북면 사포로 8,,S20301 / 부북면,미방문,
현대종합공구철물,경상남도 사천시,철물점,,경상남도 사천시 사천읍 사천대로 1886-1,,G21001 / 사천읍,미방문,
대광종합타일건재인테리어,경상남도 양산시,건자재점,,경상남도 양산시 물금읍 오봉1길 52,,M11201 / 물금읍,미방문,
대동철물,경상남도 합천군,철물점,,경상남도 합천군 삼가면 삼가중앙길 16-3,,G21001 / 삼가면,미방문,
남해동화철물,경상남도 남해군,철물점,,경상남도 남해군 남해읍 화전로43번길 5-1,,G21001 / 남해읍,미방문,
천하카부분정비공업사,경상남도 거창군,공구점,,경상남도 거창군 거창읍 주곡로 499,,S20301 / 거창읍,미방문,
대림건재,경상남도 창원시 성산구,건자재점,,경상남도 창원시 성산구 가양로98번길 9,,G21001 / 가음정동,미방문,
동화철물상회,경상남도 함양군,철물점,,경상남도 함양군 수동면 수동길 59-1,,G20404 / 수동면,미방문,
부영철물,경상남도 하동군,철물점,,경상남도 하동군 하동읍 시장1길 14-2,,G21001 / 하동읍,미방문,
대한철물,경상남도 진주시,철물점,,경상남도 진주시 남강로687번길 4,,G21001 / 중앙동,미방문,
완사전기철물,경상남도 사천시,철물점,,경상남도 사천시 곤명면 완사1길 33-10,,G21001 / 곤명면,미방문,
동아종합건재,경상남도 함안군,건자재점,,경상남도 함안군 가야읍 가야로 194,,G21099 / 가야읍,미방문,
곤양농기구수리센타,경상남도 사천시,농자재점,,경상남도 사천시 곤양면 화초골길 11-4,,S20699 / 곤양면,미방문,
효성농기구수리쎈타,경상남도 합천군,농자재점,,경상남도 합천군 가회면 황매산로 58-5,,G20301 / 가회면,미방문,
철물만돌이,경상남도 고성군,철물점,,경상남도 고성군 동해면 동해로 1640,,G21001 / 동해면,미방문,
우암공구철물,경상남도 양산시,철물점,,경상남도 양산시 학동길 57,,G21001 / 강서동,미방문,
하나철물,경상남도 창원시 성산구,철물점,,경상남도 창원시 성산구 신사로21번길 18-23,,G21001 / 용지동,미방문,
88건재철물/종합설비인테리어,경상남도 창원시 성산구,건자재점,,경상남도 창원시 성산구 동산로 202,,G21001 / 사파동,미방문,
MIT정비공업사,경상남도 창원시 의창구,공구점,,경상남도 창원시 의창구 사화로18번길 16,,S20301 / 팔룡동,미방문,
한국전기철물,경상남도 김해시,철물점,,경상남도 김해시 계동로 240,,G21001 / 장유2동,미방문,
부광철물점,경상남도 창원시 마산회원구,철물점,,경상남도 창원시 마산회원구 내서읍 삼계로 64,,G21001 / 내서읍,미방문,
보광정비공업사,경상남도 창원시 의창구,공구점,,경상남도 창원시 의창구 읍성로 13-1,,S20301 / 의창동,미방문,
동부철물건재,경상남도 거제시,건자재점,,경상남도 거제시 동부면 동부로 24,,G21001 / 동부면,미방문,
대동철물점,경상남도 창원시 성산구,철물점,,경상남도 창원시 성산구 창원천로 292,,G21001 / 반송동,미방문,
제일공업사,경상남도 창원시 의창구,공구점,,경상남도 창원시 의창구 지귀로 44,,G22201 / 봉림동,미방문,
한국건재,경상남도 합천군,건자재점,,경상남도 합천군 가야면 가야시장로 41,,G21099 / 가야면,미방문,
명성당건재한약품,경상남도 창원시 의창구,건자재점,,경상남도 창원시 의창구 도계로 37,,G20508 / 명곡동,미방문,
오복철물,경상남도 진주시,철물점,,경상남도 진주시 모덕로269번길 1,,G21001 / 하대동,미방문,
중앙종합철물건재,경상남도 함안군,건자재점,,경상남도 함안군 군북면 중암6길 4,,G21001 / 군북면,미방문,
대동건축자재,경상남도 진주시,건자재점,,경상남도 진주시 내동면 내동로 216-12,,G21099 / 내동면,미방문,
대신건재,경상남도 진주시,건자재점,,경상남도 진주시 진주성로 91,,G21001 / 상봉동,미방문,
평화철물,경상남도 통영시,철물점,,경상남도 통영시 통영해안로 211,,G21001 / 명정동,미방문,
현대철물,경상남도 김해시,철물점,,경상남도 김해시 삼안로112번길 79-12,,G21001 / 삼안동,미방문,
현대철물,경상남도 사천시,철물점,,경상남도 사천시 곤양면 곤양로 112,,G21001 / 곤양면,미방문,
삼화전기철물,경상남도 통영시,철물점,,경상남도 통영시 안개4길 20,,G21001 / 무전동,미방문,
지원정비공업사,경상남도 창원시 의창구,공구점,,경상남도 창원시 의창구 무역로503번길 5-26,,S20301 / 팔룡동,미방문,
금효정비공업사,경상남도 창원시 의창구,공구점,,경상남도 창원시 의창구 태복산로31번길 27,,S20301 / 명곡동,미방문,
덕산공업사,경상남도 산청군,공구점,,경상남도 산청군 시천면 남명로240번길 19,,S20699 / 시천면,미방문,
해성담배철물,경상남도 창원시 마산회원구,철물점,,경상남도 창원시 마산회원구 구암북1길 56,,G21001 / 구암1동,미방문,
대원기계공구,경상남도 하동군,공구점,,경상남도 하동군 하동읍 경서대로 187,,G21001 / 하동읍,미방문,
삼성설비철물,경상남도 창원시 성산구,철물점,,경상남도 창원시 성산구 신사로45번길 2-1,,G21001 / 용지동,미방문,
두산판넬건재,경상남도 밀양시,건자재점,,경상남도 밀양시 용평로 537-1,,G21099 / 교동,미방문,
대명전기철물,경상남도 창원시 성산구,철물점,,경상남도 창원시 성산구 마디미로 28,,G21001 / 상남동,미방문,
명성페인트공업사,경상남도 의령군,공구점,,경상남도 의령군 부림면 신번로 139-1,,G21003 / 부림면,미방문,
영광철물,경상남도 김해시,철물점,,경상남도 김해시 삼안로 259,,G21001 / 삼안동,미방문,
삼방설비철물,경상남도 김해시,철물점,,경상남도 김해시 삼안로 180-1,,G21001 / 삼안동,미방문,
진례종합철물,경상남도 김해시,철물점,,경상남도 김해시 진례면 송현로 24,,G21001 / 진례면,미방문,
한양정비공업사,경상남도 창원시 의창구,공구점,,경상남도 창원시 의창구 창이대로95번길 14,,S20301 / 명곡동,미방문,
대신카정비공업사,경상남도 창녕군,공구점,,경상남도 창녕군 남지읍 대신길 6,,S20301 / 남지읍,미방문,
명자철물,경상남도 통영시,철물점,,경상남도 통영시 사량면 진촌1길 44,,G21001 / 사량면,미방문,
칠성공업사,경상남도 김해시,공구점,,경상남도 김해시 김해대로2567번길 38-28,,S20301 / 활천동,미방문,
진주농자재,경상남도 김해시,농자재점,,경상남도 김해시 한림면 김해대로916번길 40-78,,G21302 / 한림면,미방문,
일일원예철물,경상남도 김해시,철물점,,경상남도 김해시 대동면 동남로49번길 42,,G22199 / 대동면,미방문,
유신정비공업사,경상남도 진주시,공구점,,경상남도 진주시 큰들로 23,,S20301 / 상평동,미방문,
부흥철물,경상남도 합천군,철물점,,경상남도 합천군 합천읍 옥산로 45,,G21001 / 합천읍,미방문,
금강기계공구,경상남도 산청군,공구점,,경상남도 산청군 시천면 남명1길 37,,G21001 / 시천면,미방문,
한남철물,경상남도 김해시,철물점,,경상남도 김해시 안곡로 4,,G21001 / 북부동,미방문,
장원정비공업사,경상남도 창원시 마산회원구,공구점,,경상남도 창원시 마산회원구 팔용로 22-1,,S20301 / 양덕1동,미방문,
대은철물공구,경상남도 진주시,철물점,,경상남도 진주시 평거로 207,,G21001 / 이현동,미방문,
카맥스카아트정비공업사,경상남도 창원시 의창구,공구점,,경상남도 창원시 의창구 사화로9번길 11,,S20301 / 팔룡동,미방문,
오토타운정비공업사,경상남도 창원시 마산회원구,공구점,,경상남도 창원시 마산회원구 합성옛길 215,,S20302 / 합성2동,미방문,
금강철물,경상남도 김해시,철물점,,경상남도 김해시 생림면 봉림로21번길 28,,G21001 / 생림면,미방문,
호준건재철물,경상남도 창원시 마산합포구,건자재점,,경상남도 창원시 마산합포구 반월남1길 20,,G21001 / 반월중앙동,미방문,
튼튼건재,경상남도 남해군,건자재점,,경상남도 남해군 삼동면 동부대로 1759,,G21003 / 삼동면,미방문,
진교철물,경상남도 하동군,철물점,,경상남도 하동군 진교면 민다리길 44,,G21001 / 진교면,미방문,
초계건재사,경상남도 합천군,건자재점,,경상남도 합천군 초계면 초계중앙로 82,,G21099 / 초계면,미방문,
한마음정비공업사,경상남도 창원시 의창구,공구점,,경상남도 창원시 의창구 팔용로 503,,S20301 / 팔룡동,미방문,
공단철물공구,경상남도 함안군,철물점,,경상남도 함안군 칠서면 공단상가2길 46,,G21001 / 칠서면,미방문,
동성철물,경상남도 고성군,철물점,,경상남도 고성군 하일면 송천3길 70-51,,G21001 / 하일면,미방문,
탑건재철물상사,경상남도 김해시,건자재점,,경상남도 김해시 칠산로459번길 13,,G21001 / 칠산서부동,미방문,
대원철물공구,경상남도 함안군,철물점,,경상남도 함안군 칠원읍 구성길 194,,G21001 / 칠원읍,미방문,
대중철물,경상남도 밀양시,철물점,,경상남도 밀양시 중앙로 334,,G21001 / 내일동,미방문,
대도종합철물,경상남도 양산시,철물점,,경상남도 양산시 평산6길 3,,G21001 / 평산동,미방문,
성호공업사,경상남도 양산시,공구점,,경상남도 양산시 산막공단남1길 31,,S20301 / 삼성동,미방문,
동남정비공업사,경상남도 창원시 성산구,공구점,,경상남도 창원시 성산구 용호로 114,,S20301 / 용지동,미방문,
풍광전기철물,경상남도 통영시,철물점,,경상남도 통영시 장대길 6,,G21001 / 무전동,미방문,
철물111,경상남도 김해시,철물점,,경상남도 김해시 계동로 182-1,,G21001 / 장유2동,미방문,
태산철물건재,경상남도 산청군,건자재점,,경상남도 산청군 산청읍 산청대로 1282,,G21001 / 산청읍,미방문,
삼방전기철물,경상남도 김해시,철물점,,경상남도 김해시 삼안로235번길 10,,G21001 / 삼안동,미방문,
상주공업사,경상남도 남해군,공구점,,경상남도 남해군 상주면 남해대로 780,,M11401 / 상주면,미방문,
당동철물,경상남도 고성군,철물점,,경상남도 고성군 거류면 당동5길 17,,G21001 / 거류면,미방문,
봉림공구철물,경상남도 창원시 의창구,철물점,,경상남도 창원시 의창구 봉곡로 41,,G21001 / 봉림동,미방문,
양보철물,경상남도 하동군,철물점,,경상남도 하동군 양보면 진양로 738,,G21001 / 양보면,미방문,
건설건재,경상남도 산청군,건자재점,,경상남도 산청군 산청읍 친환경로2720번길 42,,G21099 / 산청읍,미방문,
영남철물,경상남도 사천시,철물점,,경상남도 사천시 문선5길 14,,G21001 / 벌용동,미방문,
진해건재당한약품,경상남도 창원시 진해구,건자재점,,경상남도 창원시 진해구 이동로 40-1,,G22199 / 이동,미방문,
현대공업사,경상남도 창원시 마산합포구,공구점,,경상남도 창원시 마산합포구 동서동2길 20,,S20301 / 오동동,미방문,
삼덕철물,경상남도 통영시,철물점,,경상남도 통영시 산양읍 산양일주로 1553-8,,G21001 / 산양읍,미방문,
제일철물,경상남도 창녕군,철물점,,경상남도 창녕군 영산면 영산중앙길 35,,G21001 / 영산면,미방문,
고가철물,경상남도 창원시 마산회원구,철물점,,경상남도 창원시 마산회원구 팔용로 11,,G21001 / 양덕1동,미방문,
대암전기조명철물,경상남도 창원시 성산구,건자재점,,경상남도 창원시 성산구 대암로 80,,G21001 / 사파동,미방문,
경인철물공구건재윤당공예,경상남도 김해시,건자재점,,경상남도 김해시 전하로 260-22,,G21001 / 칠산서부동,미방문,
하나공구철물,경상남도 사천시,철물점,,경상남도 사천시 정동면 동문로 8,,G21001 / 정동면,미방문,
대한공구마트,경상남도 창원시 의창구,공구점,,경상남도 창원시 의창구 차상로150번길 32,,G21001 / 팔룡동,미방문,
태양철물건재,경상남도 진주시,건자재점,,경상남도 진주시 진주대로 1310,,G21001 / 이현동,미방문,
정인정비공업사,경상남도 창원시 성산구,공구점,,경상남도 창원시 성산구 용호로 120,,S20301 / 용지동,미방문,
꼰대철물,경상남도 창원시 의창구,철물점,,경상남도 창원시 의창구 지귀로 32,,G21001 / 봉림동,미방문,
경남철물상회,경상남도 거창군,철물점,,경상남도 거창군 거창읍 시장길 92,,G21001 / 거창읍,미방문,
현대건재，철물,경상남도 창녕군,건자재점,,경상남도 창녕군 남지읍 박진로 1790,,G21001 / 남지읍,미방문,
철물/공구소매업,경상남도 김해시,철물점,,경상남도 김해시 진례면 고모로 343,,G21001 / 진례면,미방문,
유진기계공구,경상남도 고성군,공구점,,경상남도 고성군 고성읍 송학로113번길 22,,G21001 / 고성읍,미방문,
신천공구철물,경상남도 김해시,철물점,,경상남도 김해시 한림면 용덕로 54,,G21001 / 한림면,미방문,
현대종합건재철물건축,경상남도 양산시,건자재점,,경상남도 양산시 하북면 신평로 6,,G21001 / 하북면,미방문,
명성건업철물,경상남도 진주시,철물점,,경상남도 진주시 촉석로 45,,G21001 / 이현동,미방문,
현대정비공업사,경상남도 밀양시,공구점,,경상남도 밀양시 부북면 춘화로 31,,S20301 / 부북면,미방문,
진양할인철물.농자재,경상남도 진주시,농자재점,,경상남도 진주시 금산면 월아산로 1922,,G21001 / 금산면,미방문,
건설종합철물전기,경상남도 창원시 성산구,철물점,,경상남도 창원시 성산구 신사로 67-1,,G21001 / 용지동,미방문,
한결정비공업사,경상남도 창원시 성산구,공구점,,경상남도 창원시 성산구 상남로202번길 48,,S20301 / 용지동,미방문,
국제기계공구,경상남도 거제시,공구점,,경상남도 거제시 고현로 138-1,,G21001 / 고현동,미방문,
영남농자재,경상남도 김해시,농자재점,,경상남도 김해시 주촌면 소망길 38,,G21001 / 주촌면,미방문,
곤양건재,경상남도 사천시,건자재점,,경상남도 사천시 곤양면 서삼로 13,,G21001 / 곤양면,미방문,
대현철물,경상남도 김해시,철물점,,경상남도 김해시 삼안로66번길 1,,G21001 / 삼안동,미방문,
일진전기철물,경상남도 창원시 마산회원구,철물점,,경상남도 창원시 마산회원구 구암북7길 1,,G21001 / 구암1동,미방문,
신양산건재상사,경상남도 양산시,건자재점,,경상남도 양산시 신기로 65,,G21099 / 삼성동,미방문,
형제철물,경상남도 거창군,철물점,,경상남도 거창군 거창읍 수남로 2238,,G21001 / 거창읍,미방문,
세인농자재,경상남도 진주시,농자재점,,경상남도 진주시 남강로633번길 2,,G21001 / 성북동,미방문,
대성철물,경상남도 거제시,철물점,,경상남도 거제시 일운면 공령신촌길 18,,G21001 / 일운면,미방문,
대진공업사,경상남도 진주시,공구점,,경상남도 진주시 대곡면 진의로 1060,,S20699 / 대곡면,미방문,
대지철물.농자재,경상남도 함양군,농자재점,,경상남도 함양군 함양읍 용평3길 13,,G21001 / 함양읍,미방문,
용마철물,경상남도 진주시,철물점,,경상남도 진주시 남강로687번길 8-1,,G21001 / 중앙동,미방문,
화목정비공업사,경상남도 창원시 의창구,공구점,,경상남도 창원시 의창구 사림로158번길 20-17,,S20301 / 봉림동,미방문,
대교공인중개사사무소&부봉철물,경상남도 김해시,철물점,,경상남도 김해시 우암로 43,,L10203 / 내외동,미방문,
현대공구철물,경상남도 양산시,철물점,,경상남도 양산시 덕계로 9,,G21001 / 덕계동,미방문,
양산DS종합정비공업사,경상남도 양산시,공구점,,경상남도 양산시 동면 계석로 52,,S20301 / 동면,미방문,
동양건재,경상남도 함안군,건자재점,,경상남도 함안군 가야읍 성내남길 32-18,,G21202 / 가야읍,미방문,
백양공업사,경상남도 창원시 마산합포구,공구점,,경상남도 창원시 마산합포구 진북면 삼진의거대로 474,,S20301 / 진북면,미방문,
제일종합정비공업사,경상남도 창원시 의창구,공구점,,경상남도 창원시 의창구 무역로 491,,S20301 / 팔룡동,미방문,
경남정비공업사,경상남도 창원시 성산구,공구점,,경상남도 창원시 성산구 연덕로184번길 36,,S20301 / 중앙동,미방문,
금호전기철물,경상남도 김해시,철물점,,경상남도 김해시 진영읍 본산로110번길 1,,G21201 / 진영읍,미방문,
만도카정비공업사,경상남도 창녕군,공구점,,경상남도 창녕군 창녕읍 창녕대로 57,,S20301 / 창녕읍,미방문,
혁신공구철물안전,경상남도 진주시,철물점,,경상남도 진주시 사들로156번길 3,,I21201 / 충무공동,미방문,
지원철물,경상남도 진주시,철물점,,경상남도 진주시 큰들로 98,,G21001 / 상평동,미방문,
엘피지전문정비공업사,경상남도 창원시 마산회원구,공구점,,경상남도 창원시 마산회원구 봉암공단8길 1,,S20301 / 봉암동,미방문,
해남정비공업사주,경상남도 거제시,공구점,,경상남도 거제시 고현로 107,,S20301 / 고현동,미방문,
제일공구철물,경상남도 김해시,철물점,,경상남도 김해시 함박로45번길 2,,G21001 / 내외동,미방문,
대우철물상사,경상남도 김해시,철물점,,경상남도 김해시 분성로 670,,G21001 / 불암동,미방문,
창원철물,경상남도 창원시 성산구,철물점,,경상남도 창원시 성산구 외동반림로126번길 50,,G21001 / 중앙동,미방문,
문산철물목재건재상사,경상남도 진주시,건자재점,,경상남도 진주시 문산읍 소문길 19,,G21001 / 문산읍,미방문,
가야철물,경상남도 김해시,철물점,,경상남도 김해시 한림면 안하로 25,,G21001 / 한림면,미방문,
태성정비공업사,경상남도 창원시 성산구,공구점,,경상남도 창원시 성산구 상남로192번길 43,,S20301 / 용지동,미방문,
동광철물,경상남도 밀양시,철물점,,경상남도 밀양시 내이4길 25,,G21001 / 내이동,미방문,
덕양공구상사,경상남도 진주시,공구점,,경상남도 진주시 진양호로556번길 4,,G21001 / 중앙동,미방문,
금화철물,경상남도 진주시,철물점,,경상남도 진주시 서장대로 250,,G21001 / 이현동,미방문,
세웅종합철물점,경상남도 거제시,철물점,,경상남도 거제시 동문천로 36-1,,G21001 / 고현동,미방문,
신창정비공업사,경상남도 창원시 진해구,공구점,,경상남도 창원시 진해구 용원남로 71,,S20301 / 웅동2동,미방문,
단계건재상,경상남도 산청군,건자재점,,경상남도 산청군 신등면 신등가회로 27,,G21003 / 신등면,미방문,
법상철물공구종합상사,경상남도 사천시,철물점,,경상남도 사천시 진삼로 56,,G21001 / 남양동,미방문,
삼진열쇠철물,경상남도 창원시 마산합포구,철물점,,경상남도 창원시 마산합포구 진동면 해양관광로 30,,G21001 / 진동면,미방문,
창성카정비공업사,경상남도 창녕군,공구점,,경상남도 창녕군 창녕읍 남창녕로 9,,S20301 / 창녕읍,미방문,
칠성철물천막상사,경상남도 고성군,철물점,,경상남도 고성군 고성읍 동외로198번길 4,,G21001 / 고성읍,미방문,
낙원건재설비,경상남도 함양군,건자재점,,경상남도 함양군 함양읍 한들로 225-3,,G21001 / 함양읍,미방문,
부림종합철물,경상남도 의령군,철물점,,경상남도 의령군 부림면 신번로 157,,G21001 / 부림면,미방문,
삼현철물,경상남도 진주시,철물점,,경상남도 진주시 공단로 99-1,,G21001 / 상평동,미방문,
미래공구상사,경상남도 합천군,공구점,,경상남도 합천군 합천읍 옥산로 59,,G21001 / 합천읍,미방문,
강남철물,경상남도 함양군,철물점,,경상남도 함양군 함양읍 함양로 1131,,G21001 / 함양읍,미방문,
퍼뜩철물서비스,경상남도 양산시,철물점,,경상남도 양산시 물금읍 목화로 19,,G21001 / 물금읍,미방문,
한농연농자재할인마트,경상남도 합천군,농자재점,,경상남도 합천군 대양면 동부로 18,,G22199 / 대양면,미방문,
경담철물설비,경상남도 김해시,철물점,,경상남도 김해시 한림면 김해대로 1471,,G21001 / 한림면,미방문,
신진건재상사,경상남도 밀양시,건자재점,,경상남도 밀양시 삼랑진읍 천태로 61,,G21001 / 삼랑진읍,미방문,
달성건재,경상남도 거제시,건자재점,,경상남도 거제시 일운면 지세포로 83,,G21001 / 일운면,미방문,
한빛철물마트,경상남도 창원시 진해구,철물점,,경상남도 창원시 진해구 냉천로 99,,G21001 / 석동,미방문,
그린큐정비공업사,경상남도 창원시 의창구,공구점,,경상남도 창원시 의창구 무역로 497,,S20301 / 팔룡동,미방문,
망경철물,경상남도 진주시,철물점,,경상남도 진주시 천수로118번길 12,,G21001 / 천전동,미방문,
동부정비공업사,경상남도 진주시,공구점,,경상남도 진주시 큰들로 190,,S20301 / 상평동,미방문,
창원철물,경상남도 창원시 의창구,철물점,,경상남도 창원시 의창구 읍성로34번길 15,,G21001 / 의창동,미방문,
현대철물건재,경상남도 진주시,건자재점,,경상남도 진주시 진양호로 63,,G21001 / 판문동,미방문,
황소철물열쇠,경상남도 진주시,철물점,,경상남도 진주시 진양호로125번길 16,,G21001 / 판문동,미방문,
신흥철물,경상남도 밀양시,철물점,,경상남도 밀양시 터미널2길 24,,G21001 / 내이동,미방문,
신성카정비공업사,경상남도 창녕군,공구점,,경상남도 창녕군 영산면 영산도천로 434,,S20301 / 영산면,미방문,
푸른철물,경상남도 김해시,철물점,,경상남도 김해시 주촌면 주선로 95,,G21001 / 주촌면,미방문,
진주철물건재,경상남도 진주시,건자재점,,경상남도 진주시 망경로261번길 1,,G21001 / 천전동,미방문,
한일정비공업사,경상남도 창원시 마산회원구,공구점,,경상남도 창원시 마산회원구 봉암공단2길 40,,S20301 / 봉암동,미방문,
영호공업사,경상남도 함안군,공구점,,경상남도 함안군 칠서면 공단상가3길 31,,S20301 / 칠서면,미방문,
가야1급정비공업사,경상남도 진주시,공구점,,경상남도 진주시 남강로 1193-6,,S20301 / 상평동,미방문,
남해종합건재,경상남도 남해군,건자재점,,경상남도 남해군 남해읍 화전로96번길 35-7,,G21099 / 남해읍,미방문,
강쌤철물집수리남,경상남도 양산시,철물점,,경상남도 양산시 동면 금오2길 48,,G21001 / 동면,미방문,
GS25수출2공구점,경상남도 창원시 마산회원구,공구점,,경상남도 창원시 마산회원구 자유무역4길 12,,G20405 / 봉암동,미방문,
진영농협영농자재,경상남도 김해시,농자재점,,경상남도 김해시 진영읍 진영로109번길 16,,G20502 / 진영읍,미방문,
장승포농협영농자재종합판매장,경상남도 거제시,농자재점,,경상남도 거제시 거제대로 3513,,G21401 / 아주동,미방문,
한림철물하드웨어,경상남도 김해시,철물점,,경상남도 김해시 한림면 김해대로 977,,G22199 / 한림면,미방문,
금평농자재철강,경상남도 김해시,농자재점,,경상남도 김해시 진영읍 진산대로 254,,G20905 / 진영읍,미방문,
당근철물,경상남도 양산시,철물점,,경상남도 양산시 물금읍 증산역로 135,,S20699 / 물금읍,미방문,
화산철물.농약,경상남도 함양군,철물점,,경상남도 함양군 수동면 수동길 50,,G21001 / 수동면,미방문,
신극동철물,경상남도 김해시,철물점,,경상남도 김해시 인제로11번길 12-14,,G21001 / 활천동,미방문,
경인전기철물,경상남도 진주시,철물점,,경상남도 진주시 금산면 중천로 17,,G21201 / 금산면,미방문,
영수당건재한약품,경상남도 통영시,건자재점,,경상남도 통영시 동문로 8,,G22199 / 중앙동,미방문,
강쌤철물통영,경상남도 통영시,철물점,,경상남도 통영시 광도면 죽림4로 37-60,,G21001 / 광도면,미방문,
한들농약농자재,경상남도 거창군,농자재점,,경상남도 거창군 마리면 학동1길 195,,G22199 / 마리면,미방문,
대광카정비공업사,경상남도 창녕군,공구점,,경상남도 창녕군 성산면 성산로 11,,S20301 / 성산면,미방문,
칠산종합건재상사,경상남도 김해시,건자재점,,경상남도 김해시 칠산로425번길 22-10,,G21001 / 칠산서부동,미방문,
합천호건축자재,경상남도 합천군,건자재점,,경상남도 합천군 대병면 신성동길 6-2,,G21099 / 대병면,미방문,
중앙철물건재,경상남도 함안군,건자재점,,경상남도 함안군 대산면 대산중앙로 117,,G21001 / 대산면,미방문,
진해정비공업사,경상남도 창원시 진해구,공구점,,경상남도 창원시 진해구 웅천서로41번길 65-15,,S20301 / 웅천동,미방문,
만복건축자재,경상남도 통영시,건자재점,,경상남도 통영시 원문로 37-88,,G21001 / 북신동,미방문,
선창공업사,경상남도 창원시 마산합포구,공구점,,경상남도 창원시 마산합포구 어시장8길 13,,S20699 / 오동동,미방문,
알뜰종합철물,경상남도 창녕군,철물점,,경상남도 창녕군 부곡면 사명로 10-1,,G21001 / 부곡면,미방문,
동남철물전기,경상남도 창원시 성산구,철물점,,경상남도 창원시 성산구 대정로 31-22,,G21001 / 가음정동,미방문,
용마리모델링철물,경상남도 창원시 마산회원구,철물점,,경상남도 창원시 마산회원구 합성남로 35,,G21001 / 합성2동,미방문,
장군종합철물,경상남도 창원시 마산합포구,철물점,,경상남도 창원시 마산합포구 중앙남5길 93,,G21001 / 반월중앙동,미방문,
새성호정비공업사,경상남도 고성군,공구점,,경상남도 고성군 고성읍 공단로 71,,S20301 / 고성읍,미방문,
생비량농기구수리센타,경상남도 산청군,농자재점,,경상남도 산청군 생비량면 방골길 37,,S20699 / 생비량면,미방문,
돈까스공업사,경상남도 김해시,공구점,,경상남도 김해시 금관대로1364번길 9,,I20401 / 내외동,미방문,
혁신공구철물안전,경상남도 진주시,철물점,,경상남도 진주시 남강로1261번길 13-5,,G21001 / 상평동,미방문,
동일농자재,경상남도 진주시,농자재점,,경상남도 진주시 진성면 동부로 1446,,G21099 / 진성면,미방문,
가온농자재,경상남도 밀양시,농자재점,,경상남도 밀양시 상남면 예평로 42,,G22199 / 상남면,미방문,
금화건재,경상남도 김해시,건자재점,,경상남도 김해시 금관대로 1287,,G21003 / 내외동,미방문,
새마을건재철물,경상남도 고성군,건자재점,,경상남도 고성군 고성읍 중앙로43번길 62-6,,G21001 / 고성읍,미방문,
뚜꺼비철물건재상,경상남도 김해시,건자재점,,경상남도 김해시 구산로42번길 13,,G21001 / 북부동,미방문,
동진철물,경상남도 사천시,철물점,,경상남도 사천시 사천읍 정의1길 13,,G21001 / 사천읍,미방문,
제일전기철물,경상남도 창원시 진해구,철물점,,경상남도 창원시 진해구 냉천로 33,,G21001 / 이동,미방문,
거창건재사,경상남도 거창군,건자재점,,경상남도 거창군 거창읍 거열로 246-4,,G21099 / 거창읍,미방문,
부흥철물,경상남도 거제시,철물점,,경상남도 거제시 고현로4길 35,,G21001 / 고현동,미방문,
유원종합건재,경상남도 합천군,건자재점,,경상남도 합천군 합천읍 동서로 113,,G21099 / 합천읍,미방문,
대동전기철물점,경상남도 창원시 성산구,철물점,,경상남도 창원시 성산구 가음로 69,,G21001 / 가음정동,미방문,
강쌤철물,경상남도 통영시,철물점,,경상남도 통영시 미수해안로 42,,G21001 / 미수동,미방문,
유니팜농자재,경상남도 진주시,농자재점,,경상남도 진주시 하촌로 274,,G22199 / 초장동,미방문,
O.K인테리어，철물，열쇠,경상남도 진주시,건자재점,,경상남도 진주시 진양호로 494,,G21001 / 성북동,미방문,
증산철물,경상남도 양산시,철물점,,경상남도 양산시 물금읍 야리로 129,,G21001 / 물금읍,미방문,
극동철물점,경상남도 양산시,철물점,,경상남도 양산시 동면 계석로 31,,G21001 / 동면,미방문,
썬테크농자재,경상남도 진주시,농자재점,,경상남도 진주시 사봉면 동부로 1815,,G21001 / 사봉면,미방문,
천일목재종합건재,경상남도 창원시 의창구,건자재점,,경상남도 창원시 의창구 북면 천주로 452,,G21001 / 북면,미방문,
미강건재철물,경상남도 창원시 의창구,건자재점,,경상남도 창원시 의창구 대산면 주남로 531,,G21099 / 대산면,미방문,
동원철물,경상남도 통영시,철물점,,경상남도 통영시 도산면 도산일주로 39-18,,G21001 / 도산면,미방문,
강쌤철물점,경상남도 김해시,철물점,,경상남도 김해시 금관대로 1224,,G21001 / 내외동,미방문,
길상사철물,경상남도 창원시 진해구,철물점,,경상남도 창원시 진해구 충장로435번길 26,,S20699 / 이동,미방문,
자유건재철물전기안전,경상남도 산청군,건자재점,,경상남도 산청군 산청읍 중앙로 121,,G21201 / 산청읍,미방문,
양지안전철물,경상남도 사천시,철물점,,경상남도 사천시 사천읍 평화1길 21,,G21001 / 사천읍,미방문,
천일농기구,경상남도 산청군,농자재점,,경상남도 산청군 단성면 옥단로 1859,,S20699 / 단성면,미방문,
해성건재,경상남도 합천군,건자재점,,경상남도 합천군 율곡면 임북길 68,,G21003 / 율곡면,미방문,
중앙철물,경상남도 창원시 의창구,철물점,,경상남도 창원시 의창구 동읍 자여로 95,,G21001 / 동읍,미방문,
붕붕카정비공업사,경상남도 창녕군,공구점,,경상남도 창녕군 창녕읍 우포1대로 1585,,S20301 / 창녕읍,미방문,
신촌철물공구마트,경상남도 밀양시,철물점,,경상남도 밀양시 창밀로 3546,,G21001 / 내이동,미방문,
대성농자재,경상남도 사천시,농자재점,,경상남도 사천시 정동면 옥산로 236-3,,G21001 / 정동면,미방문,
동국안전;철물,경상남도 고성군,철물점,,경상남도 고성군 하이면 하이로 247,,G21001 / 하이면,미방문,
은혜종합철물,경상남도 양산시,철물점,,경상남도 양산시 일동7길 15-17,,G21001 / 양주동,미방문,
삼랑진농협영농자재센터,경상남도 밀양시,농자재점,,경상남도 밀양시 삼랑진읍 삼랑진로 188,,G20502 / 삼랑진읍,미방문,
산내철물,경상남도 밀양시,철물점,,경상남도 밀양시 산내면 산내로 359-3,,G21001 / 산내면,미방문,
현대철물,경상남도 김해시,철물점,,경상남도 김해시 대동면 동남로49번길 34,,G21001 / 대동면,미방문,
진일철물,경상남도 창원시 마산합포구,철물점,,경상남도 창원시 마산합포구 노산서18길 1,,G21001 / 교방동,미방문,
재상전기철물,경상남도 창원시 마산회원구,철물점,,경상남도 창원시 마산회원구 바냇들1길 26,,G21001 / 회원1동,미방문,
제일철물점.매점,경상남도 사천시,철물점,,경상남도 사천시 군영숲길 48,,G21001 / 동서동,미방문,
명량철물점,경상남도 김해시,철물점,,경상남도 김해시 생림면 봉림로21번길 16,,G21001 / 생림면,미방문,
대동전기철물,경상남도 양산시,철물점,,경상남도 양산시 북정중앙로 62,,G21001 / 삼성동,미방문,
삼진전기철물,경상남도 창원시 마산합포구,철물점,,경상남도 창원시 마산합포구 진동면 진동시장길 36,,G21001 / 진동면,미방문,
악양철물건재중기,경상남도 하동군,건자재점,,경상남도 하동군 화개면 영당2길 10,,G21001 / 화개면,미방문,
웅천철물,경상남도 창원시 진해구,철물점,,경상남도 창원시 진해구 웅천중로 66,,G21001 / 웅천동,미방문,
태광건축자재,경상남도 진주시,건자재점,,경상남도 진주시 미천면 오방로199번길 48-48,,N10999 / 미천면,미방문,
경남공업사,경상남도 남해군,공구점,,경상남도 남해군 남해읍 화전로 32,,G20202 / 남해읍,미방문,
오동철물,경상남도 남해군,철물점,,경상남도 남해군 창선면 서부로 68-39,,G21001 / 창선면,미방문,
화개철물건재중기,경상남도 하동군,건자재점,,경상남도 하동군 화개면 화개로 1,,G21001 / 화개면,미방문,
온양철물,경상남도 창원시 마산합포구,철물점,,경상남도 창원시 마산합포구 회원천북길 435,,G21001 / 합포동,미방문,
개미철물,경상남도 창원시 의창구,철물점,,경상남도 창원시 의창구 사림로 140,,G21001 / 봉림동,미방문,
서영건축자재,경상남도 합천군,건자재점,,경상남도 합천군 합천읍 대야로 909,,G21003 / 합천읍,미방문,
보문철물,경상남도 김해시,철물점,,경상남도 김해시 식만로 372,,G21001 / 불암동,미방문,
금호기계공구,경상남도 거제시,공구점,,경상남도 거제시 연초면 거제대로 4465,,G21001 / 연초면,미방문,
호성전기철물,경상남도 김해시,철물점,,경상남도 김해시 분성로317번길 14,,G21001 / 회현동,미방문,
형제전기철물,경상남도 양산시,철물점,,경상남도 양산시 원동면 원동로 1608-1,,G21201 / 원동면,미방문,
시장철물,경상남도 사천시,철물점,,경상남도 사천시 사천읍 읍내로 21-6,,G21202 / 사천읍,미방문,
대원철물,경상북도 구미시,철물점,,경상북도 구미시 해평면 강동로 1612,,G21001 / 해평면,미방문,
인성전기·철물,경상북도 상주시,철물점,,경상북도 상주시 화서면 화령남6길 22-1,,G21201 / 화서면,미방문,
영신철물,경상북도 고령군,철물점,,경상북도 고령군 대가야읍 시장1길 21,,G21001 / 대가야읍,미방문,
고려철물,경상북도 김천시,철물점,,경상북도 김천시 모암길 3,,G21001 / 자산동,미방문,
한일건재약업사,경상북도 김천시,건자재점,,경상북도 김천시 자산로 28-1,,G22199 / 자산동,미방문,
대동스텐공업사,경상북도 안동시,공구점,,경상북도 안동시 대안로 47,,G21001 / 서구동,미방문,
신일건재사,경상북도 포항시 북구,건자재점,,경상북도 포항시 북구 칠성천길 62,,G21099 / 죽도동,미방문,
올종합철물,경상북도 포항시 북구,철물점,,경상북도 포항시 북구 삼호로 135,,G21001 / 중앙동,미방문,
제일종합건재.공구상사,경상북도 포항시 남구,공구점,,경상북도 포항시 남구 오천읍 정몽주로 589,,G21001 / 오천읍,미방문,
용성농자재,경상북도 고령군,농자재점,,경상북도 고령군 개진면 개경포로 1509-5,,G21001 / 개진면,미방문,
태왕철물마트,경상북도 경산시,철물점,,경상북도 경산시 원효로 138,,G21001 / 동부동,미방문,
영덕공업사,경상북도 영덕군,공구점,,경상북도 영덕군 영덕읍 군청1길 10,,S20301 / 영덕읍,미방문,
신경주광명공업사,경상북도 경주시,공구점,,경상북도 경주시 대경로 4434,,S20699 / 선도동,미방문,
황금비료친환경농자재,경상북도 청송군,농자재점,,경상북도 청송군 진보면 상고산길 16-1,,G22199 / 진보면,미방문,
임은철물,경상북도 구미시,철물점,,경상북도 구미시 임은길 25-1,,G21001 / 임오동,미방문,
삼천리건재사,경상북도 의성군,건자재점,,경상북도 의성군 의성읍 문소3길 65,,G21099 / 의성읍,미방문,
대한철물,경상북도 상주시,철물점,,경상북도 상주시 왕산로 185,,G21001 / 남원동,미방문,
성산농자재,경상북도 성주군,농자재점,,경상북도 성주군 성주읍 성산10길 87-23,,G21001 / 성주읍,미방문,
태흥안전철물,경상북도 영주시,철물점,,경상북도 영주시 영봉로 86-76,,G21001 / 휴천1동,미방문,
현대금속철물상사,경상북도 안동시,철물점,,경상북도 안동시 제비원로 295,,G21001 / 안기동,미방문,
동양철물공구상사,경상북도 김천시,철물점,,경상북도 김천시 환경로 105,,G21001 / 대신동,미방문,
광수철물,경상북도 포항시 북구,철물점,,경상북도 포항시 북구 삼호로 103,,G21001 / 중앙동,미방문,
대동철물상회,경상북도 청송군,철물점,,경상북도 청송군 현동면 도평3길 1,,G21001 / 현동면,미방문,
현대철물,경상북도 봉화군,철물점,,경상북도 봉화군 춘양면 의양로 74,,G21001 / 춘양면,미방문,
삼화천막농자재마트삼화지업사,경상북도 영주시,농자재점,,경상북도 영주시 중앙로80번길 11,,G20906 / 하망동,미방문,
대구종합건재철물,경상북도 경주시,건자재점,,경상북도 경주시 문무대왕면 어일2길 8,,G21001 / 문무대왕면,미방문,
종합농기구수리센타,경상북도 영주시,농자재점,,경상북도 영주시 풍기읍 소백로 2114,,S20699 / 풍기읍,미방문,
중영철물,경상북도 경주시,철물점,,경상북도 경주시 용담로 86,,G21001 / 황성동,미방문,
한라전기철물,경상북도 포항시 남구,철물점,,경상북도 포항시 남구 희망대로 965,,G21201 / 해도동,미방문,
유명안전철물종합상사,경상북도 의성군,철물점,,경상북도 의성군 의성읍 치선오상길 9-1,,G21001 / 의성읍,미방문,
달서철물상회,경상북도 경산시,철물점,,경상북도 경산시 하양읍 하양로25길 35,,G21001 / 하양읍,미방문,
모든철물,경상북도 울릉군,철물점,,경상북도 울릉군 울릉읍 봉래1길 19-20,,G21001 / 울릉읍,미방문,
신광철물,경상북도 영양군,철물점,,경상북도 영양군 입암면 신구2길 17-4,,G21001 / 입암면,미방문,
로타리철물,경상북도 영덕군,철물점,,경상북도 영덕군 영해면 318만세길 190,,G21001 / 영해면,미방문,
대동철물,경상북도 상주시,철물점,,경상북도 상주시 공성면 공성중앙로 41,,G21001 / 공성면,미방문,
의성철물,경상북도 영주시,철물점,,경상북도 영주시 중앙로 129,,G21001 / 영주1동,미방문,
계림철물,경상북도 영주시,철물점,,경상북도 영주시 원당로 207,,G21001 / 상망동,미방문,
임고철물건재,경상북도 영천시,건자재점,,경상북도 영천시 임고면 양항2길 10,,G21001 / 임고면,미방문,
전기철물생활용재료,경상북도 구미시,철물점,,경상북도 구미시 선산읍 선산중앙로8길 12,,G21001 / 선산읍,미방문,
진흥철물,경상북도 경주시,철물점,,경상북도 경주시 금성로 408,,G21001 / 성건동,미방문,
의곡철물건재,경상북도 경주시,건자재점,,경상북도 경주시 산내면 의곡중앙길 35,,G21001 / 산내면,미방문,
우현건재,경상북도 예천군,건자재점,,경상북도 예천군 풍양면 낙상1길 83-6,,G21001 / 풍양면,미방문,
서부철물건재상사,경상북도 김천시,건자재점,,경상북도 김천시 시민로 40-1,,G21001 / 대곡동,미방문,
창포철물건재,경상북도 포항시 북구,건자재점,,경상북도 포항시 북구 창흥로 27,,G21001 / 우창동,미방문,
대영농자재철강,경상북도 예천군,농자재점,,경상북도 예천군 예천읍 이미기길 42,,G21001 / 예천읍,미방문,
청송철물상회,경상북도 청도군,철물점,,경상북도 청도군 청도읍 고수구길 44,,G21001 / 청도읍,미방문,
유천농약농자재쎈타담배판매소,경상북도 청도군,농자재점,,경상북도 청도군 청도읍 유천길 38,,G20701 / 청도읍,미방문,
삼백종합건재,경상북도 상주시,건자재점,,경상북도 상주시 경상대로 3089,,G21099 / 북문동,미방문,
현대종합철물상사,경상북도 구미시,철물점,,경상북도 구미시 선산읍 단계서길 21,,G21001 / 선산읍,미방문,
신암농기구,경상북도 상주시,농자재점,,경상북도 상주시 중동면 상주다인로 642-33,,S20699 / 중동면,미방문,
금오건재사,경상북도 구미시,건자재점,,경상북도 구미시 금오시장로 33,,G21099 / 원평동,미방문,
현대철물,경상북도 칠곡군,철물점,,경상북도 칠곡군 약목면 약목로 97-3,,G21001 / 약목면,미방문,
시장철물,경상북도 청송군,철물점,,경상북도 청송군 현서면 구산북로 29-6,,G21001 / 현서면,미방문,
법전철물점,경상북도 봉화군,철물점,,경상북도 봉화군 법전면 법전로 91,,G21001 / 법전면,미방문,
동화건재상사,경상북도 경주시,건자재점,,경상북도 경주시 양남면 양남로 353,,G21001 / 양남면,미방문,
OK공업사,경상북도 영덕군,공구점,,경상북도 영덕군 강구면 동해대로 4499,,S20301 / 강구면,미방문,
신일철물상회,경상북도 포항시 북구,철물점,,경상북도 포항시 북구 죽장면 새마을로 3619-5,,G21001 / 죽장면,미방문,
풍기종합공구철물상사,경상북도 영주시,철물점,,경상북도 영주시 봉현면 신재로 917,,G21001 / 봉현면,미방문,
장량건재,경상북도 포항시 북구,건자재점,,경상북도 포항시 북구 삼흥로51번길 9-13,,G21001 / 장량동,미방문,
보강공구철물,경상북도 칠곡군,철물점,,경상북도 칠곡군 북삼읍 인평중앙로 59,,G21001 / 북삼읍,미방문,
금화농자재,경상북도 김천시,농자재점,,경상북도 김천시 어모면 동좌1길 3,,G21001 / 어모면,미방문,
대명농기구수리,경상북도 경주시,농자재점,,경상북도 경주시 현곡면 마룡길 13,,S20699 / 현곡면,미방문,
신일톱공구상사,경상북도 안동시,공구점,,경상북도 안동시 경동로 646,,G21001 / 중구동,미방문,
성신농자재,경상북도 의성군,농자재점,,경상북도 의성군 금성면 탑리길 88-17,,G21001 / 금성면,미방문,
문경철물,경상북도 문경시,철물점,,경상북도 문경시 새동네길 29,,G21001 / 점촌5동,미방문,
양지공업사,경상북도 문경시,공구점,,경상북도 문경시 모전4길 26,,S20301 / 점촌5동,미방문,
부영철물,경상북도 울진군,철물점,,경상북도 울진군 북면 울진북로 2113,,G21001 / 북면,미방문,
종합철물,경상북도 봉화군,철물점,,경상북도 봉화군 소천면 소천로 1274-1,,G21001 / 소천면,미방문,
부광농자재할인마트,경상북도 성주군,농자재점,,경상북도 성주군 초전면 대고로 49,,G22199 / 초전면,미방문,
시장철물농자재,경상북도 경산시,농자재점,,경상북도 경산시 자인면 자인로 186,,G21001 / 자인면,미방문,
환경농자재,경상북도 영주시,농자재점,,경상북도 영주시 풍기읍 동성로2번길 45-19,,G22199 / 풍기읍,미방문,
대원철물상회,경상북도 문경시,철물점,,경상북도 문경시 중앙1길 7,,G21001 / 점촌2동,미방문,
현대보링공업사현대농기구수리업,경상북도 상주시,농자재점,,경상북도 상주시 경천로 64,,S20301 / 동문동,미방문,
귀뚜라미보일러청송건축자재,경상북도 청송군,건자재점,,경상북도 청송군 청송읍 금곡안길 41,,G21001 / 청송읍,미방문,
동성종합건재상사,경상북도 영천시,건자재점,,경상북도 영천시 망정1길 92,,G21001 / 동부동,미방문,
로타리건재사,경상북도 포항시 남구,건자재점,,경상북도 포항시 남구 구룡포읍 병포길 1,,G21001 / 구룡포읍,미방문,
현대철물,경상북도 안동시,철물점,,경상북도 안동시 경동로 947,,G21001 / 용상동,미방문,
형제철물설비,경상북도 상주시,철물점,,경상북도 상주시 화동면 이소1길 30,,G21001 / 화동면,미방문,
패밀리공구철물인테리어,경상북도 경산시,건자재점,,경상북도 경산시 삼성현로15길 2,,G21001 / 서부1동,미방문,
통일운수정비공업사,경상북도 경주시,공구점,,경상북도 경주시 원효로 202,,S20301 / 월성동,미방문,
유림농약농자재,경상북도 영천시,농자재점,,경상북도 영천시 금호읍 금호시장길 50,,G22199 / 금호읍,미방문,
오상건축자재상사,경상북도 구미시,건자재점,,경상북도 구미시 장천면 장군로 20,,G21001 / 장천면,미방문,
충남철물상사,경상북도 구미시,철물점,,경상북도 구미시 상사동로 150,,G21001 / 상모사곡동,미방문,
중앙건재사,경상북도 문경시,건자재점,,경상북도 문경시 신흥로 153,,G21099 / 점촌2동,미방문,
동양철물,경상북도 경주시,철물점,,경상북도 경주시 안강읍 안강시장길 24-1,,G21001 / 안강읍,미방문,
혜민공업사,경상북도 의성군,공구점,,경상북도 의성군 비안면 교화길 860,,S20699 / 비안면,미방문,
동국철물공구,경상북도 포항시 북구,철물점,,경상북도 포항시 북구 중흥로267번길 9-3,,G21001 / 죽도동,미방문,
안동철물,경상북도 영천시,철물점,,경상북도 영천시 화산면 장수로 582,,G21001 / 화산면,미방문,
동양종합설비철물상사,경상북도 구미시,철물점,,경상북도 구미시 형곡서로 69,,G21001 / 형곡2동,미방문,
제일농자재,경상북도 상주시,농자재점,,경상북도 상주시 공검면 양정1길 20,,G22199 / 공검면,미방문,
동양철물,경상북도 고령군,철물점,,경상북도 고령군 대가야읍 왕릉로 47,,G21001 / 대가야읍,미방문,
삼영철물,경상북도 포항시 남구,철물점,,경상북도 포항시 남구 상공로 233,,G21001 / 해도동,미방문,
청호건축자재,경상북도 의성군,건자재점,,경상북도 의성군 의성읍 북원3길 33,,N11101 / 의성읍,미방문,
선진철물마트,경상북도 문경시,철물점,,경상북도 문경시 여중3길 9,,G21001 / 점촌5동,미방문,
환여종합건재철물,경상북도 포항시 북구,건자재점,,경상북도 포항시 북구 삼호로 486-1,,G21001 / 환여동,미방문,
송라건재,경상북도 포항시 북구,건자재점,,경상북도 포항시 북구 송라면 광천길 3,,G21001 / 송라면,미방문,
동양당건재약업사,경상북도 영주시,건자재점,,경상북도 영주시 풍기읍 기주로76번길 15-5,,G22199 / 풍기읍,미방문,
월성철물종묘사,경상북도 경주시,철물점,,경상북도 경주시 금성로 295,,G21001 / 성건동,미방문,
토탈농자재,경상북도 영덕군,농자재점,,경상북도 영덕군 영덕읍 경동로 8357,,G21001 / 영덕읍,미방문,
대동철물,경상북도 경산시,철물점,,경상북도 경산시 진량읍 공단로 605,,G21001 / 진량읍,미방문,
대성건재,경상북도 경산시,건자재점,,경상북도 경산시 중앙로16길 44,,G21099 / 남부동,미방문,
행복카－정비공업사,경상북도 경주시,공구점,,경상북도 경주시 천북면 동산6길 2-6,,S20301 / 천북면,미방문,
공단종합철물,경상북도 경산시,철물점,,경상북도 경산시 진량읍 두인길 2,,G21001 / 진량읍,미방문,
한국공구철물,경상북도 영주시,철물점,,경상북도 영주시 가흥로165번길 10,,G21001 / 가흥1동,미방문,
서문철물,경상북도 영덕군,철물점,,경상북도 영덕군 영해면 예주시장2길 8,,G21001 / 영해면,미방문,
경북공구상사,경상북도 경산시,공구점,,경상북도 경산시 경안로38길 34,,G21001 / 중앙동,미방문,
한라철물,경상북도 경주시,철물점,,경상북도 경주시 불국사초등길 20-2,,G21001 / 불국동,미방문,
동명농자재,경상북도 영천시,농자재점,,경상북도 영천시 천문로 74,,G21001 / 남부동,미방문,
예천철물건재;골재,경상북도 예천군,건자재점,,경상북도 예천군 예천읍 동읍내길 2,,G21001 / 예천읍,미방문,
지에이치공업사,경상북도 상주시,공구점,,경상북도 상주시 공성면 산현3길 87-45,,M11401 / 공성면,미방문,
세운공구.철물,경상북도 의성군,철물점,,경상북도 의성군 안계면 안계시장길 30,,G21001 / 안계면,미방문,
우리철물,경상북도 청도군,철물점,,경상북도 청도군 풍각면 송서8길 19,,G21001 / 풍각면,미방문,
신안건재,경상북도 의성군,건자재점,,경상북도 의성군 봉양면 도리원3길 7,,G21099 / 봉양면,미방문,
현대철물,경상북도 칠곡군,철물점,,경상북도 칠곡군 동명면 백송로 818,,G21001 / 동명면,미방문,
이오합판종합철물,경상북도 칠곡군,철물점,,경상북도 칠곡군 가산면 송신로 149-14,,G21001 / 가산면,미방문,
상인농자재,경상북도 칠곡군,농자재점,,경상북도 칠곡군 동명면 경북대로 777-9,,G21001 / 동명면,미방문,
대원공업사,경상북도 포항시 북구,공구점,,경상북도 포항시 북구 흥해읍 중성로32번길 28,,S20699 / 흥해읍,미방문,
현대철물설비,경상북도 경주시,철물점,,경상북도 경주시 양남면 하서중앙길 39-6,,G21001 / 양남면,미방문,
감문철물농자재상사,경상북도 김천시,농자재점,,경상북도 김천시 감문면 태촌앞길 14,,G21001 / 감문면,미방문,
영흥철물건재상사,경상북도 예천군,건자재점,,경상북도 예천군 예천읍 시장로 96-2,,G21001 / 예천읍,미방문,
흥해철물상회,경상북도 포항시 북구,철물점,,경상북도 포항시 북구 흥해읍 한동로 61-13,,G21001 / 흥해읍,미방문,
푸르네농자재,경상북도 문경시,농자재점,,경상북도 문경시 산양면 연화지길 37-2,,G21001 / 산양면,미방문,
포항종합공구마트,경상북도 포항시 남구,공구점,,경상북도 포항시 남구 철강로 178,,G21001 / 제철동,미방문,
오성농약농자재할인마트,경상북도 경산시,농자재점,,경상북도 경산시 자인면 자인로 203,,G22199 / 자인면,미방문,
복전철물,경상북도 김천시,철물점,,경상북도 김천시 대항면 황악로 1676-7,,G21001 / 대항면,미방문,
세창철물,경상북도 의성군,철물점,,경상북도 의성군 봉양면 도리원1길 94,,G21001 / 봉양면,미방문,
만산종합철물,경상북도 상주시,철물점,,경상북도 상주시 경상대로 3168,,G21001 / 북문동,미방문,
임동철물,경상북도 청송군,철물점,,경상북도 청송군 진보면 진안남2길 12-2,,G21001 / 진보면,미방문,
삼신철물건재사,경상북도 영천시,건자재점,,경상북도 영천시 완산로 75,,G20499 / 완산동,미방문,
숙천농기구,경상북도 경산시,농자재점,,경상북도 경산시 하양읍 대경로 25,,G21001 / 하양읍,미방문,
대성바이오농자재마트,경상북도 예천군,농자재점,,경상북도 예천군 예천읍 충효로 312-3,,G22199 / 예천읍,미방문,
낙동철물점,경상북도 상주시,철물점,,경상북도 상주시 낙동면 낙동4길 6-1,,G21001 / 낙동면,미방문,
대한공구철물마트,경상북도 영주시,철물점,,경상북도 영주시 구성로 290,,G21001 / 휴천1동,미방문,
대흥철물종합상사,경상북도 경산시,철물점,,경상북도 경산시 중앙로14길 24,,G21001 / 남부동,미방문,
조구철물상사,경상북도 경주시,철물점,,경상북도 경주시 금성로 295,,G21001 / 성건동,미방문,
청우건축철물,경상북도 포항시 남구,철물점,,경상북도 포항시 남구 오천읍 정몽주로 678,,G21001 / 오천읍,미방문,
삼성철물점,경상북도 구미시,철물점,,경상북도 구미시 장천면 강동로 185,,G21001 / 장천면,미방문,
백두종합건재상사,경상북도 김천시,건자재점,,경상북도 김천시 아포읍 아포대로 998-1,,G20803 / 아포읍,미방문,
한빛종합철물,경상북도 구미시,철물점,,경상북도 구미시 송동로 84,,G21001 / 도량동,미방문,
진안철물,경상북도 청송군,철물점,,경상북도 청송군 진보면 진안남2길 9-1,,G21001 / 진보면,미방문,
문흥농기구사,경상북도 의성군,농자재점,,경상북도 의성군 봉양면 경북대로 5081,,S20699 / 봉양면,미방문,
영덕전기철물,경상북도 영천시,철물점,,경상북도 영천시 문화새길 4,,G21001 / 동부동,미방문,
영문공업사,경상북도 영주시,공구점,,경상북도 영주시 꽃동산로 45-1,,S20699 / 가흥1동,미방문,
백두점건재,경상북도 상주시,건자재점,,경상북도 상주시 낙동면 상촌3길 127,,G21003 / 낙동면,미방문,
수성건재,경상북도 성주군,건자재점,,경상북도 성주군 가천면 가천로 80,,G21099 / 가천면,미방문,
안동종합벨트종합공구상사,경상북도 안동시,공구점,,경상북도 안동시 경동로 646,,G21001 / 중구동,미방문,
어일건재사,경상북도 경주시,건자재점,,경상북도 경주시 문무대왕면 어일1길 31,,G21001 / 문무대왕면,미방문,
아포공구상사,경상북도 김천시,공구점,,경상북도 김천시 아포읍 한지길 84,,G21001 / 아포읍,미방문,
대림공업사,경상북도 김천시,공구점,,경상북도 김천시 평화장미길 60-17,,G21001 / 평화남산동,미방문,
지례철물,경상북도 김천시,철물점,,경상북도 김천시 지례면 장터길 61,,G21001 / 지례면,미방문,
77카공업사,경상북도 경주시,공구점,,경상북도 경주시 외동읍 산업로 2886,,S20301 / 외동읍,미방문,
삼거리건재,경상북도 포항시 남구,건자재점,,경상북도 포항시 남구 상대로 132,,G21001 / 상대동,미방문,
영남철물상사,경상북도 칠곡군,철물점,,경상북도 칠곡군 왜관읍 중앙로 257,,G21001 / 왜관읍,미방문,
인동종합건재상사,경상북도 구미시,건자재점,,경상북도 구미시 여헌로 58,,G21001 / 인동동,미방문,
뚱보종합공구철물,경상북도 경주시,철물점,,경상북도 경주시 원화로 486,,G21001 / 용강동,미방문,
강동기계공구,경상북도 구미시,공구점,,경상북도 구미시 옥계남로5길 12-6,,N11199 / 양포동,미방문,
국제철물자재,경상북도 김천시,철물점,,경상북도 김천시 중앙시장3길 3,,G21001 / 자산동,미방문,
의성농자재,경상북도 의성군,농자재점,,경상북도 의성군 의성읍 구봉길 233-1,,G21001 / 의성읍,미방문,
영창종합건재,경상북도 고령군,건자재점,,경상북도 고령군 대가야읍 우륵로 19,,G21403 / 대가야읍,미방문,
건우농기구,경상북도 칠곡군,농자재점,,경상북도 칠곡군 지천면 금호자원길 42,,G21001 / 지천면,미방문,
영남철물,경상북도 구미시,철물점,,경상북도 구미시 산동읍 강동로 983,,G21001 / 산동읍,미방문,
시장철물상회,경상북도 성주군,철물점,,경상북도 성주군 성주읍 시장길 43-1,,G21001 / 성주읍,미방문,
한일건재철재상사,경상북도 영덕군,건자재점,,경상북도 영덕군 영덕읍 영덕로 249,,G21001 / 영덕읍,미방문,
모전철물,경상북도 문경시,철물점,,경상북도 문경시 운동장로 64,,G21001 / 점촌2동,미방문,
죽변형제농기구.오토바이수리센타,경상북도 울진군,농자재점,,경상북도 울진군 죽변면 후정3길 20-5,,S20401 / 죽변면,미방문,
영일공업사,경상북도 영천시,공구점,,경상북도 영천시 최무선로 349,,G21001 / 중앙동,미방문,
A월드농기계농자재할인마트,경상북도 성주군,농자재점,,경상북도 성주군 선남면 성주로 4054-4,,G21001 / 선남면,미방문,
남일철물,경상북도 청송군,철물점,,경상북도 청송군 현서면 구산북로 56,,G21001 / 현서면,미방문,
평화철물,경상북도 김천시,철물점,,경상북도 김천시 김천로 100,,G21001 / 평화남산동,미방문,
안동농기구,경상북도 안동시,농자재점,,경상북도 안동시 경동로 156-104,,S20699 / 송하동,미방문,
산양철물,경상북도 문경시,철물점,,경상북도 문경시 산양면 불암2길 32-1,,G21001 / 산양면,미방문,
안호공업사,경상북도 예천군,공구점,,경상북도 예천군 예천읍 시장로 58-1,,G20404 / 예천읍,미방문,
대승공업사,경상북도 청송군,공구점,,경상북도 청송군 청송읍 중앙로 179,,S20699 / 청송읍,미방문,
구미종합철물앵글,경상북도 구미시,철물점,,경상북도 구미시 인동중앙로10길 22,,G21001 / 인동동,미방문,
부영건재,경상북도 영천시,건자재점,,경상북도 영천시 화북면 화북길 89,,G21001 / 화북면,미방문,
부남농자재,경상북도 청송군,농자재점,,경상북도 청송군 부남면 대전로 163,,G21001 / 부남면,미방문,
태광종합공구상사,경상북도 경주시,공구점,,경상북도 경주시 구매1길 34,,G21201 / 불국동,미방문,
신친환경농약농자재마트,경상북도 성주군,농자재점,,경상북도 성주군 성주읍 성주순환로6길 17,,G21001 / 성주읍,미방문,
동양부속철물,경상북도 상주시,철물점,,경상북도 상주시 왕산로 270,,G21001 / 동문동,미방문,
동광철물공구,경상북도 경주시,철물점,,경상북도 경주시 안강읍 안강중앙로 174,,G21001 / 안강읍,미방문,
원장철물,경상북도 영주시,철물점,,경상북도 영주시 풍기읍 동양대로 11,,G21001 / 풍기읍,미방문,
대성철물,경상북도 영천시,철물점,,경상북도 영천시 신녕면 본관시장길 26-1,,G21001 / 신녕면,미방문,
합동농기구,경상북도 경주시,농자재점,,경상북도 경주시 안강읍 안현로 1666,,S20699 / 안강읍,미방문,
영남전기철물,경상북도 구미시,철물점,,경상북도 구미시 구미중앙로5길 6,,G21001 / 원평동,미방문,
경북비료농자재,경상북도 영주시,농자재점,,경상북도 영주시 순흥면 청구길 89,,G22199 / 순흥면,미방문,
경동철물누수탐지공사하수구뚫음,경상북도 상주시,철물점,,경상북도 상주시 무양1길 20,,S20699 / 북문동,미방문,
보승카공업사,경상북도 문경시,공구점,,경상북도 문경시 중앙로 298,,S20301 / 점촌3동,미방문,
벽경종합기계공구,경상북도 구미시,공구점,,경상북도 구미시 고아읍 선산대로 378,,G21001 / 고아읍,미방문,
대동철물,경상북도 경주시,철물점,,경상북도 경주시 외동읍 입실시장길 8-3,,G21001 / 외동읍,미방문,
경주공구상사,경상북도 경주시,공구점,,경상북도 경주시 원화로 169,,G21001 / 월성동,미방문,
서울냉동공업사,경상북도 상주시,공구점,,경상북도 상주시 함창읍 함령길 41,,S20501 / 함창읍,미방문,
신세계철물건재상사,경상북도 경산시,건자재점,,경상북도 경산시 진량읍 공단로 495,,G21001 / 진량읍,미방문,
안동철물,경상북도 의성군,철물점,,경상북도 의성군 의성읍 전통시장3길 7,,G21001 / 의성읍,미방문,
대성철물건재,경상북도 경주시,건자재점,,경상북도 경주시 외동읍 입실로 106,,G21001 / 외동읍,미방문,
창성농자재,경상북도 영천시,농자재점,,경상북도 영천시 북안면 송학길 18,,G21001 / 북안면,미방문,
명주철물,경상북도 영천시,철물점,,경상북도 영천시 북안면 운북로 1441,,G21001 / 북안면,미방문,
대한철물,경상북도 안동시,철물점,,경상북도 안동시 중앙시장길 15,,G21001 / 서구동,미방문,
제일농자재,경상북도 경산시,농자재점,,경상북도 경산시 하양읍 조산천동길 44,,G22199 / 하양읍,미방문,
경일철물안전,경상북도 안동시,철물점,,경상북도 안동시 풍산읍 장터중앙길 14,,G21001 / 풍산읍,미방문,
영광철물농자재,경상북도 예천군,농자재점,,경상북도 예천군 용궁면 용궁로 104,,G21001 / 용궁면,미방문,
단촌철물점,경상북도 의성군,철물점,,경상북도 의성군 단촌면 고운길 15,,G21001 / 단촌면,미방문,
고아공구철물건재종합상사,경상북도 구미시,건자재점,,경상북도 구미시 고아읍 관심1길 74,,G21001 / 고아읍,미방문,
삼율종합공구상사,경상북도 울진군,공구점,,경상북도 울진군 후포면 후포삼율로 145,,G21001 / 후포면,미방문,
한양건재토건,경상북도 포항시 남구,건자재점,,경상북도 포항시 남구 상공로 150-2,,G21001 / 상대동,미방문,
갑부건재철물,경상북도 청송군,건자재점,,경상북도 청송군 현서면 구산동로 7,,G21001 / 현서면,미방문,
대신종합공구상사,경상북도 경산시,공구점,,경상북도 경산시 경안로38길 36,,G21001 / 중앙동,미방문,
현대건재사,경상북도 포항시 남구,건자재점,,경상북도 포항시 남구 구룡포읍 호미로 241,,G21099 / 구룡포읍,미방문,
동은철물,경상북도 고령군,철물점,,경상북도 고령군 대가야읍 중앙로 45,,G21001 / 대가야읍,미방문,
덕일철물,경상북도 김천시,철물점,,경상북도 김천시 아포대로 22,,G21001 / 지좌동,미방문,
동명철물,경상북도 경산시,철물점,,경상북도 경산시 하양읍 대학로 1519,,G21001 / 하양읍,미방문,
정우종합철물건재,경상북도 상주시,건자재점,,경상북도 상주시 경상대로 2961,,G21001 / 남원동,미방문,
대경철물건재,경상북도 안동시,건자재점,,경상북도 안동시 풍산읍 풍산태사로 770,,G21001 / 풍산읍,미방문,
북안건재철물상사,경상북도 영천시,건자재점,,경상북도 영천시 천문로 238,,G21001 / 완산동,미방문,
철물쟁이,경상북도 칠곡군,철물점,,경상북도 칠곡군 왜관읍 달오2길 83,,G21001 / 왜관읍,미방문,
중앙건재사,경상북도 구미시,건자재점,,경상북도 구미시 선산읍 단계동길 8,,G21099 / 선산읍,미방문,
서문건재,경상북도 포항시 남구,건자재점,,경상북도 포항시 남구 오천읍 정몽주로 699,,G21001 / 오천읍,미방문,
경기농기구,경상북도 청송군,농자재점,,경상북도 청송군 진보면 청송로 6400,,S20699 / 진보면,미방문,
노아종합철물,경상북도 포항시 남구,철물점,,경상북도 포항시 남구 효성로 83,,G21001 / 효곡동,미방문,
김천철물,경상북도 김천시,철물점,,경상북도 김천시 중앙시장3길 9,,G21001 / 자산동,미방문,
오금철물,경상북도 경산시,철물점,,경상북도 경산시 경안로29길 31-1,,G21001 / 남부동,미방문,
영남건재철물,경상북도 김천시,건자재점,,경상북도 김천시 양금로 174,,G21001 / 양금동,미방문,
신진철물,경상북도 상주시,철물점,,경상북도 상주시 상산로 398,,G21001 / 계림동,미방문,
동원철물건재,경상북도 안동시,건자재점,,경상북도 안동시 희망2길 67,,G21001 / 옥동,미방문,
종합철물농자재마트,경상북도 영천시,농자재점,,경상북도 영천시 신녕면 완화길 46,,G21001 / 신녕면,미방문,
동부공업사,경상북도 상주시,공구점,,경상북도 상주시 영남제일로 1169,,S20601 / 동문동,미방문,
선산철물,경상북도 구미시,철물점,,경상북도 구미시 선산읍 남문로 47-1,,G21001 / 선산읍,미방문,
동양철물,경상북도 영주시,철물점,,경상북도 영주시 원당로 117,,G21001 / 하망동,미방문,
동해철물,경상북도 울진군,철물점,,경상북도 울진군 매화면 매화1길 80,,G21001 / 매화면,미방문,
제일철물앵글,경상북도 문경시,철물점,,경상북도 문경시 남산로 2,,G21001 / 점촌2동,미방문,
금성철물,경상북도 안동시,철물점,,경상북도 안동시 풍천면 섬마길 16-3,,G21001 / 풍천면,미방문,
그린철물상사,경상북도 경산시,철물점,,경상북도 경산시 성암로12길 40-7,,G21001 / 서부1동,미방문,
성우건재,경상북도 영천시,건자재점,,경상북도 영천시 대창면 금박로 1053,,G21099 / 대창면,미방문,
물량공업사,경상북도 상주시,공구점,,경상북도 상주시 낙동면 물량2길 178,,S20699 / 낙동면,미방문,
세영철물전기,경상북도 포항시 북구,철물점,,경상북도 포항시 북구 중흥로225번길 38,,G21001 / 죽도동,미방문,
신안철물점,경상북도 포항시 남구,철물점,,경상북도 포항시 남구 오천읍 문덕로23번길 20-10,,G21001 / 오천읍,미방문,
우리공구철물,경상북도 고령군,철물점,,경상북도 고령군 다산면 다산중앙길 11,,G21001 / 다산면,미방문,
마북철물건재,경상북도 포항시 북구,건자재점,,경상북도 포항시 북구 신광면 토성길25번길 4,,G21001 / 신광면,미방문,
대보건재사,경상북도 포항시 남구,건자재점,,경상북도 포항시 남구 호미곶면 해맞이로 193-1,,G21001 / 호미곶면,미방문,
문화철물,경상북도 상주시,철물점,,경상북도 상주시 풍물시장길 28,,G21001 / 남원동,미방문,
강동철물공구,경상북도 경주시,철물점,,경상북도 경주시 강동면 강동로 8-38,,G21001 / 강동면,미방문,
한빛철물마트원호점,경상북도 구미시,철물점,,경상북도 구미시 고아읍 문장로26길 13,,G21001 / 고아읍,미방문,
새마을철물상사,경상북도 영주시,철물점,,경상북도 영주시 순흥면 순흥로 62,,G21001 / 순흥면,미방문,
대구철물,경상북도 영천시,철물점,,경상북도 영천시 신녕면 장수로 1659-2,,G21001 / 신녕면,미방문,
대덕건재,경상북도 김천시,건자재점,,경상북도 김천시 대덕면 증산로 7,,G21001 / 대덕면,미방문,
영주철물공구자재,경상북도 영주시,철물점,,경상북도 영주시 원당로 31,,G21001 / 가흥1동,미방문,
농협농기구서비스센타,경상북도 경주시,농자재점,,경상북도 경주시 천북면 천북로 350,,S20699 / 천북면,미방문,
덕인농기구수리,경상북도 경주시,농자재점,,경상북도 경주시 현곡면 동대로 214,,S20699 / 현곡면,미방문,
영남철물,경상북도 의성군,철물점,,경상북도 의성군 안계면 안계시장길 27,,G21001 / 안계면,미방문,
온혜철물,경상북도 안동시,철물점,,경상북도 안동시 도산면 온혜중마길 36,,G21001 / 도산면,미방문,
감문철물점,경상북도 김천시,철물점,,경상북도 김천시 감문면 감문로 1088,,G21001 / 감문면,미방문,
무학철물,경상북도 경산시,철물점,,경상북도 경산시 하양읍 금송로 64,,G21001 / 하양읍,미방문,
삼영정비공업사,경상북도 경주시,공구점,,경상북도 경주시 강동면 강동산단로 65,,S20301 / 강동면,미방문,
청기공업사,경상북도 영양군,공구점,,경상북도 영양군 청기면 청기1길 12-11,,S20699 / 청기면,미방문,
신진건재사,경상북도 성주군,건자재점,,경상북도 성주군 성주읍 성주읍4길 32,,G21099 / 성주읍,미방문,
동부철물상사,경상북도 영주시,철물점,,경상북도 영주시 번영로 77-1,,G21001 / 휴천1동,미방문,
신동철물,경상북도 칠곡군,철물점,,경상북도 칠곡군 지천면 신동로 166,,G21001 / 지천면,미방문,
옥동철물,경상북도 안동시,철물점,,경상북도 안동시 경북대로 428,,G21001 / 옥동,미방문,
동양철물,경상북도 포항시 북구,철물점,,경상북도 포항시 북구 기계면 기계로 55-1,,G21001 / 기계면,미방문,
우리안전철물,경상북도 청도군,철물점,,경상북도 청도군 청도읍 청화로 163,,G21701 / 청도읍,미방문,
야시홀건재,경상북도 영덕군,건자재점,,경상북도 영덕군 영덕읍 중앙길 113,,G21099 / 영덕읍,미방문,
풍년농기구공구,경상북도 경산시,농자재점,,경상북도 경산시 와촌면 금송로 403,,G21001 / 와촌면,미방문,
장천철물,경상북도 구미시,철물점,,경상북도 구미시 장천면 강동로 193,,G21001 / 장천면,미방문,
안강오토바이농공업사,경상북도 경주시,공구점,,경상북도 경주시 안강읍 구부랑길 68-18,,S20699 / 안강읍,미방문,
흥해건재사,경상북도 포항시 북구,건자재점,,경상북도 포항시 북구 흥해읍 흥해로 88-1,,G21099 / 흥해읍,미방문,
안동철물,경상북도 안동시,철물점,,경상북도 안동시 중앙시장길 29,,G21001 / 서구동,미방문,
고령철물,경상북도 고령군,철물점,,경상북도 고령군 대가야읍 대가야로 1311,,G21001 / 대가야읍,미방문,
현대철물,경상북도 경주시,철물점,,경상북도 경주시 내남면 이조중앙길 15,,G21001 / 내남면,미방문,
대운농자재,경상북도 청송군,농자재점,,경상북도 청송군 현동면 과원길 161,,G21001 / 현동면,미방문,
김천톱철물,경상북도 김천시,철물점,,경상북도 김천시 중앙시장길 30,,G21001 / 자산동,미방문,
중앙철물공구사,경상북도 안동시,철물점,,경상북도 안동시 일직면 중앙통길 17,,G21001 / 일직면,미방문,
출장공업사,경상북도 문경시,공구점,,경상북도 문경시 마성면 새재로 160,,N11199 / 마성면,미방문,
영창건재철물,경상북도 영천시,건자재점,,경상북도 영천시 최무선로 285,,G21001 / 중앙동,미방문,
성암건재사,경상북도 성주군,건자재점,,경상북도 성주군 용암면 상성로 27,,G21001 / 용암면,미방문,
영강철물,경상북도 문경시,철물점,,경상북도 문경시 신흥로 220-1,,G21001 / 점촌3동,미방문,
약목철물건재,경상북도 칠곡군,건자재점,,경상북도 칠곡군 약목면 복성12길 1-10,,G21001 / 약목면,미방문,
영남공구철물,경상북도 영주시,철물점,,경상북도 영주시 선비로 224,,G21001 / 영주2동,미방문,
강동농자재,경상북도 상주시,농자재점,,경상북도 상주시 모서면 백화로 1347,,G21001 / 모서면,미방문,
한빛철물마트,경상북도 김천시,철물점,,경상북도 김천시 용전3로 9,,G21001 / 율곡동,미방문,
일광공구철물,경상북도 경주시,철물점,,경상북도 경주시 외동읍 문산공단길 116,,G21001 / 외동읍,미방문,
제일농자재,경상북도 고령군,농자재점,,경상북도 고령군 대가야읍 시장1길 14-1,,G21001 / 대가야읍,미방문,
쌍호대동농기구,경상북도 의성군,농자재점,,경상북도 의성군 안사면 쌍호2길 2-8,,S20699 / 안사면,미방문,
용산철물,경상북도 경주시,철물점,,경상북도 경주시 내남면 포석로 103,,G21001 / 내남면,미방문,
대경건재철강,경상북도 안동시,건자재점,,경상북도 안동시 풍산읍 풍산태사로 778,,G21001 / 풍산읍,미방문,
영광철물건재상사,경상북도 김천시,건자재점,,경상북도 김천시 구성면 남김천대로 2383,,G21001 / 구성면,미방문,
창영철물,경상북도 예천군,철물점,,경상북도 예천군 예천읍 시장로 100,,G21001 / 예천읍,미방문,
재산철물,경상북도 봉화군,철물점,,경상북도 봉화군 재산면 재산로 503,,G21001 / 재산면,미방문,
미래전기철물,경상북도 경산시,철물점,,경상북도 경산시 장산로 264,,G21201 / 동부동,미방문,
구일공구철물,경상북도 영주시,철물점,,경상북도 영주시 선비로 144,,G21001 / 휴천2동,미방문,
교동철물,경상북도 김천시,철물점,,경상북도 김천시 대학로 114,,G21001 / 대신동,미방문,
우래카공업사,경상북도 영양군,공구점,,경상북도 영양군 영양읍 중앙로 282-7,,S20301 / 영양읍,미방문,
영동철물건재,경상북도 포항시 남구,건자재점,,경상북도 포항시 남구 대송면 제내길 31,,G21001 / 대송면,미방문,
성광건재철물종합상사,경상북도 안동시,건자재점,,경상북도 안동시 풍산읍 풍산중앙길 87,,G21001 / 풍산읍,미방문,
황금철물,경상북도 구미시,철물점,,경상북도 구미시 산업로 282,,G21001 / 원평동,미방문,
중동철물,경상북도 칠곡군,철물점,,경상북도 칠곡군 석적읍 북중리3길 11,,G21001 / 석적읍,미방문,
상산철물점,경상북도 상주시,철물점,,경상북도 상주시 왕산로 185,,G21001 / 남원동,미방문,
대진철물,경상북도 김천시,철물점,,경상북도 김천시 용머리길 13-1,,G21001 / 자산동,미방문,
금호철물상회,경상북도 청도군,철물점,,경상북도 청도군 금천면 금천로 38,,G21001 / 금천면,미방문,
일신농자재상사,경상북도 칠곡군,농자재점,,경상북도 칠곡군 왜관읍 중앙로12길 14,,G22199 / 왜관읍,미방문,
삼성종합건재상사,경상북도 청송군,건자재점,,경상북도 청송군 현동면 새마을로 5409,,G21099 / 현동면,미방문,
대구철물,경상북도 상주시,철물점,,경상북도 상주시 함창읍 함창시장3길 39,,G21001 / 함창읍,미방문,
세신철물종합상사,경상북도 고령군,철물점,,경상북도 고령군 성산면 성산로 931,,G21001 / 성산면,미방문,
송서건재,경상북도 청도군,건자재점,,경상북도 청도군 풍각면 헐티로 194,,G21001 / 풍각면,미방문,
강원종합모터.철물,경상북도 영주시,철물점,,경상북도 영주시 구성로 264,,G21001 / 휴천1동,미방문,
혜성농자재,경상북도 영천시,농자재점,,경상북도 영천시 청통면 청통로 588,,G22199 / 청통면,미방문,
형제종합철물공구,경상북도 예천군,철물점,,경상북도 예천군 예천읍 시장로 36,,G21001 / 예천읍,미방문,
대한건재철물상사,경상북도 상주시,건자재점,,경상북도 상주시 청리면 청리중앙로 166,,G21001 / 청리면,미방문,
영남종합기계공구상사,경상북도 봉화군,공구점,,경상북도 봉화군 봉화읍 봉화로 1098-2,,G21001 / 봉화읍,미방문,
무한건재,경상북도 포항시 북구,건자재점,,경상북도 포항시 북구 흥해읍 삼흥로 727,,G21001 / 흥해읍,미방문,
수성농자재,경상북도 경주시,농자재점,,경상북도 경주시 강동면 오금큰길 126,,G21099 / 강동면,미방문,
조홍건재한약품,경상북도 경주시,건자재점,,경상북도 경주시 화랑로 138,,G22199 / 황오동,미방문,
북부건재사,경상북도 포항시 북구,건자재점,,경상북도 포항시 북구 선착로 6,,G21001 / 중앙동,미방문,
해평종합건재,경상북도 구미시,건자재점,,경상북도 구미시 해평면 강동로 1566,,G21099 / 해평면,미방문,
화동공업사,경상북도 상주시,공구점,,경상북도 상주시 화동면 중화로 1429,,S20301 / 화동면,미방문,
화일철물,경상북도 문경시,철물점,,경상북도 문경시 남산로 5,,G21001 / 점촌2동,미방문,
성보종합공구철물,경상북도 성주군,철물점,,경상북도 성주군 성주읍 성주산업단지로2길 156,,G21001 / 성주읍,미방문,
강진종합철물,경상북도 칠곡군,철물점,,경상북도 칠곡군 북삼읍 북삼로 167,,G21001 / 북삼읍,미방문,
동남농자재,경상북도 성주군,농자재점,,경상북도 성주군 성주읍 주산로 18,,G21001 / 성주읍,미방문,
세아농자재마트,경상북도 경산시,농자재점,,경상북도 경산시 진량읍 대학로 967-6,,G21001 / 진량읍,미방문,
동아철물,경상북도 안동시,철물점,,경상북도 안동시 중앙시장길 23,,G21001 / 서구동,미방문,
경제설비철물,경상북도 영덕군,철물점,,경상북도 영덕군 남정면 진불길 50-1,,G21001 / 남정면,미방문,
종합철물자재,경상북도 포항시 북구,철물점,,경상북도 포항시 북구 죽도로 14,,G21001 / 죽도동,미방문,
부농자재마트,경상북도 청송군,농자재점,,경상북도 청송군 부남면 대전로 183-9,,G21001 / 부남면,미방문,
시장철물,경상북도 청송군,철물점,,경상북도 청송군 현동면 도평2길 12,,G21001 / 현동면,미방문,
천평철물건재상,경상북도 칠곡군,건자재점,,경상북도 칠곡군 가산면 경북대로 1560,,G21001 / 가산면,미방문,
형제철물,경상북도 문경시,철물점,,경상북도 문경시 신흥로 126,,G21001 / 점촌2동,미방문,
유성철물,경상북도 고령군,철물점,,경상북도 고령군 대가야읍 시장길 32,,G21001 / 대가야읍,미방문,
쌍림철물,경상북도 고령군,철물점,,경상북도 고령군 쌍림면 대가야로 588-3,,G21001 / 쌍림면,미방문,
제일건재사,경상북도 경주시,건자재점,,경상북도 경주시 안강읍 안현로 1507,,G21001 / 안강읍,미방문,
성호공업사,경상북도 포항시 남구,공구점,,경상북도 포항시 남구 오천읍 냉천로598번길 26,,S20301 / 오천읍,미방문,
일광건설건재철물,경상북도 포항시 북구,건자재점,,경상북도 포항시 북구 삼호로 480,,G21001 / 환여동,미방문,
안강공업사,경상북도 경주시,공구점,,경상북도 경주시 강동면 인좌안길 23-11,,S20699 / 강동면,미방문,
백산농기구사,경상북도 고령군,농자재점,,경상북도 고령군 쌍림면 영서로 3177,,S20699 / 쌍림면,미방문,
상주렌탈.농자재,경상북도 상주시,농자재점,,경상북도 상주시 삼백로 290,,G21001 / 동문동,미방문,
팔공공구공업사,경상북도 영주시,공구점,,경상북도 영주시 원당로315번길 33,,G21001 / 상망동,미방문,
우민정비공업사,경상북도 경주시,공구점,,경상북도 경주시 외동읍 입실로 25,,S20301 / 외동읍,미방문,
항곡철물건재,경상북도 구미시,건자재점,,경상북도 구미시 고아읍 선산대로 667,,G21201 / 고아읍,미방문,
영동철물,경상북도 봉화군,철물점,,경상북도 봉화군 춘양면 의양로2길 35,,G21001 / 춘양면,미방문,
대성철물,경상북도 포항시 북구,철물점,,경상북도 포항시 북구 기계면 기계로 74,,G21001 / 기계면,미방문,
강변농자재,경상북도 문경시,농자재점,,경상북도 문경시 산양면 상무로 801,,G22199 / 산양면,미방문,
보성농자재,경상북도 성주군,농자재점,,경상북도 성주군 성주읍 성주로 3403,,G22199 / 성주읍,미방문,
진량건재,경상북도 경산시,건자재점,,경상북도 경산시 진량읍 대학로 924,,G21202 / 진량읍,미방문,
산촌건재,경상북도 성주군,건자재점,,경상북도 성주군 선남면 소학2길 37,,G21001 / 선남면,미방문,
대흥철물,경상북도 예천군,철물점,,경상북도 예천군 예천읍 시장로 98-1,,G21001 / 예천읍,미방문,
서은철물,경상북도 구미시,철물점,,경상북도 구미시 봉곡로 80,,G21001 / 선주원남동,미방문,
무을전기철물,경상북도 구미시,철물점,,경상북도 구미시 무을면 상무로 950,,G21001 / 무을면,미방문,
대성철물건재상회,경상북도 청송군,건자재점,,경상북도 청송군 진보면 진안로 30,,G21001 / 진보면,미방문,
유진철물,경상북도 포항시 남구,철물점,,경상북도 포항시 남구 중앙로134번길 23,,G21001 / 해도동,미방문,
대영공업사,경상북도 포항시 남구,공구점,,경상북도 포항시 남구 철강로 259,,S20699 / 제철동,미방문,
대안철물건재사,경상북도 예천군,건자재점,,경상북도 예천군 풍양면 낙상2길 37,,G21001 / 풍양면,미방문,
사방철물,경상북도 경주시,철물점,,경상북도 경주시 안강읍 사방검단길 14,,G21001 / 안강읍,미방문,
은희정비공업사,경상북도 경주시,공구점,,경상북도 경주시 양정로 156-3,,S20301 / 황오동,미방문,
한양종합건축자재,경상북도 의성군,건자재점,,경상북도 의성군 단촌면 장터길 18,,G21001 / 단촌면,미방문,
태성종합철물,경상북도 경주시,철물점,,경상북도 경주시 선주길 2,,G21001 / 동천동,미방문,
송정농자재,경상북도 성주군,농자재점,,경상북도 성주군 용암면 운용로 997-2,,G21002 / 용암면,미방문,
용상철물상회,경상북도 안동시,철물점,,경상북도 안동시 경동로 942,,G21001 / 용상동,미방문,
대영철물,경상북도 울진군,철물점,,경상북도 울진군 울진읍 읍내5길 43,,G21001 / 울진읍,미방문,
원호철물,경상북도 구미시,철물점,,경상북도 구미시 고아읍 문장로25길 4,,G21001 / 고아읍,미방문,
안동철물마트,경상북도 안동시,철물점,,경상북도 안동시 경동로 419,,G21001 / 태화동,미방문,
새마을건재철물,경상북도 구미시,건자재점,,경상북도 구미시 수출대로31길 1,,G21001 / 인동동,미방문,
대구철물,경상북도 칠곡군,철물점,,경상북도 칠곡군 왜관읍 중앙로 218,,G21001 / 왜관읍,미방문,
신영공구철물,경상북도 안동시,철물점,,경상북도 안동시 맑은샘5길 2,,G21001 / 중구동,미방문,
경북철물공구,경상북도 영주시,철물점,,경상북도 영주시 지천로 174,,G21001 / 가흥1동,미방문,
재산복조철물,경상북도 봉화군,철물점,,경상북도 봉화군 재산면 재산로 495,,G21001 / 재산면,미방문,
영일건재종합상사,경상북도 포항시 남구,건자재점,,경상북도 포항시 남구 동해면 약전로 1,,G21001 / 동해면,미방문,
단북공업사,경상북도 의성군,공구점,,경상북도 의성군 단북면 단북다인로 215,,S20699 / 단북면,미방문,
대성건재사,경상북도 영천시,건자재점,,경상북도 영천시 역전로 30,,G21001 / 완산동,미방문,
이두철물,경상북도 의성군,철물점,,경상북도 의성군 비안면 강변길 90-1,,G21001 / 비안면,미방문,
귀뚜라미보일러;덕신건축자재철물,경상북도 청송군,건자재점,,경상북도 청송군 청송읍 중앙로 221-1,,G21001 / 청송읍,미방문,
대영종합철물,경상북도 포항시 북구,철물점,,경상북도 포항시 북구 중흥로151번길 22-1,,G21001 / 죽도동,미방문,
영진철물,경상북도 경산시,철물점,,경상북도 경산시 진량읍 낙산길 31-1,,G21001 / 진량읍,미방문,
동아철물,경상북도 포항시 남구,철물점,,경상북도 포항시 남구 구룡포읍 구룡포길 100-1,,G21001 / 구룡포읍,미방문,
삼일공업사,경상북도 경주시,공구점,,경상북도 경주시 천북면 산업로 4882,,S20301 / 천북면,미방문,
대흥철물,경상북도 포항시 남구,철물점,,경상북도 포항시 남구 송림로 25-2,,G21001 / 송도동,미방문,
제철물회,경상북도 포항시 남구,철물점,,경상북도 포항시 남구 인덕로37번길 17,,I20111 / 제철동,미방문,
영진철물건재,경상북도 청송군,건자재점,,경상북도 청송군 진보면 진안동윗길 33,,G21001 / 진보면,미방문,
대림철물,경상북도 김천시,철물점,,경상북도 김천시 아포읍 한지길 24,,G21001 / 아포읍,미방문,
중동공업사,경상북도 상주시,공구점,,경상북도 상주시 중동면 덕암로 351,,S20301 / 중동면,미방문,
대영철물,경상북도 상주시,철물점,,경상북도 상주시 왕산로 144,,G21001 / 남원동,미방문,
학암건재,경상북도 청도군,건자재점,,경상북도 청도군 이서면 학산길 16,,G21003 / 이서면,미방문,
부구철물,경상북도 울진군,철물점,,경상북도 울진군 북면 울진북로 2111,,G21001 / 북면,미방문,
종합철물,경상북도 영주시,철물점,,경상북도 영주시 번영로132번길 2,,G21001 / 하망동,미방문,
태광농자재부품,경상북도 의성군,농자재점,,경상북도 의성군 안계면 용기2길 4-1,,G21001 / 안계면,미방문,
대성철물,경상북도 영주시,철물점,,경상북도 영주시 꽃동산로 42,,G21001 / 가흥1동,미방문,
대흥농자재마트,경상북도 문경시,농자재점,,경상북도 문경시 산양면 추산로 2,,G21001 / 산양면,미방문,
영천철물,경상북도 경산시,철물점,,경상북도 경산시 경안로31길 19,,G21001 / 남부동,미방문,
안성철물상회,경상북도 안동시,철물점,,경상북도 안동시 풍천면 섬마길 6-2,,G21001 / 풍천면,미방문,
노좌농기구,경상북도 영주시,농자재점,,경상북도 영주시 봉현면 노좌로35번길 34,,S20699 / 봉현면,미방문,
대진철물,경상북도 구미시,철물점,,경상북도 구미시 산호대로31길 8,,G21001 / 양포동,미방문,
매화공업사,경상북도 울진군,공구점,,경상북도 울진군 매화면 매화3길 20,,S20301 / 매화면,미방문,
동성공업사,경상북도 포항시 남구,공구점,,경상북도 포항시 남구 대송면 운제로 167-34,,S20301 / 대송면,미방문,
우주건설기계공구,경상북도 의성군,공구점,,경상북도 의성군 의성읍 구봉길 204-1,,G21001 / 의성읍,미방문,
삼광농자재,경상북도 경산시,농자재점,,경상북도 경산시 중앙로19길 25,,G21001 / 중방동,미방문,
한양산업안전철물상사,경상북도 상주시,철물점,,경상북도 상주시 삼백로 97,,G21001 / 북문동,미방문,
고아철물,경상북도 구미시,철물점,,경상북도 구미시 고아읍 선산대로 1020,,G21001 / 고아읍,미방문,
우수친환경농자재,경상북도 영천시,농자재점,,경상북도 영천시 장천2길 17,,G22001 / 동부동,미방문,
물야철물,경상북도 봉화군,철물점,,경상북도 봉화군 물야면 문수로 1025-31,,G21001 / 물야면,미방문,
제일철물,경상북도 영주시,철물점,,경상북도 영주시 부석면 부석로36번길 4,,G21001 / 부석면,미방문,
신용농자재마트,경상북도 문경시,농자재점,,경상북도 문경시 문경읍 온천8길 54,,G21001 / 문경읍,미방문,
태성철물전기,경상북도 구미시,철물점,,경상북도 구미시 칠성로6길 55,,G21001 / 신평1동,미방문,
대송건재사,경상북도 포항시 남구,건자재점,,경상북도 포항시 남구 대송면 제내길53번길 2,,G21001 / 대송면,미방문,
패밀리공구철물,경상북도 경산시,철물점,,경상북도 경산시 삼성현로15길 2,,G21001 / 서부1동,미방문,
풍년농기구,경상북도 영천시,농자재점,,경상북도 영천시 시장4길 52,,G21001 / 완산동,미방문,
중앙공업사,경상북도 문경시,공구점,,경상북도 문경시 문경읍 새재로 433,,S20301 / 문경읍,미방문,
제일철물，지보종합설비,경상북도 예천군,철물점,,경상북도 예천군 지보면 지보로 183,,G21001 / 지보면,미방문,
보국철물,경상북도 의성군,철물점,,경상북도 의성군 금성면 탑리길 123-16,,G21001 / 금성면,미방문,
공단철물,경상북도 칠곡군,철물점,,경상북도 칠곡군 왜관읍 2번도로길 117,,G21001 / 왜관읍,미방문,
문덕공업사,경상북도 포항시 남구,공구점,,경상북도 포항시 남구 오천읍 정몽주로 793,,S20301 / 오천읍,미방문,
삼성철물상회,경상북도 김천시,철물점,,경상북도 김천시 지례면 장터길 55,,G21001 / 지례면,미방문,
대흥철물공구,경상북도 청도군,철물점,,경상북도 청도군 청도읍 중앙로 21-1,,G21001 / 청도읍,미방문,
기계농자재철물,경상북도 포항시 북구,농자재점,,경상북도 포항시 북구 기계면 기계로 21,,G22199 / 기계면,미방문,
꽃동산철물,경상북도 영주시,철물점,,경상북도 영주시 지천로 150,,G21001 / 가흥1동,미방문,
대성전기철물,경상북도 울진군,철물점,,경상북도 울진군 근남면 울진북로 150,,G21001 / 근남면,미방문,
약전건재철물,경상북도 포항시 남구,건자재점,,경상북도 포항시 남구 동해면 일월로 165,,G21001 / 동해면,미방문,
신광철물공구,경상북도 포항시 북구,철물점,,경상북도 포항시 북구 신광면 토성길 44,,G21001 / 신광면,미방문,
화신철재건재,경상북도 영덕군,건자재점,,경상북도 영덕군 강구면 동해대로 4255,,G21001 / 강구면,미방문,
성안종합건재,경상북도 의성군,건자재점,,경상북도 의성군 의성읍 구봉길 311,,G21001 / 의성읍,미방문,
시장공구상사,경상북도 의성군,공구점,,경상북도 의성군 안계면 안계길 172,,G21001 / 안계면,미방문,
오태종합철물,경상북도 칠곡군,철물점,,경상북도 칠곡군 북삼읍 금오대로10길 8,,G21001 / 북삼읍,미방문,
신일건재토목상사,경상북도 영천시,건자재점,,경상북도 영천시 신녕면 본관시장길 14-10,,G21003 / 신녕면,미방문,
동경철물상사,경상북도 포항시 남구,철물점,,경상북도 포항시 남구 연일읍 철강로41번길 42,,G21001 / 연일읍,미방문,
구미철물자재상사,경상북도 구미시,철물점,,경상북도 구미시 산동읍 산호대로43길 5,,G21001 / 산동읍,미방문,
상모종합철물,경상북도 구미시,철물점,,경상북도 구미시 상사서로 40,,G21001 / 상모사곡동,미방문,
경북철물상회,경상북도 상주시,철물점,,경상북도 상주시 중앙시장길 16-25,,G21001 / 남원동,미방문,
대명공구철물자재,경상북도 경주시,철물점,,경상북도 경주시 양정로328번길 17,,G21001 / 용강동,미방문,
영남종합철물,경상북도 고령군,철물점,,경상북도 고령군 대가야읍 벽화길 10,,G21001 / 대가야읍,미방문,
점보공업사,경상북도 포항시 남구,공구점,,경상북도 포항시 남구 연일읍 동문로 20,,S20301 / 연일읍,미방문,
한동팜농자재,경상북도 봉화군,농자재점,,경상북도 봉화군 봉화읍 다덕로 350,,G22199 / 봉화읍,미방문,
영일건재,경상북도 포항시 남구,건자재점,,경상북도 포항시 남구 오천읍 정몽주로 506-5,,G21001 / 오천읍,미방문,
동해철물,경상북도 영덕군,철물점,,경상북도 영덕군 영해면 영덕로 1785,,G21001 / 영해면,미방문,
죽장철물,경상북도 포항시 북구,철물점,,경상북도 포항시 북구 죽장면 새마을로3622번길 1,,G21001 / 죽장면,미방문,
성진철물,경상북도 영주시,철물점,,경상북도 영주시 번영로 123,,G21001 / 하망동,미방문,
대지농자재,경상북도 안동시,농자재점,,경상북도 안동시 예안면 임예로 1897,,G21001 / 예안면,미방문,
양궁종합정비공업사,경상북도 예천군,공구점,,경상북도 예천군 예천읍 양궁로 226,,S20301 / 예천읍,미방문,
삼성천막공업사,경상북도 포항시 북구,공구점,,경상북도 포항시 북구 양학로 3,,G20906 / 양학동,미방문,
고향철물,경상북도 봉화군,철물점,,경상북도 봉화군 석포면 석포로1길 15-4,,G21001 / 석포면,미방문,
부산건재마트,경상북도 포항시 남구,건자재점,,경상북도 포항시 남구 송림로 6,,G21001 / 송도동,미방문,
제일농자재,경상북도 청송군,농자재점,,경상북도 청송군 청송읍 시장길 1,,G22199 / 청송읍,미방문,
경북철물상회,경상북도 상주시,철물점,,경상북도 상주시 공성면 공성중앙로 127,,G21001 / 공성면,미방문,
대우전기공구철물,경상북도 안동시,철물점,,경상북도 안동시 퇴계로 133-1,,G21001 / 명륜동,미방문,
대산농기구사,경상북도 봉화군,농자재점,,경상북도 봉화군 상운면 설매길 209-120,,S20699 / 상운면,미방문,
대동철물,경상북도 영양군,철물점,,경상북도 영양군 수비면 한티로 495,,G21001 / 수비면,미방문,
월포한일건재,경상북도 포항시 북구,건자재점,,경상북도 포항시 북구 청하면 월포로 143,,G21099 / 청하면,미방문,
삼일공업사,경상북도 울진군,공구점,,경상북도 울진군 울진읍 울진북로 636,,S20301 / 울진읍,미방문,
대풍철물,경상북도 영양군,철물점,,경상북도 영양군 석보면 원리길 11,,G21001 / 석보면,미방문,
점촌건재사,경상북도 문경시,건자재점,,경상북도 문경시 호서로 47,,G21099 / 점촌1동,미방문,
지성철물공구상사,경상북도 영천시,철물점,,경상북도 영천시 고경면 호국로 419,,G21001 / 고경면,미방문,
신용함석공업사,경상북도 안동시,공구점,,경상북도 안동시 경동로 721-4,,G22199 / 중구동,미방문,
아포철물,경상북도 구미시,철물점,,경상북도 구미시 구미중앙로5길 17,,G21001 / 원평동,미방문,
대영안전철물,경상북도 경산시,철물점,,경상북도 경산시 압량읍 진등길 26,,G21001 / 압량읍,미방문,
대신건재사,경상북도 포항시 북구,건자재점,,경상북도 포항시 북구 삼호로47번길 14,,G21001 / 중앙동,미방문,
풍기철물,경상북도 영주시,철물점,,경상북도 영주시 풍기읍 동성로 86,,G21001 / 풍기읍,미방문,
대흥철물,경상북도 봉화군,철물점,,경상북도 봉화군 석포면 석포로1길 25,,G21001 / 석포면,미방문,
양북철물,경상북도 경주시,철물점,,경상북도 경주시 문무대왕면 어일1길 40-3,,G21001 / 문무대왕면,미방문,
시장건재,경상북도 포항시 북구,건자재점,,경상북도 포항시 북구 청하면 청하로 216,,G21001 / 청하면,미방문,
이서철물건재,경상북도 청도군,건자재점,,경상북도 청도군 이서면 학산길 17,,G21001 / 이서면,미방문,
신진철물상회,경상북도 경주시,철물점,,경상북도 경주시 안강읍 안현로 1559,,G21001 / 안강읍,미방문,
한성친환경농자재,경상북도 안동시,농자재점,,경상북도 안동시 안기길 22,,G22199 / 안기동,미방문,
현대건재사,경상북도 김천시,건자재점,,경상북도 김천시 지례면 장터길 41,,G21099 / 지례면,미방문,
덕수전기공구철물,경상북도 영주시,철물점,,경상북도 영주시 구성로 223-3,,G21001 / 휴천3동,미방문,
혜원장식철물,경상북도 구미시,철물점,,경상북도 구미시 산업로 228,,G21101 / 원평동,미방문,
성진농기구,경상북도 경산시,농자재점,,경상북도 경산시 하양읍 청천길 20,,G21001 / 하양읍,미방문,
호암철물,경상북도 안동시,철물점,,경상북도 안동시 경동로 156-94,,G21001 / 송하동,미방문,
은성종합철물,경상북도 포항시 북구,철물점,,경상북도 포항시 북구 죽도로 11,,G21001 / 죽도동,미방문,
금성철물,경상북도 포항시 북구,철물점,,경상북도 포항시 북구 기계면 기계로 107,,G21001 / 기계면,미방문,
천일건재,경상북도 포항시 남구,건자재점,,경상북도 포항시 남구 송림로 30-1,,G21001 / 송도동,미방문,
보스카정비공업사,경상북도 경주시,공구점,,경상북도 경주시 소금강로61번길 3,,S20301 / 용강동,미방문,
대승철물,경상북도 영주시,철물점,,경상북도 영주시 원당로 222,,G21001 / 상망동,미방문,
경북종합건재,경상북도 영천시,건자재점,,경상북도 영천시 청산길 51,,G21001 / 중앙동,미방문,
김천중기공업사,경상북도 김천시,공구점,,경상북도 김천시 아포읍 동신길 3,,S20301 / 아포읍,미방문,
세원공구철물,경상북도 경주시,철물점,,경상북도 경주시 천북면 천북로 422,,G21001 / 천북면,미방문,
영신보링공업사,경상북도 문경시,공구점,,경상북도 문경시 남산로 143,,S20301 / 점촌2동,미방문,
성욱공업사,경상북도 문경시,공구점,,경상북도 문경시 신기3길 11,,S20301 / 점촌4동,미방문,
대한건재,경상북도 영주시,건자재점,,경상북도 영주시 서원로 63,,G21099 / 휴천1동,미방문,
우리철물,경상북도 의성군,철물점,,경상북도 의성군 금성면 탑운길 73,,G21001 / 금성면,미방문,
경도종합철물전기,경상북도 안동시,철물점,,경상북도 안동시 풍천면 기산구장길 11,,G21001 / 풍천면,미방문,
절삭공구마트,경상북도 경주시,공구점,,경상북도 경주시 외동읍 산업로 2060,,G21001 / 외동읍,미방문,
동천농자재,경상북도 문경시,농자재점,,경상북도 문경시 산양면 녹문길 183,,G21001 / 산양면,미방문,
윤동정미소;지사농기구,경상북도 성주군,농자재점,,경상북도 성주군 수륜면 수륜길 31,,S20699 / 수륜면,미방문,
도개공업사,경상북도 구미시,공구점,,경상북도 구미시 도개면 월림1길 4,,S20699 / 도개면,미방문,
화령건재,경상북도 상주시,건자재점,,경상북도 상주시 화서면 화령남6길 12,,G21099 / 화서면,미방문,
대일철물상회,경상북도 구미시,철물점,,경상북도 구미시 수출대로31길 61-1,,G21001 / 인동동,미방문,
국제철물,경상북도 구미시,철물점,,경상북도 구미시 금오산로5길 4,,G21001 / 원평동,미방문,
도량종합철물,경상북도 구미시,철물점,,경상북도 구미시 문장로 54-7,,G21001 / 도량동,미방문,
한국기계공구종합상사,경상북도 경주시,공구점,,경상북도 경주시 안강읍 안강중앙로 202,,G21001 / 안강읍,미방문,
일도철물,경상북도 칠곡군,철물점,,경상북도 칠곡군 약목면 약목로 114,,G21001 / 약목면,미방문,
진흥철물,경상북도 영주시,철물점,,경상북도 영주시 단산면 옥대로 47,,G21001 / 단산면,미방문,
효자건재사,경상북도 포항시 남구,건자재점,,경상북도 포항시 남구 효자로118번길 30-1,,G21001 / 효곡동,미방문,
영진카공업사,경상북도 영양군,공구점,,경상북도 영양군 수비면 한티로 522,,S20699 / 수비면,미방문,
토토건축자재,경상북도 경산시,건자재점,,경상북도 경산시 원효로 9,,M10501 / 중앙동,미방문,
여기철물점,경상북도 경산시,철물점,,경상북도 경산시 압량읍 김유신로 22,,G21001 / 압량읍,미방문,
인성농자재,경상북도 성주군,농자재점,,경상북도 성주군 대가면 참별로 2384-15,,G22199 / 대가면,미방문,
신광농자재마트,경상북도 상주시,농자재점,,경상북도 상주시 풍물시장길 48,,G22199 / 남원동,미방문,
동신철물,경상북도 경주시,철물점,,경상북도 경주시 유림로13번길 143,,G21001 / 황성동,미방문,
대성카공업사,경상북도 봉화군,공구점,,경상북도 봉화군 소천면 소천로 1327,,S20301 / 소천면,미방문,
고려건재한약품,경상북도 경주시,건자재점,,경상북도 경주시 금성로 288-1,,G22199 / 성건동,미방문,
대영철물종합상사,경상북도 영주시,철물점,,경상북도 영주시 선비로 32-3,,G21001 / 휴천2동,미방문,
한반도철물,경상북도 구미시,철물점,,경상북도 구미시 지산19길 3,,G21001 / 지산동,미방문,
청도동신철물,경상북도 청도군,철물점,,경상북도 청도군 청도읍 중앙로 25-1,,G21001 / 청도읍,미방문,
고령농협영농자재센터,경상북도 고령군,농자재점,,경상북도 고령군 대가야읍 낫질로 48-1,,G22199 / 대가야읍,미방문,
모화공구철물,경상북도 경주시,철물점,,경상북도 경주시 외동읍 산업로 1885-14,,G21001 / 외동읍,미방문,
태왕공구철물,경상북도 안동시,철물점,,경상북도 안동시 마들5길 13,,G21001 / 용상동,미방문,
남부철물상회,경상북도 칠곡군,철물점,,경상북도 칠곡군 왜관읍 중앙로 176-1,,G21001 / 왜관읍,미방문,
한국농자재,경상북도 봉화군,농자재점,,경상북도 봉화군 명호면 도천길 23-1,,G22199 / 명호면,미방문,
대왕건재철물,경상북도 영양군,건자재점,,경상북도 영양군 영양읍 황용천길 36,,G21001 / 영양읍,미방문,
88건설기계공구,경상북도 포항시 북구,공구점,,경상북도 포항시 북구 흥해읍 동해대로 1494,,G21001 / 흥해읍,미방문,
대천철물,경상북도 구미시,철물점,,경상북도 구미시 인동가산로 339,,G21001 / 인동동,미방문,
대신전기철물,경상북도 경산시,철물점,,경상북도 경산시 압량읍 부적길 15,,G21201 / 압량읍,미방문,
강쌤철물점,경상북도 경산시,철물점,,경상북도 경산시 경산로13길 7-18,,G21001 / 서부1동,미방문,
국이기계공구수리,경상북도 의성군,공구점,,경상북도 의성군 안계면 안신로 3,,S20699 / 안계면,미방문,
금성철물상사,경상북도 구미시,철물점,,경상북도 구미시 문화로 50,,G21001 / 원평동,미방문,
대구철물종합상사,경상북도 칠곡군,철물점,,경상북도 칠곡군 지천면 신동로8길 14,,G21001 / 지천면,미방문,
세신공구마트,경상북도 안동시,공구점,,경상북도 안동시 제비원로 100,,G21001 / 서구동,미방문,
순흥철물농자재,경상북도 영양군,농자재점,,경상북도 영양군 영양읍 시장5길 11-4,,G21001 / 영양읍,미방문,
상경철물자재,경상북도 포항시 북구,철물점,,경상북도 포항시 북구 흥해읍 흥해로 14,,G21001 / 흥해읍,미방문,
초원농자재,경상북도 안동시,농자재점,,경상북도 안동시 앙실로 180,,G22199 / 강남동,미방문,
한일건재,경상북도 영천시,건자재점,,경상북도 영천시 신녕면 장수로 1672,,G21001 / 신녕면,미방문,
부석농업농기구센타,경상북도 영주시,농자재점,,경상북도 영주시 부석면 소백로 3749,,S20699 / 부석면,미방문,
문경신용농자재,경상북도 문경시,농자재점,,경상북도 문경시 중앙로 256-7,,G21001 / 점촌3동,미방문,
녹전철물,경상북도 안동시,철물점,,경상북도 안동시 녹전면 녹전로 711,,G21001 / 녹전면,미방문,
구일철물건재골재,경상북도 경산시,건자재점,,경상북도 경산시 대학로 21,,G21099 / 서부2동,미방문,
경안농자재,경상북도 안동시,농자재점,,경상북도 안동시 중앙시장2길 51,,G21002 / 서구동,미방문,
경일철물,경상북도 경주시,철물점,,경상북도 경주시 안강읍 구부랑길 40,,G21001 / 안강읍,미방문,
과수농자재,경상북도 영주시,농자재점,,경상북도 영주시 원당로315번길 41,,G21001 / 상망동,미방문,
은성설비철물,경상북도 포항시 남구,철물점,,경상북도 포항시 남구 오천읍 정몽주로 523-2,,G21001 / 오천읍,미방문,
용호철물,경상북도 김천시,철물점,,경상북도 김천시 용머리길 17-1,,G21001 / 자산동,미방문,
제일건재,경상북도 경주시,건자재점,,경상북도 경주시 감포읍 감포로 129-2,,G21099 / 감포읍,미방문,
대교공업사,경상북도 영덕군,공구점,,경상북도 영덕군 강구면 동해대로 4460,,S20301 / 강구면,미방문,
고개마루농자재,경상북도 영주시,농자재점,,경상북도 영주시 봉현면 소백로 1239,,G21001 / 봉현면,미방문,
협천철물,경상북도 포항시 남구,철물점,,경상북도 포항시 남구 운하로36번길 7,,G21001 / 송도동,미방문,
경제철물건재,경상북도 영덕군,건자재점,,경상북도 영덕군 남정면 진불길 50-1,,G21001 / 남정면,미방문,
경북철물,경상북도 포항시 북구,철물점,,경상북도 포항시 북구 신광면 토성길 27,,G21001 / 신광면,미방문,
만복농자재,경상북도 문경시,농자재점,,경상북도 문경시 주평2길 2,,G21001 / 점촌4동,미방문,
현대철물,경상북도 봉화군,철물점,,경상북도 봉화군 춘양면 의양로 119,,G21001 / 춘양면,미방문,
도곡공업사,경상북도 영덕군,공구점,,경상북도 영덕군 축산면 영덕로 1434-1,,S20699 / 축산면,미방문,
성일공업사,경상북도 김천시,공구점,,경상북도 김천시 양금로 168,,S20301 / 양금동,미방문,
대신건재상사,경상북도 성주군,건자재점,,경상북도 성주군 대가면 참별로 1796,,G21099 / 대가면,미방문,
대흥철물,경상북도 고령군,철물점,,경상북도 고령군 대가야읍 시장3길 22,,G21001 / 대가야읍,미방문,
서울종합농자재,경상북도 봉화군,농자재점,,경상북도 봉화군 춘양면 의양로3길 7,,G21001 / 춘양면,미방문,
덕성건재사,경상북도 구미시,건자재점,,경상북도 구미시 선산읍 선산중앙로 121-2,,G21099 / 선산읍,미방문,
명호철물,경상북도 봉화군,철물점,,경상북도 봉화군 명호면 청량로 1119,,G21001 / 명호면,미방문,
현대건재상사,경상북도 상주시,건자재점,,경상북도 상주시 공성면 옥산3길 16,,G21099 / 공성면,미방문,
재산농기구,경상북도 봉화군,농자재점,,경상북도 봉화군 재산면 재산로 538-1,,S20699 / 재산면,미방문,
자호건재,경상북도 영천시,건자재점,,경상북도 영천시 호국로 232,,G21099 / 동부동,미방문,
동신중기공업사,경상북도 경주시,공구점,,경상북도 경주시 외동읍 모화북3길 44-1,,G20202 / 외동읍,미방문,
동성공업사,경상북도 울진군,공구점,,경상북도 울진군 평해읍 동해대로 720-8,,S20301 / 평해읍,미방문,
모동건재;철물;전기,경상북도 상주시,건자재점,,경상북도 상주시 모동면 용호1길 2,,G21001 / 모동면,미방문,
덕일보링정비공업사,경상북도 경산시,공구점,,경상북도 경산시 압량읍 가일길8길 1,,S20301 / 압량읍,미방문,
민영농자재,경상북도 고령군,농자재점,,경상북도 고령군 쌍림면 안림3길 4,,G21001 / 쌍림면,미방문,
남강당건재한약방,광주광역시 동구,건자재점,,광주광역시 동구 제봉로98번길 11-22,,G20508 / 충장동,미방문,
상무철물,광주광역시 서구,철물점,,광주광역시 서구 쌍촌로 33-1,,G21001 / 상무2동,미방문,
유성종합철물상사,광주광역시 남구,철물점,,광주광역시 남구 대남대로 358-1,,G21001 / 월산4동,미방문,
동화전기철물,광주광역시 서구,철물점,,광주광역시 서구 유덕로 12,,G21001 / 유덕동,미방문,
경전카공업사,광주광역시 북구,공구점,,광주광역시 북구 무등로262번길 17,,S20301 / 중흥1동,미방문,
햇빛1급공업사,광주광역시 광산구,공구점,,광주광역시 광산구 첨단과기로 93-29,,S20301 / 첨단1동,미방문,
천은당건재한약,광주광역시 동구,건자재점,,광주광역시 동구 무등로 454,,G20508 / 산수1동,미방문,
화순철물,광주광역시 남구,철물점,,광주광역시 남구 금화로422번길 28,,G21001 / 월산5동,미방문,
삼양공업사,광주광역시 남구,공구점,,광주광역시 남구 송암로24번가길 10,,S20301 / 송암동,미방문,
성원철물,광주광역시 남구,철물점,,광주광역시 남구 새동네길 31-3,,G21099 / 대촌동,미방문,
보광철물,광주광역시 서구,철물점,,광주광역시 서구 천변좌로 310,,G21001 / 양동,미방문,
열린공구철물,광주광역시 북구,철물점,,광주광역시 북구 첨단연신로 25,,G21001 / 양산동,미방문,
진흥건재상회,광주광역시 북구,건자재점,,광주광역시 북구 서암대로 255,,G21003 / 중흥동,미방문,
해태공업사,광주광역시 남구,공구점,,광주광역시 남구 금화로441번길 1,,S20301 / 월산4동,미방문,
현대전기철물,광주광역시 북구,철물점,,광주광역시 북구 서암대로 179,,G21001 / 신안동,미방문,
중앙공업사,광주광역시 남구,공구점,,광주광역시 남구 송암로 72,,S20301 / 송암동,미방문,
딱!철물볼트,광주광역시 북구,철물점,,광주광역시 북구 장등길80번길 65,,G21001 / 석곡동,미방문,
세원철물설비,광주광역시 광산구,철물점,,광주광역시 광산구 월계로 114,,G21001 / 첨단2동,미방문,
쌍촌카３급공업사,광주광역시 서구,공구점,,광주광역시 서구 상무대로 939,,S20301 / 상무1동,미방문,
신신철물,광주광역시 광산구,철물점,,광주광역시 광산구 월곡산정로 7,,G21001 / 하남동,미방문,
황금철물，열쇠,광주광역시 서구,철물점,,광주광역시 서구 화정로 129,,G21001 / 화정4동,미방문,
운남종합철물,광주광역시 광산구,철물점,,광주광역시 광산구 신창로 122,,G21001 / 신창동,미방문,
신안철물보일러,광주광역시 북구,철물점,,광주광역시 북구 설죽로 124,,G21001 / 신안동,미방문,
광성철물,광주광역시 동구,철물점,,광주광역시 동구 천변우로 485,,G21001 / 학동,미방문,
무진종합철물,광주광역시 광산구,철물점,,광주광역시 광산구 송정로29번길 9,,G21001 / 송정2동,미방문,
광남철물공구,광주광역시 서구,철물점,,광주광역시 서구 독립로 208,,G21001 / 양동,미방문,
우리카경정비공업사,광주광역시 동구,공구점,,광주광역시 동구 남문로 594-11,,S20301 / 지원1동,미방문,
영생당건재,광주광역시 북구,건자재점,,광주광역시 북구 군왕로208번길 28,,G20508 / 문화동,미방문,
광주철물,광주광역시 북구,철물점,,광주광역시 북구 서방로 49-1,,G21001 / 우산동,미방문,
삼일철물,광주광역시 남구,철물점,,광주광역시 남구 송암로24번가길 14,,G21001 / 송암동,미방문,
우산철물상사,광주광역시 광산구,철물점,,광주광역시 광산구 우산로96번길 49,,G21001 / 우산동,미방문,
동아건재,광주광역시 남구,건자재점,,광주광역시 남구 용대로74번길 25,,G21099 / 봉선2동,미방문,
금탑철물,광주광역시 동구,철물점,,광주광역시 동구 화산로 360,,G21001 / 지원2동,미방문,
광명철물공구안전,광주광역시 광산구,철물점,,광주광역시 광산구 상무대로 319,,G21001 / 신흥동,미방문,
골드종합철물상사,광주광역시 광산구,철물점,,광주광역시 광산구 용아로 374,,G21001 / 하남동,미방문,
신기철물,광주광역시 동구,철물점,,광주광역시 동구 중앙로 363,,G21001 / 계림1동,미방문,
신성부분정비공업사,광주광역시 광산구,공구점,,광주광역시 광산구 비아안길 100-18,,S20301 / 비아동,미방문,
가나철물,광주광역시 북구,철물점,,광주광역시 북구 설죽로 417,,G21001 / 삼각동,미방문,
무등건축자재,광주광역시 서구,건자재점,,광주광역시 서구 풍서좌로253번길 18,,G21099 / 서창동,미방문,
첨단철물인테리어,광주광역시 광산구,건자재점,,광주광역시 광산구 첨단내촌로 50-1,,G21001 / 첨단2동,미방문,
승주철물,광주광역시 광산구,철물점,,광주광역시 광산구 사암로 424,,G21001 / 수완동,미방문,
창조종합철물,광주광역시 광산구,철물점,,광주광역시 광산구 북문대로 410,,G21001 / 신창동,미방문,
영진정비공업사,광주광역시 광산구,공구점,,광주광역시 광산구 송촌길37번길 24,,S20301 / 평동,미방문,
청풍종합철물,광주광역시 북구,철물점,,광주광역시 북구 면앙로185번길 31,,G21001 / 두암2동,미방문,
인성철물종합상사,광주광역시 남구,철물점,,광주광역시 남구 회서로12번길 2,,G21001 / 주월1동,미방문,
남광건재상,광주광역시 동구,건자재점,,광주광역시 동구 제봉로17번길 1,,G22199 / 학동,미방문,
월곡종합건재,광주광역시 광산구,건자재점,,광주광역시 광산구 월곡중앙로 55-1,,G21001 / 월곡1동,미방문,
남영철물페인트,광주광역시 북구,건자재점,,광주광역시 북구 우치로 42,,G21001 / 중흥동,미방문,
진월안전철물,광주광역시 동구,철물점,,광주광역시 동구 학소로 89-1,,G21001 / 지원1동,미방문,
대진철물，샷시,광주광역시 서구,건자재점,,광주광역시 서구 풍암순환로109번길 1,,G21001 / 풍암동,미방문,
광명카공업사,광주광역시 광산구,공구점,,광주광역시 광산구 사암로27번길 7,,S20301 / 신흥동,미방문,
승주철물,광주광역시 광산구,철물점,,광주광역시 광산구 산정공원로 49,,G21001 / 월곡2동,미방문,
부광공구상사,광주광역시 서구,공구점,,광주광역시 서구 화개1로5번길 15-1,,G21202 / 금호2동,미방문,
광명철물,광주광역시 광산구,철물점,,광주광역시 광산구 신창로 107,,G21001 / 신창동,미방문,
동명철물,광주광역시 북구,철물점,,광주광역시 북구 군왕로 143,,G21001 / 두암2동,미방문,
가람공업사,광주광역시 광산구,공구점,,광주광역시 광산구 송정로 51,,S20301 / 송정2동,미방문,
대형카정비공업사,광주광역시 북구,공구점,,광주광역시 북구 하서로523번길 10,,S20301 / 건국동,미방문,
농성정비공업사,광주광역시 서구,공구점,,광주광역시 서구 발산로 9,,S20301 / 농성1동,미방문,
영진철물，열쇠,광주광역시 서구,철물점,,광주광역시 서구 풍금로 117,,G21001 / 금호2동,미방문,
대영철물,광주광역시 서구,철물점,,광주광역시 서구 월드컵4강로 187,,G21001 / 상무1동,미방문,
일성철물,광주광역시 동구,철물점,,광주광역시 동구 동계로15번길 20-4,,G21001 / 산수1동,미방문,
건영철물보일러,광주광역시 북구,철물점,,광주광역시 북구 군왕로193번길 21-1,,G21001 / 두암2동,미방문,
럭키종합철물,광주광역시 서구,철물점,,광주광역시 서구 염화로 119,,G21001 / 화정3동,미방문,
전기;철물,광주광역시 광산구,철물점,,광주광역시 광산구 용보로 15,,G21001 / 송정1동,미방문,
신안공업사,광주광역시 서구,공구점,,광주광역시 서구 하남대로 498,,S20301 / 동천동,미방문,
금호공구철물,광주광역시 광산구,철물점,,광주광역시 광산구 진곡산단중앙로 224-8,,G21001 / 하남동,미방문,
대송목재건재사,광주광역시 동구,건자재점,,광주광역시 동구 동계로15번길 26-3,,G21099 / 동명동,미방문,
아이철물,광주광역시 광산구,철물점,,광주광역시 광산구 진곡산단2번로 47-26,,G21001 / 하남동,미방문,
장수보링공업사,광주광역시 광산구,공구점,,광주광역시 광산구 고봉로 224-33,,S20301 / 하남동,미방문,
용산철물전기,광주광역시 남구,철물점,,광주광역시 남구 월산로 131-4,,G21201 / 월산동,미방문,
조현종합철물,광주광역시 남구,철물점,,광주광역시 남구 고싸움로 159-2,,G21001 / 대촌동,미방문,
Y카공업사,광주광역시 북구,공구점,,광주광역시 북구 중가로 46,,S20301 / 중앙동,미방문,
화정전기철물,광주광역시 서구,철물점,,광주광역시 서구 월드컵4강로28번길 33,,G21001 / 화정3동,미방문,
종합철물,광주광역시 북구,철물점,,광주광역시 북구 하서로 338-1,,G21001 / 양산동,미방문,
무등철물,광주광역시 남구,철물점,,광주광역시 남구 용대로 88,,G21001 / 봉선2동,미방문,
세원공구철물,광주광역시 북구,철물점,,광주광역시 북구 군왕로 120,,G21001 / 두암2동,미방문,
신안철물,광주광역시 동구,철물점,,광주광역시 동구 필문대로192번길 6-9,,G21001 / 산수1동,미방문,
우송철물공구,광주광역시 광산구,철물점,,광주광역시 광산구 소촌로 71-1,,G21001 / 어룡동,미방문,
금호철물,광주광역시 북구,철물점,,광주광역시 북구 제봉로 283,,G21001 / 중흥1동,미방문,
무등，열쇠，철물，전기,광주광역시 북구,철물점,,광주광역시 북구 동문대로204번길 43-2,,G21001 / 문화동,미방문,
평화철물,광주광역시 북구,철물점,,광주광역시 북구 용봉로126번길 73,,G21001 / 중흥동,미방문,
고운농자재,광주광역시 북구,농자재점,,광주광역시 북구 연양로105번길 6-2,,G21001 / 양산동,미방문,
대호철물,광주광역시 북구,철물점,,광주광역시 북구 서하로 345,,S20699 / 문흥1동,미방문,
대주종합철물,광주광역시 북구,철물점,,광주광역시 북구 평교로 18,,G21001 / 우산동,미방문,
소문난철물,광주광역시 동구,철물점,,광주광역시 동구 동명로 33,,G21001 / 동명동,미방문,
백두농자재,광주광역시 광산구,농자재점,,광주광역시 광산구 북문대로 383-57,,G21001 / 신창동,미방문,
전남보링공업사,광주광역시 북구,공구점,,광주광역시 북구 무등로262번길 45,,S20301 / 중흥1동,미방문,
대호수도철물,광주광역시 북구,철물점,,광주광역시 북구 삼정로 95,,G21001 / 두암3동,미방문,
신진공업사유,광주광역시 남구,공구점,,광주광역시 남구 송암로24번가길 8,,S20301 / 송암동,미방문,
운천철물,광주광역시 서구,철물점,,광주광역시 서구 상무대로868번길 11,,G21001 / 상무2동,미방문,
광남부분정비공업사,광주광역시 남구,공구점,,광주광역시 남구 독립로 127,,S20301 / 월산동,미방문,
경동철물,광주광역시 남구,철물점,,광주광역시 남구 서문대로 651,,G21001 / 진월동,미방문,
재성철물,광주광역시 남구,철물점,,광주광역시 남구 회서로 16,,G21001 / 주월1동,미방문,
부용철물상사,광주광역시 남구,철물점,,광주광역시 남구 봉선1로 18,,G21001 / 봉선1동,미방문,
효동열쇠.철물.전기,광주광역시 동구,철물점,,광주광역시 동구 남문로 560,,G21001 / 지원2동,미방문,
도덕철물슈퍼,광주광역시 광산구,철물점,,광주광역시 광산구 삼도로 349,,G21001 / 삼도동,미방문,
광주철물보일러,광주광역시 북구,철물점,,광주광역시 북구 서방로160번길 15,,G21001 / 두암1동,미방문,
백운보도철물,광주광역시 남구,철물점,,광주광역시 남구 독립로 68-2,,G21001 / 백운1동,미방문,
부덕철물점,광주광역시 북구,철물점,,광주광역시 북구 대자로 77,,G21001 / 운암2동,미방문,
금강철물상사,광주광역시 북구,철물점,,광주광역시 북구 서하로 276,,G21001 / 오치1동,미방문,
시온철물마트,광주광역시 서구,철물점,,광주광역시 서구 내방로 52,,G21001 / 치평동,미방문,
은혜철물;인테리어,광주광역시 북구,건자재점,,광주광역시 북구 서강로 89,,G21001 / 운암1동,미방문,
대영철물공구,광주광역시 광산구,철물점,,광주광역시 광산구 상무대로 166,,G21001 / 송정2동,미방문,
태우건재,광주광역시 북구,건자재점,,광주광역시 북구 첨단연신로107번길 29,,G21099 / 신용동,미방문,
안전철물공구,광주광역시 북구,철물점,,광주광역시 북구 동문대로 136,,G21001 / 두암2동,미방문,
Best철물공구,광주광역시 서구,철물점,,광주광역시 서구 화운로 115,,G21001 / 화정2동,미방문,
효남공업사,광주광역시 남구,공구점,,광주광역시 남구 포충로 579-2,,G21001 / 대촌동,미방문,
남광설비철물,광주광역시 북구,철물점,,광주광역시 북구 우치로231번길 17,,G21201 / 오치2동,미방문,
가나철물열쇠설비,광주광역시 북구,철물점,,광주광역시 북구 일곡마을로 50-1,,G21001 / 일곡동,미방문,
동명안전철물,광주광역시 북구,철물점,,광주광역시 북구 서암대로131번길 5,,G21001 / 신안동,미방문,
신일철물,광주광역시 북구,철물점,,광주광역시 북구 문화소통로 148,,G21001 / 용봉동,미방문,
수기철물,광주광역시 북구,철물점,,광주광역시 북구 중외길25번길 17,,G21201 / 매곡동,미방문,
대광철물공구건재,광주광역시 서구,건자재점,,광주광역시 서구 상무대로 803,,G21001 / 치평동,미방문,
그린장식철물,광주광역시 북구,철물점,,광주광역시 북구 금호로 2,,G21001 / 운암2동,미방문,
현대철물,광주광역시 남구,철물점,,광주광역시 남구 회재로 1219-1,,G21001 / 주월2동,미방문,
월산공구철물,광주광역시 남구,철물점,,광주광역시 남구 대남대로 306-1,,G21001 / 월산5동,미방문,
황금종합철물,광주광역시 광산구,철물점,,광주광역시 광산구 송도로 218,,G21001 / 도산동,미방문,
각화공업사,광주광역시 북구,공구점,,광주광역시 북구 동문대로266번길 15,,G21001 / 문화동,미방문,
송정철물공구,광주광역시 광산구,철물점,,광주광역시 광산구 상무대로 324,,G21001 / 신흥동,미방문,
서경종합철물,광주광역시 서구,철물점,,광주광역시 서구 상무대로 1059,,G21001 / 화정1동,미방문,
우정철물,광주광역시 북구,철물점,,광주광역시 북구 동문대로204번길 49,,G21001 / 문화동,미방문,
화정전기，철물,광주광역시 서구,철물점,,광주광역시 서구 월드컵4강로68번길 1,,G21001 / 화정3동,미방문,
전기철물,광주광역시 북구,철물점,,광주광역시 북구 부남길 25,,G21001 / 문흥1동,미방문,
광산철물,광주광역시 광산구,철물점,,광주광역시 광산구 목련로394번길 10-20,,G21001 / 신가동,미방문,
태봉철물설비,광주광역시 남구,철물점,,광주광역시 남구 금화로 480-1,,G21001 / 월산4동,미방문,
대성종합철물,광주광역시 남구,철물점,,광주광역시 남구 독립로 87,,G21001 / 월산동,미방문,
나라철물보일러,광주광역시 북구,철물점,,광주광역시 북구 참판로 38,,G21001 / 풍향동,미방문,
원카부분정비공업사,광주광역시 북구,공구점,,광주광역시 북구 경양로 104-21,,S20301 / 임동,미방문,
동양&모든열쇠·도장·설비·철물,광주광역시 광산구,철물점,,광주광역시 광산구 월곡로 27,,S20699 / 월곡1동,미방문,
가보안전철물상사,광주광역시 북구,철물점,,광주광역시 북구 금호로24번길 8,,G21001 / 운암2동,미방문,
신안안전철물,광주광역시 서구,철물점,,광주광역시 서구 매월2로 53,,G21201 / 서창동,미방문,
일성철물,광주광역시 동구,철물점,,광주광역시 동구 구성로 274,,G21001 / 계림1동,미방문,
행운철물집수리,광주광역시 서구,철물점,,광주광역시 서구 풍암순환로 42,,S20601 / 풍암동,미방문,
오토카정비공업사,광주광역시 광산구,공구점,,광주광역시 광산구 송도로 186,,S20301 / 도산동,미방문,
게이트맨현대철물,광주광역시 북구,철물점,,광주광역시 북구 설죽로 569,,G21001 / 일곡동,미방문,
진호철물마트,광주광역시 남구,철물점,,광주광역시 남구 서문대로 439,,G21001 / 송암동,미방문,
광영전기철물,광주광역시 광산구,철물점,,광주광역시 광산구 산정공원로 39,,G21001 / 월곡2동,미방문,
현대철물열쇠전기,광주광역시 북구,철물점,,광주광역시 북구 서암대로 151-1,,G21001 / 신안동,미방문,
명성농자재,광주광역시 광산구,농자재점,,광주광역시 광산구 송도로294번길 14-6,,N11199 / 송정1동,미방문,
제일철물공구,광주광역시 북구,철물점,,광주광역시 북구 서암대로 259-3,,G21001 / 중흥동,미방문,
갑동종합철물,광주광역시 광산구,철물점,,광주광역시 광산구 목련로 344,,G21001 / 신가동,미방문,
신성종합철물상사,광주광역시 북구,철물점,,광주광역시 북구 우치로264번길 9,,G21001 / 오치1동,미방문,
성진철물,광주광역시 북구,철물점,,광주광역시 북구 안산로 2,,G21001 / 오치2동,미방문,
삼성종합철물건재,광주광역시 광산구,건자재점,,광주광역시 광산구 내상로 77,,G21001 / 송정1동,미방문,
대성보링공업사,광주광역시 광산구,공구점,,광주광역시 광산구 사암로 668-1,,S20301 / 하남동,미방문,
무등공업사,광주광역시 서구,공구점,,광주광역시 서구 무진대로 967-1,,S20301 / 광천동,미방문,
도경종합철물,광주광역시 서구,철물점,,광주광역시 서구 상무민주로 11,,G21001 / 상무1동,미방문,
마재열쇠.철물.인테리어,광주광역시 서구,건자재점,,광주광역시 서구 매월1로 45,,G21001 / 서창동,미방문,
광성철물공구,광주광역시 광산구,철물점,,광주광역시 광산구 평동로 791,,G21001 / 평동,미방문,
까치철물,광주광역시 북구,철물점,,광주광역시 북구 하서로 373,,G21001 / 양산동,미방문,
남양철물,광주광역시 동구,철물점,,광주광역시 동구 독립로 342-1,,G21001 / 계림1동,미방문,
행운철물점,광주광역시 북구,철물점,,광주광역시 북구 면앙로 36,,G20404 / 문흥2동,미방문,
대광종합철물,광주광역시 서구,철물점,,광주광역시 서구 칠성로 19,,G21001 / 유덕동,미방문,
신일철물,광주광역시 서구,철물점,,광주광역시 서구 매월2로 53,,G21001 / 서창동,미방문,
닥터카공업사,광주광역시 남구,공구점,,광주광역시 남구 화산로31번길 11,,S20301 / 진월동,미방문,
경동공업사,광주광역시 광산구,공구점,,광주광역시 광산구 고봉로230번길 8,,S20301 / 하남동,미방문,
대광공업사,광주광역시 북구,공구점,,광주광역시 북구 우치로275번길 50,,S20301 / 오치2동,미방문,
명성철물상사,광주광역시 광산구,철물점,,광주광역시 광산구 장덕로40번길 6,,G21001 / 수완동,미방문,
부강종합철물,광주광역시 광산구,철물점,,광주광역시 광산구 하남대로 323,,G21001 / 신가동,미방문,
장인열쇠철물,광주광역시 북구,철물점,,광주광역시 북구 하서로 347-1,,G21001 / 양산동,미방문,
진성철물,광주광역시 광산구,철물점,,광주광역시 광산구 수등로243번길 28-24,,G21001 / 신가동,미방문,
부강철물물류,광주광역시 북구,철물점,,광주광역시 북구 서암대로 287,,G21001 / 중흥동,미방문,
대양공업사,광주광역시 남구,공구점,,광주광역시 남구 송암로 52,,S20301 / 송암동,미방문,
오토마트공업사,광주광역시 북구,공구점,,광주광역시 북구 하서로 648,,S20301 / 건국동,미방문,
쌍합성상회쌍표철물,광주광역시 광산구,철물점,,광주광역시 광산구 내상로33번길 7,,G21001 / 송정2동,미방문,
흑석부분정비공업사,광주광역시 광산구,공구점,,광주광역시 광산구 북문대로 629-11,,S20301 / 비아동,미방문,
파도철물공구,광주광역시 북구,철물점,,광주광역시 북구 대천로 167,,G21001 / 문흥1동,미방문,
남향철물,광주광역시 북구,철물점,,광주광역시 북구 동문대로 121,,G21001 / 우산동,미방문,
늘푸른안전철물산업,광주광역시 북구,철물점,,광주광역시 북구 능안로12번길 23,,G21001 / 문흥2동,미방문,
무등철물,광주광역시 광산구,철물점,,광주광역시 광산구 첨단내촌로 70,,G21001 / 첨단2동,미방문,
평화철물,광주광역시 서구,철물점,,광주광역시 서구 월산로 235,,G21001 / 농성1동,미방문,
대명종합철물공구,광주광역시 광산구,철물점,,광주광역시 광산구 사암로 146,,G21001 / 우산동,미방문,
대주철물점,광주광역시 광산구,철물점,,광주광역시 광산구 송도로182번길 5,,G21001 / 도산동,미방문,
황소카부분정비공업사,광주광역시 북구,공구점,,광주광역시 북구 하서로 436,,S20301 / 건국동,미방문,
덕운카３급공업사,광주광역시 광산구,공구점,,광주광역시 광산구 고봉로 126-23,,S20301 / 하남동,미방문,
대주철물전기설비사,광주광역시 남구,철물점,,광주광역시 남구 독립로 30-1,,G21001 / 백운2동,미방문,
수정철물,광주광역시 북구,철물점,,광주광역시 북구 호동로 64-1,,G21001 / 문흥2동,미방문,
베스트전기종합철물,광주광역시 남구,철물점,,광주광역시 남구 대남대로 89,,G21001 / 방림1동,미방문,
인우철물설비,광주광역시 동구,철물점,,광주광역시 동구 경양로 268,,G21001 / 계림1동,미방문,
영진카텍공업사,광주광역시 북구,공구점,,광주광역시 북구 자산로 52,,S20301 / 신안동,미방문,
광주철물,광주광역시 서구,철물점,,광주광역시 서구 천변좌로 302,,G21001 / 양동,미방문,
우양공구철물,광주광역시 광산구,철물점,,광주광역시 광산구 평동로 727,,G21001 / 평동,미방문,
명진종합철물,광주광역시 북구,철물점,,광주광역시 북구 연양로28번길 21-1,,G21001 / 양산동,미방문,
동화전기철물,광주광역시 서구,철물점,,광주광역시 서구 상무버들로54번길 38-1,,G21001 / 유덕동,미방문,
인성철물,광주광역시 광산구,철물점,,광주광역시 광산구 비아중앙로 12,,G21001 / 비아동,미방문,
대동종합철물,광주광역시 남구,철물점,,광주광역시 남구 효덕로 227,,G21202 / 효덕동,미방문,
만능공구철물열쇠,광주광역시 동구,철물점,,광주광역시 동구 갈마로 16,,G21001 / 산수2동,미방문,
삼성당건재한약방,광주광역시 서구,건자재점,,광주광역시 서구 구성로 129,,G22199 / 양동,미방문,
나라철물전기열쇠도장,광주광역시 서구,철물점,,광주광역시 서구 운천로 83-1,,G21001 / 금호1동,미방문,
무등열쇠철물,광주광역시 남구,철물점,,광주광역시 남구 서문대로 767-2,,G21001 / 주월1동,미방문,
정화철물,광주광역시 남구,철물점,,광주광역시 남구 용대로 186-1,,G21001 / 방림2동,미방문,
삼성전기철물,광주광역시 서구,철물점,,광주광역시 서구 군분2로5번길 7,,G21001 / 화정1동,미방문,
나이스전기·조명철물,광주광역시 북구,건자재점,,광주광역시 북구 연양로 71,,G21201 / 양산동,미방문,
대박철물,광주광역시 서구,철물점,,광주광역시 서구 풍서우로 342,,G21001 / 서창동,미방문,
서광철물설비,광주광역시 남구,철물점,,광주광역시 남구 군분로 66,,G21001 / 월산5동,미방문,
대신공업사,광주광역시 남구,공구점,,광주광역시 남구 송암로58번길 42,,S20301 / 송암동,미방문,
한길3급공업사,광주광역시 북구,공구점,,광주광역시 북구 동운로 211,,S20301 / 운암1동,미방문,
비아철물,광주광역시 광산구,철물점,,광주광역시 광산구 비아로12번길 16,,G21001 / 비아동,미방문,
곡성철물,광주광역시 서구,철물점,,광주광역시 서구 화운로304번길 15-26,,G21001 / 광천동,미방문,
산월마스타공업사,광주광역시 광산구,공구점,,광주광역시 광산구 북문대로 619-33,,S20301 / 비아동,미방문,
오성공업사,광주광역시 광산구,공구점,,광주광역시 광산구 광산로 122,,S20699 / 신흥동,미방문,
한국종합철물마트,광주광역시 북구,철물점,,광주광역시 북구 서하로 301,,G21001 / 오치1동,미방문,
신흥철물건재산업,광주광역시 동구,건자재점,,광주광역시 동구 남문로 498-1,,G21099 / 지원2동,미방문,
OK공업사,광주광역시 북구,공구점,,광주광역시 북구 서하로 237,,S20301 / 오치1동,미방문,
오케이철물,광주광역시 서구,철물점,,광주광역시 서구 하남대로 474,,G21001 / 동천동,미방문,
현대철물상사,광주광역시 남구,철물점,,광주광역시 남구 회재로 1219-2,,G21001 / 주월2동,미방문,
대화장식철물,광주광역시 남구,철물점,,광주광역시 남구 금당로 80-1,,G21001 / 진월동,미방문,
금호설비철물전기,광주광역시 서구,철물점,,광주광역시 서구 풍암신암로 26,,G21001 / 풍암동,미방문,
삼익카부분정비공업사,광주광역시 북구,공구점,,광주광역시 북구 유림로 142-1,,S20301 / 동림동,미방문,
동아종합철물건재,광주광역시 남구,건자재점,,광주광역시 남구 대남대로 105,,G21001 / 방림1동,미방문,
선운철물점,광주광역시 광산구,철물점,,광주광역시 광산구 선운로20번길 54,,G21001 / 어룡동,미방문,
성송철물상회,광주광역시 북구,철물점,,광주광역시 북구 자미로 27,,G21001 / 신안동,미방문,
광주건재상,광주광역시 동구,건자재점,,광주광역시 동구 동계천로 57,,G22199 / 충장동,미방문,
신화공구철물,광주광역시 북구,철물점,,광주광역시 북구 서방로 149,,G21001 / 두암1동,미방문,
옥천카공업사,광주광역시 남구,공구점,,광주광역시 남구 금당로 74,,S20301 / 진월동,미방문,
용두카공업사,광주광역시 북구,공구점,,광주광역시 북구 용두택지로 38,,S20301 / 건국동,미방문,
평화당건재한약방,광주광역시 동구,건자재점,,광주광역시 동구 경양로 276,,G20508 / 계림1동,미방문,
무등종합철물,광주광역시 북구,철물점,,광주광역시 북구 동문대로 91,,G21001 / 우산동,미방문,
이지공업사,광주광역시 광산구,공구점,,광주광역시 광산구 사암로 860-22,,S20301 / 비아동,미방문,
금강건재,광주광역시 북구,건자재점,,광주광역시 북구 중문로 27,,G21003 / 중흥동,미방문,
３공단공업사카센타,광주광역시 광산구,공구점,,광주광역시 광산구 장안길 12,,S20301 / 하남동,미방문,
대흥카공업사,광주광역시 광산구,공구점,,광주광역시 광산구 용아로 442-11,,S20301 / 하남동,미방문,
광선인쇄공업사,광주광역시 광산구,공구점,,광주광역시 광산구 광산로 30,,M11401 / 송정2동,미방문,
금호철물,광주광역시 서구,철물점,,광주광역시 서구 월산로 168,,G21001 / 농성1동,미방문,
상무현대공업사,광주광역시 서구,공구점,,광주광역시 서구 상무대로 790,,S20301 / 서창동,미방문,
삼일공업사,광주광역시 광산구,공구점,,광주광역시 광산구 임곡로 575-1,,S20301 / 하남동,미방문,
정나눔이공업사,광주광역시 북구,공구점,,광주광역시 북구 용봉로 104,,S20301 / 중흥동,미방문,
미림철물,광주광역시 북구,철물점,,광주광역시 북구 우치로 268,,G21001 / 오치1동,미방문,
행운철물,광주광역시 북구,철물점,,광주광역시 북구 설죽로315번길 37,,G21001 / 매곡동,미방문,
종합철물,광주광역시 북구,철물점,,광주광역시 북구 용주로18번길 41-1,,G21001 / 용봉동,미방문,
뉴선일공업사,광주광역시 북구,공구점,,광주광역시 북구 무등로262번길 32,,S20301 / 중흥1동,미방문,
빛광전기철물점,광주광역시 북구,철물점,,광주광역시 북구 서하로 359,,G21001 / 문흥1동,미방문,
1급첨단공업사,광주광역시 광산구,공구점,,광주광역시 광산구 첨단중앙로124번길 17,,S20301 / 첨단2동,미방문,
금성기계공업사,광주광역시 북구,공구점,,광주광역시 북구 금재로1번길 8,,S20301 / 중앙동,미방문,
신안철물,광주광역시 북구,철물점,,광주광역시 북구 설죽로 124,,G21001 / 신안동,미방문,
블랙건축자재,광주광역시 남구,건자재점,,광주광역시 남구 효우로 200,,G21099 / 효덕동,미방문,
남일건재사,광주광역시 남구,건자재점,,광주광역시 남구 방림로 16,,G21001 / 방림2동,미방문,
미래철물장식,광주광역시 동구,철물점,,광주광역시 동구 서암대로 314,,G21001 / 계림1동,미방문,
우리목재，철물,광주광역시 북구,철물점,,광주광역시 북구 연양로23번길 2,,G21001 / 양산동,미방문,
금강철물,광주광역시 북구,철물점,,광주광역시 북구 신임로 2,,G21001 / 임동,미방문,
동일철물,광주광역시 북구,철물점,,광주광역시 북구 북문대로 168,,G21001 / 운암3동,미방문,
대륙철물,광주광역시 동구,철물점,,광주광역시 동구 경양로 291-1,,G21001 / 동명동,미방문,
동일철물,광주광역시 동구,철물점,,광주광역시 동구 참판로 24-1,,G21001 / 계림2동,미방문,
신세계공업사,광주광역시 남구,공구점,,광주광역시 남구 송암로24번가길 39,,S20301 / 송암동,미방문,
신광철물,광주광역시 광산구,철물점,,광주광역시 광산구 광산로30번길 65,,G21001 / 송정2동,미방문,
대주설비.철물,광주광역시 서구,철물점,,광주광역시 서구 염화로 130,,S20699 / 화정3동,미방문,
첨단철물,광주광역시 광산구,철물점,,광주광역시 광산구 첨단내촌로 63-1,,G21001 / 첨단2동,미방문,
화성철물공구,광주광역시 서구,철물점,,광주광역시 서구 군분로212번길 1-1,,G21001 / 농성2동,미방문,
오케이안전철물,광주광역시 서구,철물점,,광주광역시 서구 하남대로 474,,G21001 / 동천동,미방문,
태광건축자재,광주광역시 남구,건자재점,,광주광역시 남구 천변좌로338번길 16,,G21099 / 사직동,미방문,
문흥철물,광주광역시 북구,철물점,,광주광역시 북구 서하로 388,,G21001 / 문흥2동,미방문,
도현철물,광주광역시 광산구,철물점,,광주광역시 광산구 평동로 811-1,,G21001 / 평동,미방문,
운암유리;열쇠;샤시;철물,광주광역시 북구,건자재점,,광주광역시 북구 황계로55번길 1,,G21001 / 운암1동,미방문,
신광철물,광주광역시 서구,철물점,,광주광역시 서구 운천로 27-1,,G21001 / 금호1동,미방문,
한국종합철물,광주광역시 남구,철물점,,광주광역시 남구 봉선중앙로 65,,G21001 / 봉선2동,미방문,
남도종합철물상사,광주광역시 동구,철물점,,광주광역시 동구 필문대로137번길 1,,G21001 / 산수1동,미방문,
예술철물,광주광역시 북구,철물점,,광주광역시 북구 밤실로 188,,G21001 / 두암3동,미방문,
효성철물상사,광주광역시 북구,철물점,,광주광역시 북구 하서로 442,,G21001 / 건국동,미방문,
금광안전철물,광주광역시 광산구,철물점,,광주광역시 광산구 풍영로101번길 45,,G21001 / 수완동,미방문,
대성철물,광주광역시 북구,철물점,,광주광역시 북구 임방울대로 1066,,G21001 / 건국동,미방문,
거방철물공구,광주광역시 광산구,철물점,,광주광역시 광산구 비아로 28,,G21001 / 비아동,미방문,
방충망교체제작설치방범창샷시롤스크린유리문솜털교체소망공업사,광주광역시 서구,공구점,,광주광역시 서구 화정로253번길 7,,S20501 / 화정2동,미방문,
제이케이철물점,광주광역시 남구,철물점,,광주광역시 남구 덕림남길 43,,G21001 / 월산동,미방문,
태백철물점,광주광역시 광산구,철물점,,광주광역시 광산구 소촌로 86,,G21001 / 어룡동,미방문,
엠플러스공업사,광주광역시 서구,공구점,,광주광역시 서구 회재유통길 78,,S20301 / 서창동,미방문,
지인테리어철물,광주광역시 남구,건자재점,,광주광역시 남구 봉선중앙로 113,,G21001 / 봉선1동,미방문,
주원카공업사,광주광역시 광산구,공구점,,광주광역시 광산구 도천남길 88,,S20301 / 비아동,미방문,
신라전기철물,대구광역시 달서구,철물점,,대구광역시 달서구 성서서로69길 42,,G21201 / 신당동,미방문,
성주철물,대구광역시 달서구,철물점,,대구광역시 달서구 상원로 53,,G21001 / 상인2동,미방문,
현대종합철물,대구광역시 달서구,철물점,,대구광역시 달서구 월암로 90,,G21001 / 월성2동,미방문,
다다공구철물,대구광역시 북구,철물점,,대구광역시 북구 학정로 545,,G21001 / 국우동,미방문,
칠성공업사,대구광역시 북구,공구점,,대구광역시 북구 공평로 184,,S20699 / 칠성동,미방문,
한빛철물마트,대구광역시 수성구,철물점,,대구광역시 수성구 노변공원로 21-1,,G21001 / 고산2동,미방문,
선호건축철물,대구광역시 달서구,철물점,,대구광역시 달서구 중흥로 23,,G21001 / 송현1동,미방문,
대신건재상사,대구광역시 달서구,건자재점,,대구광역시 달서구 두류남길 27,,G22201 / 두류1.2동,미방문,
대도철물,대구광역시 달서구,철물점,,대구광역시 달서구 송현동길 105,,G21001 / 송현2동,미방문,
철물/공구소매업,대구광역시 달서구,철물점,,대구광역시 달서구 용산로 51,,G21001 / 장기동,미방문,
팔공산공구철물,대구광역시 동구,철물점,,대구광역시 동구 팔공로 182,,G21001 / 불로.봉무동,미방문,
대경건재철물상,대구광역시 서구,건자재점,,대구광역시 서구 달서로9길 32,,G21001 / 내당2.3동,미방문,
남일건재설비,대구광역시 중구,건자재점,,대구광역시 중구 중앙대로62길 30,,G21001 / 남산1동,미방문,
서촌건재,대구광역시 동구,건자재점,,대구광역시 동구 팔공로24길 79,,G21001 / 도평동,미방문,
경동철물,대구광역시 수성구,철물점,,대구광역시 수성구 파동로8길 2,,G21001 / 파동,미방문,
옥포건재사,대구광역시,건자재점,,대구광역시 달성군 옥포읍 비슬로 2219,,G21001 / 옥포읍,미방문,
신라건재,대구광역시 동구,건자재점,,대구광역시 동구 동부로28길 32,,G21099 / 신천4동,미방문,
대영공업사,대구광역시 동구,공구점,,대구광역시 동구 안심로53길 46,,S20699 / 안심4동,미방문,
관광부분정비공업사,대구광역시 달서구,공구점,,대구광역시 달서구 선원로 111,,S20301 / 이곡2동,미방문,
가야열쇠철물,대구광역시 달서구,철물점,,대구광역시 달서구 명덕로2길 19,,G21001 / 두류1.2동,미방문,
대운건재상사,대구광역시 수성구,건자재점,,대구광역시 수성구 수성로41길 24,,G21001 / 중동,미방문,
효령철물상회,대구광역시,철물점,,대구광역시 군위군 효령면 치산효령로 2393,,G21001 / 효령면,미방문,
현대종합건재상사,대구광역시 동구,건자재점,,대구광역시 동구 아양로39길 16,,G21202 / 신암5동,미방문,
종합철물개보수센터,대구광역시 서구,철물점,,대구광역시 서구 국채보상로50길 52-1,,G21001 / 평리4동,미방문,
동인전기철물,대구광역시 남구,철물점,,대구광역시 남구 봉덕로20길 42,,G21001 / 봉덕3동,미방문,
한국철물,대구광역시 서구,철물점,,대구광역시 서구 서대구로62길 23-2,,G21001 / 비산7동,미방문,
연호카정비공업사,대구광역시 수성구,공구점,,대구광역시 수성구 달구벌대로 2877-39,,S20301 / 고산2동,미방문,
건성철물건재상회,대구광역시 서구,건자재점,,대구광역시 서구 고성로 116,,G21001 / 원대동,미방문,
대한건재철물,대구광역시,건자재점,,대구광역시 달성군 논공읍 비슬로 1737,,G21001 / 논공읍,미방문,
우리철물,대구광역시 달서구,철물점,,대구광역시 달서구 상인로 19,,G21001 / 상인3동,미방문,
삼성철물공업,대구광역시,철물점,,대구광역시 달성군 화원읍 사문진로 413,,G21001 / 화원읍,미방문,
대유건재,대구광역시,건자재점,,대구광역시 달성군 현풍읍 테크노북로 33-35,,G21099 / 현풍읍,미방문,
동명약초건재/동명건강원,대구광역시,건자재점,,대구광역시 군위군 우보면 거평길 50,,G20508 / 우보면,미방문,
영광철물건재상회,대구광역시,건자재점,,대구광역시 달성군 다사읍 서재로 65,,G21001 / 다사읍,미방문,
철물/공구소매업,대구광역시 수성구,철물점,,대구광역시 수성구 신천동로98길 32,,G21001 / 수성4가동,미방문,
명문철물전기,대구광역시 남구,철물점,,대구광역시 남구 희망로 47,,G21201 / 이천동,미방문,
매일건재사,대구광역시 수성구,건자재점,,대구광역시 수성구 들안로 357-1,,G21001 / 수성4가동,미방문,
삼광정비공업사,대구광역시 서구,공구점,,대구광역시 서구 염색공단천로 21,,S20301 / 비산7동,미방문,
동이철물,대구광역시 북구,철물점,,대구광역시 북구 관음동로 140,,G21001 / 읍내동,미방문,
팔달건재사,대구광역시 북구,건자재점,,대구광역시 북구 작원길 1,,G21001 / 관문동,미방문,
문성철물,대구광역시 달서구,철물점,,대구광역시 달서구 월배로40길 121,,G21001 / 상인2동,미방문,
우주정비공업사,대구광역시 서구,공구점,,대구광역시 서구 와룡로 439-14,,S20301 / 상중이동,미방문,
세창전기철물,대구광역시 서구,철물점,,대구광역시 서구 서대구로3길 56,,G21001 / 내당4동,미방문,
제2우주1급정비공업사,대구광역시 서구,공구점,,대구광역시 서구 가르뱅이로7길 79,,S20301 / 상중이동,미방문,
동명철물,대구광역시 북구,철물점,,대구광역시 북구 칠성시장로 5-1,,G21001 / 칠성동,미방문,
대양철물,대구광역시 북구,철물점,,대구광역시 북구 노원로 14-1,,G21001 / 노원동,미방문,
동성로건재，철물，얼음,대구광역시 중구,건자재점,,대구광역시 중구 228길 18-6,,G21001 / 남산1동,미방문,
봉무철물건재공구상사,대구광역시 동구,건자재점,,대구광역시 동구 팔공로 348,,G21001 / 불로.봉무동,미방문,
태양공구철물,대구광역시,철물점,,대구광역시 달성군 화원읍 비슬로 2452,,G21001 / 화원읍,미방문,
달서건재,대구광역시 달서구,건자재점,,대구광역시 달서구 조암로 97,,G21099 / 월성1동,미방문,
믿음카공업사,대구광역시 동구,공구점,,대구광역시 동구 반야월로 357,,S20301 / 안심4동,미방문,
대경철물,대구광역시 서구,철물점,,대구광역시 서구 통학로 108,,G21001 / 평리2동,미방문,
의흥농기구센터,대구광역시,농자재점,,대구광역시 군위군 의흥면 읍내길 2,,G21001 / 의흥면,미방문,
화원철물건재,대구광역시,건자재점,,대구광역시 달성군 화원읍 사문진로 443,,G21001 / 화원읍,미방문,
대산철물,대구광역시 수성구,철물점,,대구광역시 수성구 무학로31길 66,,G21001 / 지산1동,미방문,
공산건재설비,대구광역시 동구,건자재점,,대구광역시 동구 팔공산로 1678,,G21001 / 공산동,미방문,
영진철물,대구광역시 달서구,철물점,,대구광역시 달서구 월배로 72,,G21001 / 진천동,미방문,
동아설비전기철물,대구광역시 서구,철물점,,대구광역시 서구 서대구로62길 60,,G21001 / 비산7동,미방문,
돌쇠철물건재,대구광역시 달서구,건자재점,,대구광역시 달서구 대명천로 78,,G21001 / 성당동,미방문,
명신타일건재,대구광역시 동구,건자재점,,대구광역시 동구 도평로43길 41,,G21099 / 도평동,미방문,
국일건재방수,대구광역시 중구,건자재점,,대구광역시 중구 태평로 5,,G21099 / 성내3동,미방문,
신영철물,대구광역시 서구,철물점,,대구광역시 서구 서대구로63길 30,,G21001 / 비산7동,미방문,
대구종합공업사,대구광역시 중구,공구점,,대구광역시 중구 서성로13길 44,,S20699 / 성내3동,미방문,
범물전기철물,대구광역시 수성구,철물점,,대구광역시 수성구 지범로 254,,G21001 / 범물2동,미방문,
우성철물,대구광역시 서구,철물점,,대구광역시 서구 국채보상로52길 31-35,,G21001 / 평리4동,미방문,
수목철물,대구광역시,철물점,,대구광역시 군위군 의흥면 읍내5길 7-6,,G21001 / 의흥면,미방문,
동대구철물,대구광역시 동구,철물점,,대구광역시 동구 방천로7길 58,,G21001 / 지저동,미방문,
서울철물상사,대구광역시 달서구,철물점,,대구광역시 달서구 구마로 39,,G21001 / 본리동,미방문,
성민철물,대구광역시 동구,철물점,,대구광역시 동구 효목로 108,,G21001 / 효목1동,미방문,
형제목공철물,대구광역시 북구,철물점,,대구광역시 북구 칠성시장로 3,,G21001 / 칠성동,미방문,
남일철물상사,대구광역시 서구,철물점,,대구광역시 서구 달서천로87길 10-2,,G21001 / 원대동,미방문,
삼정공업사,대구광역시 북구,공구점,,대구광역시 북구 고성로34길 6-1,,S20699 / 고성동,미방문,
합동건재,대구광역시 북구,건자재점,,대구광역시 북구 오봉로 132,,G21001 / 침산1동,미방문,
해안건재상,대구광역시 동구,건자재점,,대구광역시 동구 팔공로 150-1,,G21001 / 불로.봉무동,미방문,
해동건축건재철물,대구광역시,건자재점,,대구광역시 달성군 하빈면 하빈로 369,,G21001 / 하빈면,미방문,
대성건재,대구광역시 북구,건자재점,,대구광역시 북구 경대로 115,,G21001 / 복현1동,미방문,
금성종합철물,대구광역시 북구,철물점,,대구광역시 북구 팔거천서로 237,,G21001 / 읍내동,미방문,
세흥철물상사,대구광역시 동구,철물점,,대구광역시 동구 동촌로 142,,G21001 / 동촌동,미방문,
대동페인트철물,대구광역시 수성구,건자재점,,대구광역시 수성구 범어로19길 14,,G21001 / 범어4동,미방문,
천일건재상사,대구광역시 북구,건자재점,,대구광역시 북구 신천동로148길 37,,G21099 / 대현동,미방문,
구수산철물,대구광역시 북구,철물점,,대구광역시 북구 대천로 45,,G21001 / 읍내동,미방문,
신암건재사,대구광역시 동구,건자재점,,대구광역시 동구 동북로79길 41,,G21001 / 신암5동,미방문,
신한국부분정비공업사,대구광역시 북구,공구점,,대구광역시 북구 매천로 187-6,,S20301 / 관문동,미방문,
금강종합차량공업사,대구광역시 서구,공구점,,대구광역시 서구 팔달로2길 5,,S20301 / 비산7동,미방문,
대건철물,대구광역시 수성구,철물점,,대구광역시 수성구 청솔로 27,,G21001 / 황금2동,미방문,
지산철물건재,대구광역시 수성구,건자재점,,대구광역시 수성구 지범로23길 46,,G21001 / 지산1동,미방문,
경일철물,대구광역시 북구,철물점,,대구광역시 북구 칠성남로 19-2,,G21001 / 고성동,미방문,
동부철물상사,대구광역시 동구,철물점,,대구광역시 동구 효동로 105,,G21001 / 효목1동,미방문,
중앙건재상사,대구광역시 수성구,건자재점,,대구광역시 수성구 수성로58길 14,,G21001 / 수성2.3가동,미방문,
대원종합건재,대구광역시,건자재점,,대구광역시 달성군 화원읍 명천로 270,,G21002 / 화원읍,미방문,
희수전기철물건재,대구광역시 동구,건자재점,,대구광역시 동구 율하동로23길 50,,G21001 / 안심1동,미방문,
성화철물건재상,대구광역시 북구,건자재점,,대구광역시 북구 연암공원로32길 54,,G21001 / 산격4동,미방문,
두산건재철물,대구광역시,건자재점,,대구광역시 달성군 다사읍 서재본길 26,,G21001 / 다사읍,미방문,
공공보건재난안전연구소,대구광역시 수성구,건자재점,,대구광역시 수성구 무학로31길 84,,P10621 / 지산1동,미방문,
동구３급정비공업사,대구광역시 동구,공구점,,대구광역시 동구 효서로 23,,S20301 / 효목2동,미방문,
대구종합공구철물,대구광역시,철물점,,대구광역시 달성군 하빈면 달구벌대로55길 100,,G21001 / 하빈면,미방문,
세현철물,대구광역시 남구,철물점,,대구광역시 남구 대명남로 40-1,,S20699 / 대명11동,미방문,
만물열쇠철물,대구광역시 수성구,철물점,,대구광역시 수성구 교학로2길 23,,G21001 / 만촌3동,미방문,
영남건재상,대구광역시,건자재점,,대구광역시 달성군 유가읍 비슬로64길 25,,G21001 / 유가읍,미방문,
영남전기철물,대구광역시 달서구,철물점,,대구광역시 달서구 학산로 239,,G21201 / 송현2동,미방문,
태성전문정비공업사,대구광역시,공구점,,대구광역시 달성군 옥포읍 비슬로 2169-8,,S20301 / 옥포읍,미방문,
안동전기철물,대구광역시 중구,철물점,,대구광역시 중구 달구벌대로 2216,,G21201 / 대봉1동,미방문,
성당전기철물,대구광역시 서구,철물점,,대구광역시 서구 달구벌대로375길 9,,G21001 / 내당2.3동,미방문,
대영인테리어철물,대구광역시 달서구,건자재점,,대구광역시 달서구 와룡로 251-1,,G21001 / 죽전동,미방문,
청도철물건재유리샷시,대구광역시 수성구,건자재점,,대구광역시 수성구 교학로 29-1,,G21001 / 만촌3동,미방문,
태양철물,대구광역시,철물점,,대구광역시 군위군 군위읍 중앙길 28,,G21001 / 군위읍,미방문,
월배천막공업사,대구광역시 달서구,공구점,,대구광역시 달서구 월배로 136-1,,G20906 / 진천동,미방문,
월성건축자재,대구광역시 서구,건자재점,,대구광역시 서구 달서로 215,,G21099 / 비산1동,미방문,
대영건재,대구광역시 수성구,건자재점,,대구광역시 수성구 수성로 117,,G21001 / 상동,미방문,
금강철물,대구광역시 동구,철물점,,대구광역시 동구 동호로 62,,G21001 / 안심3동,미방문,
유승종합공구상사,대구광역시 북구,공구점,,대구광역시 북구 노원로1길 183,,G21001 / 노원동,미방문,
한국철물,대구광역시 달서구,철물점,,대구광역시 달서구 상원로 75-1,,G21001 / 상인2동,미방문,
화원한빛철물,대구광역시,철물점,,대구광역시 달성군 화원읍 명천로 190,,G21001 / 화원읍,미방문,
신창건재철물/개별화물대구81아1338,대구광역시 동구,건자재점,,대구광역시 동구 아양로24길 13,,G21001 / 신암4동,미방문,
일흥철물,대구광역시,철물점,,대구광역시 달성군 옥포읍 강림3길 3,,G21001 / 옥포읍,미방문,
종합전기철물,대구광역시 북구,철물점,,대구광역시 북구 태암로 10,,G21001 / 태전2동,미방문,
보승철물전기,대구광역시 북구,철물점,,대구광역시 북구 동북로65길 13,,G21001 / 복현2동,미방문,
대성볼트철물,대구광역시 중구,철물점,,대구광역시 중구 태평로 200-1,,G21001 / 성내1동,미방문,
대흥건재철물,대구광역시 서구,건자재점,,대구광역시 서구 통학로 152,,G21001 / 평리1동,미방문,
대일철물,대구광역시 중구,철물점,,대구광역시 중구 서성로 79,,G21001 / 성내3동,미방문,
토탈조명철물,대구광역시 동구,건자재점,,대구광역시 동구 효동로 110,,G21201 / 효목1동,미방문,
금성철물,대구광역시 수성구,철물점,,대구광역시 수성구 공경로 34,,G21001 / 만촌1동,미방문,
건설/건축자재소매업,대구광역시 수성구,건자재점,,대구광역시 수성구 달구벌대로 3304-1,,G21003 / 고산1동,미방문,
태광전기수도철물,대구광역시 달서구,철물점,,대구광역시 달서구 송현동길 70,,G21001 / 송현2동,미방문,
한일종합철물,대구광역시,철물점,,대구광역시 달성군 하빈면 하빈로92길 1,,G21001 / 하빈면,미방문,
창영철물,대구광역시 중구,철물점,,대구광역시 중구 큰장로26길 6,,G21001 / 대신동,미방문,
경인설비철물,대구광역시 동구,철물점,,대구광역시 동구 파계로6길 54,,G21001 / 공산동,미방문,
대한１급정비공업사,대구광역시 서구,공구점,,대구광역시 서구 염색공단천로3길 23,,S20301 / 비산7동,미방문,
신영전기공구상사,대구광역시 북구,공구점,,대구광역시 북구 유통단지로 38,,G21201 / 산격2동,미방문,
내동철물,대구광역시 달서구,철물점,,대구광역시 달서구 송현로8길 14,,G21001 / 송현1동,미방문,
대일건축자재,대구광역시 서구,건자재점,,대구광역시 서구 달서로27길 15,,G21099 / 비산6동,미방문,
이시아철물장식,대구광역시 동구,철물점,,대구광역시 동구 팔공로68길 11,,G21001 / 불로.봉무동,미방문,
우광정비공업사,대구광역시 달서구,공구점,,대구광역시 달서구 월배로11길 36,,S20301 / 유천동,미방문,
동양철물，공구,대구광역시,철물점,,대구광역시 달성군 화원읍 명천로 164-1,,G21001 / 화원읍,미방문,
서울농자재,대구광역시,농자재점,,대구광역시 달성군 화원읍 비슬로 2420,,G22199 / 화원읍,미방문,
이든건축자재,대구광역시 수성구,건자재점,,대구광역시 수성구 들안로 250,,G21003 / 수성2.3가동,미방문,
경북철물,대구광역시 북구,철물점,,대구광역시 북구 관음로 133,,G21001 / 관음동,미방문,
대성철물,대구광역시 수성구,철물점,,대구광역시 수성구 지범로47길 16,,G21001 / 범물1동,미방문,
선경철물상회,대구광역시 북구,철물점,,대구광역시 북구 칠성시장로 1,,G21001 / 칠성동,미방문,
대왕장식철물,대구광역시 중구,철물점,,대구광역시 중구 북성로 63-1,,G21001 / 성내2동,미방문,
대구가구철물,대구광역시 서구,철물점,,대구광역시 서구 북비산로 255-1,,G21001 / 평리3동,미방문,
대구철물상회,대구광역시,철물점,,대구광역시 군위군 소보면 송원3길 33,,G21001 / 소보면,미방문,
삼영철물상회,대구광역시 중구,철물점,,대구광역시 중구 달성공원로 44,,G21001 / 성내3동,미방문,
만물철물,대구광역시 달서구,철물점,,대구광역시 달서구 상원로 38,,G21001 / 상인2동,미방문,
일신철물공구전기,대구광역시 서구,철물점,,대구광역시 서구 통학로 163-1,,G21001 / 평리3동,미방문,
송도철물건재사,대구광역시 수성구,건자재점,,대구광역시 수성구 들안로28길 53,,G21001 / 황금2동,미방문,
삼광종합철물,대구광역시 달서구,철물점,,대구광역시 달서구 용산큰못1길 5,,G21001 / 용산1동,미방문,
영남철물,대구광역시 중구,철물점,,대구광역시 중구 서성로 78,,G21001 / 성내2동,미방문,
동일열쇠철물,대구광역시 북구,철물점,,대구광역시 북구 구암로21길 13,,G21001 / 읍내동,미방문,
서문철물,대구광역시 중구,철물점,,대구광역시 중구 달구벌대로393길 44,,G21001 / 대신동,미방문,
침산철물,대구광역시 북구,철물점,,대구광역시 북구 침산로32길 6,,G21001 / 침산2동,미방문,
다사종합공구철물,대구광역시,철물점,,대구광역시 달성군 다사읍 달구벌대로 757,,G21001 / 다사읍,미방문,
삼오전자철물,대구광역시 중구,철물점,,대구광역시 중구 교동길 105,,G21001 / 성내1동,미방문,
한일금고가구공업사,대구광역시 중구,공구점,,대구광역시 중구 종로 52,,G21202 / 성내2동,미방문,
민정공업사,대구광역시,공구점,,대구광역시 달성군 옥포읍 간경2길 10-3,,S20699 / 옥포읍,미방문,
용강철물상회,대구광역시 북구,철물점,,대구광역시 북구 팔달북로 9,,G21001 / 노원동,미방문,
의성철물,대구광역시,철물점,,대구광역시 군위군 소보면 송원3길 23-9,,G21001 / 소보면,미방문,
경일철물,대구광역시 북구,철물점,,대구광역시 북구 대현로19길 6,,G21001 / 대현동,미방문,
동아철물건재상사,대구광역시 동구,건자재점,,대구광역시 동구 경대로 10,,G21001 / 신암1동,미방문,
신흥공업사,대구광역시 중구,공구점,,대구광역시 중구 북성로 41-3,,S20699 / 성내3동,미방문,
금강공구철물,대구광역시 동구,철물점,,대구광역시 동구 동촌로 341,,G21001 / 해안동,미방문,
경동철물,대구광역시 수성구,철물점,,대구광역시 수성구 고모로41길 45,,G21001 / 고산2동,미방문,
한솔건재철물,대구광역시 북구,건자재점,,대구광역시 북구 관음동로 109-1,,G21001 / 관음동,미방문,
재승철물상사,대구광역시 서구,철물점,,대구광역시 서구 국채보상로 327,,G21001 / 평리1동,미방문,
용성철물설비,대구광역시 서구,철물점,,대구광역시 서구 북비산로 334,,G21001 / 비산6동,미방문,
대평철물전기,대구광역시 서구,철물점,,대구광역시 서구 문화로49길 34,,G21001 / 평리3동,미방문,
태창철물상사,대구광역시 서구,철물점,,대구광역시 서구 평리로35길 62,,G21001 / 상중이동,미방문,
성심공업사,대구광역시 중구,공구점,,대구광역시 중구 명륜로23길 20,,G21001 / 성내1동,미방문,
대원철물,대구광역시 북구,철물점,,대구광역시 북구 칠곡중앙대로115길 13,,G21001 / 읍내동,미방문,
남씨철물건재,대구광역시 동구,건자재점,,대구광역시 동구 동촌로 331,,G21001 / 해안동,미방문,
태성설비철물,대구광역시 북구,철물점,,대구광역시 북구 관음중앙로 64,,G21001 / 관음동,미방문,
송정철물,대구광역시 동구,철물점,,대구광역시 동구 안심로90길 14,,G21001 / 안심3동,미방문,
무궁화부분정비공업사,대구광역시 수성구,공구점,,대구광역시 수성구 수성로57길 21,,S20301 / 수성1가동,미방문,
대아건재설비,대구광역시 달서구,건자재점,,대구광역시 달서구 명덕로2길 43,,G21001 / 두류1.2동,미방문,
명성종합건재사,대구광역시 북구,건자재점,,대구광역시 북구 동북로 138,,G21001 / 산격4동,미방문,
하나전기철물,대구광역시 서구,철물점,,대구광역시 서구 당산로 252-1,,G21201 / 내당4동,미방문,
두성건축자재,대구광역시,건자재점,,대구광역시 군위군 군위읍 경북대로 3234,,G21001 / 군위읍,미방문,
대림건재사,대구광역시,건자재점,,대구광역시 달성군 가창면 가창로 1092,,G21001 / 가창면,미방문,
삼일안전철물건재사,대구광역시 달서구,건자재점,,대구광역시 달서구 달구벌대로 1308,,G21001 / 이곡1동,미방문,
덕진철물,대구광역시 북구,철물점,,대구광역시 북구 학정로 39,,G21001 / 태전2동,미방문,
도남철물,대구광역시 북구,철물점,,대구광역시 북구 구리로 180,,G21001 / 국우동,미방문,
강원전기철물,대구광역시 서구,철물점,,대구광역시 서구 달서천로53길 37,,G21201 / 비산7동,미방문,
철물/공구소매업,대구광역시 남구,철물점,,대구광역시 남구 중앙대로22길 46,,G21001 / 봉덕3동,미방문,
정동철물건재,대구광역시,건자재점,,대구광역시 군위군 군위읍 중앙길 135,,G21001 / 군위읍,미방문,
성북철물건재,대구광역시 북구,건자재점,,대구광역시 북구 연암로22길 7,,G21001 / 산격1동,미방문,
반야월건재,대구광역시 동구,건자재점,,대구광역시 동구 반야월로 140,,G21001 / 안심1동,미방문,
드림철물,대구광역시 달서구,철물점,,대구광역시 달서구 도원로동길 4-13,,G21001 / 도원동,미방문,
만호철물,대구광역시 북구,철물점,,대구광역시 북구 팔달북로 60,,G21001 / 노원동,미방문,
대성건재상사,대구광역시 달서구,건자재점,,대구광역시 달서구 죽전길 48,,G21099 / 죽전동,미방문,
서진톱공구철물,대구광역시 달서구,철물점,,대구광역시 달서구 월배로 378,,G21001 / 송현1동,미방문,
강림철물,대구광역시,철물점,,대구광역시 달성군 옥포읍 시저로 4,,G20907 / 옥포읍,미방문,
반월철물점,대구광역시 동구,철물점,,대구광역시 동구 율하동로 136,,G21001 / 안심1동,미방문,
대성철물,대구광역시 남구,철물점,,대구광역시 남구 대명남로 85-2,,G21001 / 대명6동,미방문,
거송철물,대구광역시,철물점,,대구광역시 달성군 다사읍 서재본길 22,,G21001 / 다사읍,미방문,
율하철물,대구광역시 동구,철물점,,대구광역시 동구 율하동로10길 22,,G21001 / 안심1동,미방문,
동림종합철물,대구광역시 북구,철물점,,대구광역시 북구 노원로 124,,G21001 / 노원동,미방문,
은희공업사,대구광역시 서구,공구점,,대구광역시 서구 서대구로63길 36,,S20301 / 비산7동,미방문,
해동농자재,대구광역시,농자재점,,대구광역시 달성군 구지면 테크노순환로 6,,G21001 / 구지면,미방문,
유림전기철물,대구광역시 서구,철물점,,대구광역시 서구 서대구로62길 80,,G21001 / 비산5동,미방문,
조은생활철물,대구광역시 북구,철물점,,대구광역시 북구 대현남로2길 45,,G21001 / 대현동,미방문,
고운부분정비공업사,대구광역시,공구점,,대구광역시 달성군 논공읍 북리1길 9,,S20301 / 논공읍,미방문,
마카다철물,대구광역시 수성구,철물점,,대구광역시 수성구 범안로 94,,G21001 / 범물1동,미방문,
칠성톱철물,대구광역시 북구,철물점,,대구광역시 북구 칠성시장로 1,,G21001 / 칠성동,미방문,
미주안전철물상사,대구광역시 북구,철물점,,대구광역시 북구 대불서길 42,,G22199 / 산격2동,미방문,
유성앵글철물,대구광역시 달서구,철물점,,대구광역시 달서구 와룡로32길 31,,G21001 / 감삼동,미방문,
조양공구철물,대구광역시 북구,철물점,,대구광역시 북구 칠성남로20길 24,,G21001 / 칠성동,미방문,
성광철물,대구광역시 달서구,철물점,,대구광역시 달서구 당산로21길 53,,G21001 / 감삼동,미방문,
범일전기철물,대구광역시 수성구,철물점,,대구광역시 수성구 지범로46길 16-17,,G21001 / 범물2동,미방문,
효령종합철물건재사,대구광역시,건자재점,,대구광역시 군위군 효령면 치산효령로 2390,,G21001 / 효령면,미방문,
삼성공구철물,대구광역시,철물점,,대구광역시 달성군 화원읍 명천로 337,,G21001 / 화원읍,미방문,
근우전기철물,대구광역시 남구,철물점,,대구광역시 남구 성당로 178-1,,G21001 / 대명4동,미방문,
동명철물,대구광역시,철물점,,대구광역시 달성군 현풍읍 비슬로130길 24,,G21001 / 현풍읍,미방문,
예원철물종합상사,대구광역시 달서구,철물점,,대구광역시 달서구 상인서로10길 6-9,,G21001 / 상인1동,미방문,
중앙공업사,대구광역시 수성구,공구점,,대구광역시 수성구 수성로35길 7,,S20699 / 중동,미방문,
경남건재도매한약,대전광역시 동구,건자재점,,대전광역시 동구 동부로73번길 136,,G22199 / 용운동,미방문,
대전철물,대전광역시 서구,철물점,,대전광역시 서구 월평서로 6-1,,G21001 / 월평1동,미방문,
한라종합기계공구,대전광역시 중구,공구점,,대전광역시 중구 대둔산로 352,,G21001 / 산성동,미방문,
경동건재한약방,대전광역시 동구,건자재점,,대전광역시 동구 태전로 4,,G20508 / 중앙동,미방문,
동남공구철물상사,대전광역시 동구,철물점,,대전광역시 동구 대전로 772-1,,G21001 / 중앙동,미방문,
경동철물,대전광역시 서구,철물점,,대전광역시 서구 월평로 30,,G21001 / 월평1동,미방문,
동양철물건재,대전광역시 유성구,건자재점,,대전광역시 유성구 노은동로 159,,G21001 / 노은1동,미방문,
삼성철물,대전광역시 동구,철물점,,대전광역시 동구 현암로 46,,G21001 / 삼성동,미방문,
삼덕건재,대전광역시 중구,건자재점,,대전광역시 중구 유천로 30,,G21001 / 유천2동,미방문,
원석공업사,대전광역시 대덕구,공구점,,대전광역시 대덕구 신탄진로318번안길 39,,G22201 / 회덕동,미방문,
대원건재환경,대전광역시 유성구,건자재점,,대전광역시 유성구 계룡로16번길 17,,G21001 / 온천1동,미방문,
정운철물설비,대전광역시 중구,철물점,,대전광역시 중구 보문로 307,,G21001 / 은행선화동,미방문,
금성철물,대전광역시 동구,철물점,,대전광역시 동구 계족로 278,,G21001 / 중앙동,미방문,
옥계건재상사,대전광역시 중구,건자재점,,대전광역시 중구 대종로91번길 2,,G21001 / 석교동,미방문,
옥계철물점,대전광역시 중구,철물점,,대전광역시 중구 대종로 91,,G21001 / 석교동,미방문,
스피드카공업사,대전광역시 서구,공구점,,대전광역시 서구 배재로 237,,S20301 / 변동,미방문,
판암철물건재,대전광역시 동구,건자재점,,대전광역시 동구 옥천로 136,,G21001 / 판암1동,미방문,
대지공구철물,대전광역시 대덕구,철물점,,대전광역시 대덕구 대덕대로1454번길 8,,G21001 / 목상동,미방문,
일신철물,대전광역시 동구,철물점,,대전광역시 동구 계족로 486,,G21001 / 용전동,미방문,
일손철물공구,대전광역시 대덕구,철물점,,대전광역시 대덕구 벚꽃길 76,,G21001 / 덕암동,미방문,
대전건축자재,대전광역시 대덕구,건자재점,,대전광역시 대덕구 옛신탄진로151번길 2,,G21099 / 오정동,미방문,
대광철물공구,대전광역시 중구,철물점,,대전광역시 중구 유천로 71,,G21001 / 유천2동,미방문,
금강건축자재,대전광역시 유성구,건자재점,,대전광역시 유성구 유성대로680번길 36,,G21099 / 온천1동,미방문,
김영일장식철물,대전광역시 중구,철물점,,대전광역시 중구 대흥로 162,,G21001 / 대흥동,미방문,
제일철물,대전광역시 대덕구,철물점,,대전광역시 대덕구 덕암로222번길 2,,G21001 / 덕암동,미방문,
원동공구상사,대전광역시 동구,공구점,,대전광역시 동구 대전천동로 518-3,,G21001 / 중앙동,미방문,
맥가이버철물,대전광역시 서구,철물점,,대전광역시 서구 계룡로500번길 64,,G21001 / 갈마2동,미방문,
가양철물,대전광역시 동구,철물점,,대전광역시 동구 가양로80번길 39,,G21001 / 가양1동,미방문,
대흥철물，열쇠，전기,대전광역시 유성구,철물점,,대전광역시 유성구 송강로 18,,G21001 / 구즉동,미방문,
정림철물,대전광역시 서구,철물점,,대전광역시 서구 계백로1286번길 46,,G21001 / 정림동,미방문,
두꺼비철물,대전광역시 중구,철물점,,대전광역시 중구 대종로 175-1,,G21001 / 석교동,미방문,
보운철물,대전광역시 중구,철물점,,대전광역시 중구 보문로75번길 4,,G21001 / 부사동,미방문,
대전건재,대전광역시 유성구,건자재점,,대전광역시 유성구 학하중앙로 172,,G21001 / 학하동,미방문,
산성건재,대전광역시 중구,건자재점,,대전광역시 중구 대둔산로 327,,G21001 / 산성동,미방문,
용성카공업사,대전광역시 동구,공구점,,대전광역시 동구 동서대로1668번길 38,,S20301 / 성남동,미방문,
태흥선재철물,대전광역시 서구,철물점,,대전광역시 서구 도산로 209,,G21001 / 변동,미방문,
대전철물,대전광역시 서구,철물점,,대전광역시 서구 도솔로 324-1,,G21001 / 괴정동,미방문,
대천철물,대전광역시 동구,철물점,,대전광역시 동구 석천로 12,,G21001 / 산내동,미방문,
영성공구철물건재,대전광역시 중구,건자재점,,대전광역시 중구 대둔산로 351,,G21001 / 산성동,미방문,
건재도매대동한약,대전광역시 서구,건자재점,,대전광역시 서구 도솔로 217,,G22199 / 변동,미방문,
태양철물，전기,대전광역시 대덕구,철물점,,대전광역시 대덕구 비래서로25번길 90,,G21001 / 비래동,미방문,
명성종합철물,대전광역시 서구,철물점,,대전광역시 서구 가수원로 106,,G21001 / 가수원동,미방문,
중문공업사,대전광역시 대덕구,공구점,,대전광역시 대덕구 대화로119번길 17,,S20301 / 대화동,미방문,
보문철재건재,대전광역시 중구,건자재점,,대전광역시 중구 보문산공원로 533,,G21001 / 대사동,미방문,
한국타일철물건재,대전광역시 대덕구,건자재점,,대전광역시 대덕구 대덕대로 1550,,G21001 / 석봉동,미방문,
이화목재합판철물,대전광역시 유성구,철물점,,대전광역시 유성구 유성대로 731,,G21001 / 온천2동,미방문,
금강건재,대전광역시 유성구,건자재점,,대전광역시 유성구 봉산로 46,,G21001 / 구즉동,미방문,
신성종합건재철물,대전광역시 유성구,건자재점,,대전광역시 유성구 신성로 83,,G21001 / 신성동,미방문,
한진철물,대전광역시 중구,철물점,,대전광역시 중구 계백로1584번길 88,,G21001 / 유천1동,미방문,
한빛전기조명철물,대전광역시 대덕구,건자재점,,대전광역시 대덕구 대덕대로1454번길 70,,G21201 / 목상동,미방문,
익수당건재약업사,대전광역시 동구,건자재점,,대전광역시 동구 계족로 321,,G20508 / 성남동,미방문,
서광철물보일러,대전광역시 중구,철물점,,대전광역시 중구 보문로 130,,G21001 / 부사동,미방문,
대신철물,대전광역시 동구,철물점,,대전광역시 동구 대전로 1000,,G21001 / 홍도동,미방문,
오류철물,대전광역시 중구,철물점,,대전광역시 중구 오류로 55,,G21001 / 오류동,미방문,
삼성종합설비철물건재상사,대전광역시 대덕구,건자재점,,대전광역시 대덕구 덕암북로 45,,G21001 / 석봉동,미방문,
삼일철물·건재,대전광역시 서구,건자재점,,대전광역시 서구 도솔로 122-3,,G21001 / 도마1동,미방문,
아주카공업사,대전광역시 중구,공구점,,대전광역시 중구 대종로171번길 52,,S20301 / 석교동,미방문,
학하철물건재,대전광역시 유성구,건자재점,,대전광역시 유성구 학하동로 57-26,,G21001 / 학하동,미방문,
한밭철물상회,대전광역시 중구,철물점,,대전광역시 중구 동서대로 1230,,G21001 / 태평1동,미방문,
형제기계공구,대전광역시 대덕구,공구점,,대전광역시 대덕구 대화로 151,,G21001 / 대화동,미방문,
팔도공업사,대전광역시 대덕구,공구점,,대전광역시 대덕구 평촌1길 57,,S20301 / 덕암동,미방문,
유천철물전기,대전광역시 중구,철물점,,대전광역시 중구 계백로1646번길 72-2,,G21201 / 유천2동,미방문,
거성철물난방,대전광역시 서구,철물점,,대전광역시 서구 도마3길 20,,G21001 / 도마1동,미방문,
대영철물,대전광역시 서구,철물점,,대전광역시 서구 둔산남로191번길 38,,G21001 / 둔산3동,미방문,
나드리철물,대전광역시 중구,철물점,,대전광역시 중구 보문산로122번안길 57,,G21001 / 산성동,미방문,
금강철물건재,대전광역시 대덕구,건자재점,,대전광역시 대덕구 대청로 26,,G21001 / 신탄진동,미방문,
화성철물점,대전광역시 대덕구,철물점,,대전광역시 대덕구 대전로 1368,,G21001 / 회덕동,미방문,
현대철물,대전광역시 대덕구,철물점,,대전광역시 대덕구 신탄진로 768,,G21001 / 신탄진동,미방문,
구로종합기계공구,대전광역시 서구,공구점,,대전광역시 서구 벌곡로 1385,,G21001 / 가수원동,미방문,
대광철물,대전광역시 유성구,철물점,,대전광역시 유성구 구즉로 99,,G21001 / 구즉동,미방문,
형제공업사,대전광역시 중구,공구점,,대전광역시 중구 성산로 8,,S20301 / 산성동,미방문,
한양종합건재,대전광역시 동구,건자재점,,대전광역시 동구 계족로 450,,G21001 / 용전동,미방문,
정동철물,대전광역시 동구,철물점,,대전광역시 동구 대전로815번길 73,,G21001 / 중앙동,미방문,
금산철물,대전광역시 중구,철물점,,대전광역시 중구 중앙로13번길 13,,G21001 / 용두동,미방문,
종합농기구센타,대전광역시 유성구,농자재점,,대전광역시 유성구 성북로154번길 338-24,,S20699 / 진잠동,미방문,
삼일천막철물,대전광역시 서구,철물점,,대전광역시 서구 도솔로 122-3,,G21001 / 도마1동,미방문,
대광철물,대전광역시 유성구,철물점,,대전광역시 유성구 문화원로 47,,G21001 / 온천2동,미방문,
경성앵글철물,대전광역시 서구,철물점,,대전광역시 서구 갈마로 185,,G21001 / 괴정동,미방문,
아크로공업사,대전광역시 유성구,공구점,,대전광역시 유성구 한밭대로 17,,N10402 / 온천1동,미방문,
충북철물,대전광역시 동구,철물점,,대전광역시 동구 새울로 100-1,,G21001 / 용운동,미방문,
삼성철물,대전광역시 동구,철물점,,대전광역시 동구 선화로 203,,G21001 / 삼성동,미방문,
상록수열쇠，철물,대전광역시 서구,철물점,,대전광역시 서구 만년남로 8,,G21001 / 만년동,미방문,
보성철물,대전광역시 동구,철물점,,대전광역시 동구 중교로 126-1,,G21001 / 중앙동,미방문,
서울철물건재,대전광역시 서구,건자재점,,대전광역시 서구 동서대로1005번길 88-1,,G21001 / 내동,미방문,
새한철물,대전광역시 중구,철물점,,대전광역시 중구 보문로 121-1,,G21001 / 대사동,미방문,
경일건재도매한약,대전광역시 동구,건자재점,,대전광역시 동구 선화로196번길 80,,G21501 / 중앙동,미방문,
경남건재,대전광역시 중구,건자재점,,대전광역시 중구 문화로 67-1,,G21001 / 유천1동,미방문,
남대전삼통카공업사,대전광역시 동구,공구점,,대전광역시 동구 대전로 15,,S20301 / 산내동,미방문,
대덕종합철물,대전광역시 유성구,철물점,,대전광역시 유성구 대학로 173,,G21001 / 온천2동,미방문,
형제철물,대전광역시 동구,철물점,,대전광역시 동구 용운로1번길 81,,G21001 / 대동,미방문,
한밭카정비공업사,대전광역시 서구,공구점,,대전광역시 서구 갈마로 52,,S20301 / 갈마1동,미방문,
금강보링공업사,대전광역시 유성구,공구점,,대전광역시 유성구 금남구즉로 1413,,S20301 / 구즉동,미방문,
대신건재철물,대전광역시 유성구,건자재점,,대전광역시 유성구 원내로 69,,G21001 / 진잠동,미방문,
경남전기.철물,대전광역시 서구,철물점,,대전광역시 서구 조달청길 11,,G21201 / 도마1동,미방문,
진철물공구상사,대전광역시 서구,철물점,,대전광역시 서구 신갈마로 244,,G21001 / 갈마1동,미방문,
신도철물,대전광역시 동구,철물점,,대전광역시 동구 흥룡로37번길 4,,G21001 / 가양2동,미방문,
믿음정비공업사,대전광역시 대덕구,공구점,,대전광역시 대덕구 아리랑로55번길 78,,S20301 / 회덕동,미방문,
한밭열쇠도장철물,대전광역시 동구,철물점,,대전광역시 동구 우암로 323,,G21001 / 가양2동,미방문,
제일철물,대전광역시 동구,철물점,,대전광역시 동구 대성길 72,,G21001 / 가양1동,미방문,
대영공업사,대전광역시 중구,공구점,,대전광역시 중구 동서대로1440번길 46-4,,S20699 / 은행선화동,미방문,
만년공구철물,대전광역시 중구,철물점,,대전광역시 중구 대둔산로 345-1,,G21001 / 산성동,미방문,
천일철물점,대전광역시 동구,철물점,,대전광역시 동구 대흥로 207,,G21001 / 중앙동,미방문,
늘푸른설비철물,대전광역시 서구,철물점,,대전광역시 서구 도솔로 268,,G21001 / 내동,미방문,
현대1급보링공업사,대전광역시 동구,공구점,,대전광역시 동구 대전로 252,,S20301 / 산내동,미방문,
금산철물,대전광역시 중구,철물점,,대전광역시 중구 문화로157번길 2,,G21001 / 문화1동,미방문,
영진철물전기,대전광역시 유성구,철물점,,대전광역시 유성구 관들4길 35,,G21001 / 관평동,미방문,
금강철물,대전광역시 중구,철물점,,대전광역시 중구 테미로 37-1,,G21001 / 대흥동,미방문,
대한철물,대전광역시 대덕구,철물점,,대전광역시 대덕구 중리로 57-1,,G21001 / 중리동,미방문,
동아철물점,대전광역시 동구,철물점,,대전광역시 동구 백룡로11번길 141,,G21001 / 자양동,미방문,
내동열쇠철물장식,대전광역시 서구,철물점,,대전광역시 서구 동서대로 993,,G21001 / 내동,미방문,
신흥철물상회,대전광역시 대덕구,철물점,,대전광역시 대덕구 대덕대로 1599,,G21001 / 석봉동,미방문,
중부철물,대전광역시 서구,철물점,,대전광역시 서구 도솔로 60,,G21001 / 도마2동,미방문,
수사랑철물,대전광역시 동구,철물점,,대전광역시 동구 새울로 141,,G21001 / 용운동,미방문,
새전민철물,대전광역시 유성구,철물점,,대전광역시 유성구 전민로6번길 67,,G21001 / 전민동,미방문,
시장철물점,대전광역시 유성구,철물점,,대전광역시 유성구 유성대로720번길 72,,G21001 / 온천2동,미방문,
진성카공업사,대전광역시 대덕구,공구점,,대전광역시 대덕구 덕암로258번길 11,,S20301 / 덕암동,미방문,
덕인당건재한약,대전광역시 중구,건자재점,,대전광역시 중구 수침로111번길 9,,G22199 / 태평1동,미방문,
대영종합기계공구,대전광역시 서구,공구점,,대전광역시 서구 변동로 49,,G21001 / 변동,미방문,
오성건재,대전광역시 서구,건자재점,,대전광역시 서구 장안로 5,,G21001 / 기성동,미방문,
동양철물,대전광역시 서구,철물점,,대전광역시 서구 도산로 130,,G21001 / 도마1동,미방문,
동양철물건재,대전광역시 서구,건자재점,,대전광역시 서구 복수남로 20,,G21001 / 복수동,미방문,
금오전기철물,대전광역시 동구,철물점,,대전광역시 동구 선화로 192,,G21001 / 중앙동,미방문,
대성철물,대전광역시 동구,철물점,,대전광역시 동구 가양로 54-1,,G21001 / 가양1동,미방문,
봉명철물,대전광역시 유성구,철물점,,대전광역시 유성구 유성대로654번길 148,,G21001 / 온천1동,미방문,
대청공업사,대전광역시 대덕구,공구점,,대전광역시 대덕구 신탄진로 600,,S20301 / 덕암동,미방문,
태성공업사,대전광역시 대덕구,공구점,,대전광역시 대덕구 아리랑로 69,,S20301 / 회덕동,미방문,
관저철물,대전광역시 서구,철물점,,대전광역시 서구 관저중로96번길 92,,G21001 / 관저2동,미방문,
부성철물설비,대전광역시 서구,철물점,,대전광역시 서구 계백로1300번길 11,,G21001 / 정림동,미방문,
장춘당건재한약방,대전광역시 동구,건자재점,,대전광역시 동구 현암로 29,,G20508 / 삼성동,미방문,
대현종합건축자재,대전광역시 유성구,건자재점,,대전광역시 유성구 용계로135번길 124,,G21003 / 진잠동,미방문,
래미안철물,대전광역시 서구,철물점,,대전광역시 서구 도솔로328번길 109,,G21001 / 가장동,미방문,
자운철물종합건재상사,대전광역시 유성구,건자재점,,대전광역시 유성구 신성남로111번길 18,,G21001 / 신성동,미방문,
온양건재,대전광역시 서구,건자재점,,대전광역시 서구 계룡로 570,,G21001 / 괴정동,미방문,
동원철물점,대전광역시 동구,철물점,,대전광역시 동구 대전로 300-1,,G21001 / 산내동,미방문,
대전공업사주,대전광역시 대덕구,공구점,,대전광역시 대덕구 벚꽃길 86,,S20301 / 덕암동,미방문,
다모아열쇠，철물,대전광역시 서구,철물점,,대전광역시 서구 월평동로 83,,G21001 / 월평3동,미방문,
신영철물조명,대전광역시 서구,건자재점,,대전광역시 서구 신갈마로 95,,G21201 / 갈마1동,미방문,
대성철물,대전광역시 동구,철물점,,대전광역시 동구 우암로 143,,G21001 / 삼성동,미방문,
동양철물,대전광역시 대덕구,철물점,,대전광역시 대덕구 중리북로37번길 70,,G21001 / 중리동,미방문,
용문철물,대전광역시 서구,철물점,,대전광역시 서구 용문로 62,,G21001 / 용문동,미방문,
제일공업사,대전광역시 서구,공구점,,대전광역시 서구 사마1길 7,,G21099 / 도마2동,미방문,
세광건재상사,대전광역시 중구,건자재점,,대전광역시 중구 유등천동로582번길 54,,G21001 / 태평2동,미방문,
오광철물건재,대전광역시 중구,건자재점,,대전광역시 중구 용두로 3,,G21001 / 용두동,미방문,
철물전기,대전광역시 유성구,철물점,,대전광역시 유성구 반석로 23,,G21001 / 노은3동,미방문,
한밭철물상사,대전광역시 서구,철물점,,대전광역시 서구 조달청길 153,,G21001 / 도마1동,미방문,
보은철물,대전광역시 동구,철물점,,대전광역시 동구 계족로140번길 76,,G21001 / 용운동,미방문,
충북건재,대전광역시 동구,건자재점,,대전광역시 동구 태전로 121,,G21001 / 삼성동,미방문,
정원카공업사,대전광역시 대덕구,공구점,,대전광역시 대덕구 산업단지로 101,,S20301 / 목상동,미방문,
오정안전철물,대전광역시 대덕구,철물점,,대전광역시 대덕구 오정로 85,,G21001 / 오정동,미방문,
대덕농자재,대전광역시 중구,농자재점,,대전광역시 중구 대종로101번길 20,,G21001 / 석교동,미방문,
영진농자재,대전광역시 중구,농자재점,,대전광역시 중구 모암로14번길 6,,G21001 / 석교동,미방문,
유성철물,대전광역시 대덕구,철물점,,대전광역시 대덕구 계족산로52번길 7,,G21001 / 송촌동,미방문,
부강철물,대전광역시 대덕구,철물점,,대전광역시 대덕구 신탄진로 772-1,,G21001 / 신탄진동,미방문,
송촌전기철물,대전광역시 대덕구,철물점,,대전광역시 대덕구 동춘당로 83,,G21001 / 송촌동,미방문,
용두열쇠철물상회,대전광역시 중구,철물점,,대전광역시 중구 용두로 29-1,,G21001 / 용두동,미방문,
만년전기철물철거공사,대전광역시 서구,철물점,,대전광역시 서구 만년로18번길 27,,G21001 / 만년동,미방문,
우정공업사,대전광역시 대덕구,공구점,,대전광역시 대덕구 대화로 24,,S20301 / 대화동,미방문,
대한종합기계공구상사,대전광역시 서구,공구점,,대전광역시 서구 제비네6길 5,,G21001 / 도마2동,미방문,
우리철물,대전광역시 서구,철물점,,대전광역시 서구 도솔로328번길 52,,G21001 / 괴정동,미방문,
부성철물전기조명,대전광역시 서구,건자재점,,대전광역시 서구 문정로 108,,G21001 / 탄방동,미방문,
법동쌀철물상회,대전광역시 대덕구,철물점,,대전광역시 대덕구 계족로608번길 24,,G20501 / 법2동,미방문,
성남전기철물,대전광역시 동구,철물점,,대전광역시 동구 계족로358번길 71,,G21001 / 성남동,미방문,
구봉철물건재,대전광역시 유성구,건자재점,,대전광역시 유성구 계백로 969,,G21001 / 진잠동,미방문,
판암대현철물건재,대전광역시 동구,건자재점,,대전광역시 동구 동구청로204번길 8,,G21001 / 판암1동,미방문,
태성공업사,대전광역시 중구,공구점,,대전광역시 중구 유등천동로 780,,S20301 / 중촌동,미방문,
장원철물,대전광역시 대덕구,철물점,,대전광역시 대덕구 동심1길 91,,G21001 / 대화동,미방문,
가수원철물,대전광역시 서구,철물점,,대전광역시 서구 벌곡로 1373-1,,G21001 / 가수원동,미방문,
동부철물,대전광역시 동구,철물점,,대전광역시 동구 백룡로14번길 60,,G21202 / 자양동,미방문,
조용기계공구잡화,대전광역시 중구,공구점,,대전광역시 중구 동서대로 1262,,G21001 / 태평1동,미방문,
삼성철물,대전광역시 동구,철물점,,대전광역시 동구 장수2길 6,,G21001 / 신인동,미방문,
동광철물,대전광역시 대덕구,철물점,,대전광역시 대덕구 비래서로81번길 1,,G21001 / 비래동,미방문,
형제철물,대전광역시 서구,철물점,,대전광역시 서구 정림동로7번길 31,,G21001 / 정림동,미방문,
유성철물,대전광역시 중구,철물점,,대전광역시 중구 부용로 7,,G21001 / 부사동,미방문,
현대건축자재,대전광역시 대덕구,건자재점,,대전광역시 대덕구 계족로 581,,G21099 / 중리동,미방문,
이가철물,대전광역시 서구,철물점,,대전광역시 서구 도솔로 470,,G21001 / 탄방동,미방문,
안영철물건재,대전광역시 중구,건자재점,,대전광역시 중구 대둔산로 229,,G21001 / 산성동,미방문,
만물철물,대전광역시 유성구,철물점,,대전광역시 유성구 전민로46번길 58,,G21001 / 전민동,미방문,
한성공업사,대전광역시 대덕구,공구점,,대전광역시 대덕구 비래서로9번길 96,,S20301 / 비래동,미방문,
중부철물수도설비,대전광역시 대덕구,철물점,,대전광역시 대덕구 대화1길 33,,G21001 / 대화동,미방문,
현대철물문구,대전광역시 유성구,철물점,,대전광역시 유성구 은구비서로 19,,G21001 / 노은1동,미방문,
미래열쇠철물,대전광역시 서구,철물점,,대전광역시 서구 갈마중로 16,,G21001 / 갈마2동,미방문,
전성공업사,대전광역시 서구,공구점,,대전광역시 서구 괴정로 110,,S20301 / 괴정동,미방문,
사정공구철물,대전광역시 중구,철물점,,대전광역시 중구 대둔산로 325,,G21001 / 산성동,미방문,
한밭공업사,대전광역시 중구,공구점,,대전광역시 중구 대종로 239,,S20301 / 석교동,미방문,
덕산철물상회,대전광역시 대덕구,철물점,,대전광역시 대덕구 대화로 19,,G21001 / 대화동,미방문,
중앙철물건재,대전광역시 유성구,건자재점,,대전광역시 유성구 노은동로 95-1,,G21001 / 노은1동,미방문,
한국농자재식물마트,대전광역시 동구,농자재점,,대전광역시 동구 산내로1257번길 100,,G21001 / 산내동,미방문,
대성공업사,대전광역시 대덕구,공구점,,대전광역시 대덕구 대화로 16,,S20301 / 대화동,미방문,
조은철물,대전광역시 서구,철물점,,대전광역시 서구 탄방로7번길 127,,G21001 / 탄방동,미방문,
계룡건축자재상사,대전광역시 유성구,건자재점,,대전광역시 유성구 신성남로 145,,G21001 / 신성동,미방문,
신도철물,대전광역시 대덕구,철물점,,대전광역시 대덕구 오정로 14,,G21001 / 오정동,미방문,
삼천종합철물건재상사,대전광역시 서구,건자재점,,대전광역시 서구 둔산로240번길 8,,G21001 / 둔산3동,미방문,
원내철물공구,대전광역시 유성구,철물점,,대전광역시 유성구 교촌로6번길 65,,G21001 / 진잠동,미방문,
으뜸철물,대전광역시 대덕구,철물점,,대전광역시 대덕구 한밭대로 1022,,G21001 / 오정동,미방문,
영일철물,대전광역시 동구,철물점,,대전광역시 동구 계족로336번길 52-3,,G21001 / 성남동,미방문,
현대공구철물,대전광역시 유성구,철물점,,대전광역시 유성구 학하중앙로168번길 32,,G21001 / 학하동,미방문,
영석공업사,대전광역시 중구,공구점,,대전광역시 중구 인창로 12,,S20401 / 대흥동,미방문,
은성공업사,대전광역시 중구,공구점,,대전광역시 중구 대종로 141,,G21001 / 석교동,미방문,
건재국한의원,대전광역시 서구,건자재점,,대전광역시 서구 계룡로649번길 35,,Q10211 / 용문동,미방문,
한신공구상사,대전광역시 대덕구,공구점,,대전광역시 대덕구 오정로75번길 1,,G21001 / 오정동,미방문,
성보전기철물,대전광역시 동구,철물점,,대전광역시 동구 은어송로 45,,G21001 / 효동,미방문,
대영종합기계공구,대전광역시 서구,공구점,,대전광역시 서구 도산로 90,,G21001 / 도마1동,미방문,
근하전기철물,대전광역시 대덕구,철물점,,대전광역시 대덕구 계족산로5번안길 4,,G21001 / 법2동,미방문,
경동건재,대전광역시 유성구,건자재점,,대전광역시 유성구 구즉로 97,,G21001 / 구즉동,미방문,
가수원건재,대전광역시 서구,건자재점,,대전광역시 서구 벌곡로 1373,,G21099 / 가수원동,미방문,
승현철물,대전광역시 유성구,철물점,,대전광역시 유성구 유성대로 759,,G21001 / 온천2동,미방문,
만년철물,대전광역시 동구,철물점,,대전광역시 동구 동산초교로22번길 45,,G21001 / 홍도동,미방문,
대영공구철물,대전광역시 유성구,철물점,,대전광역시 유성구 진잠로66번길 48,,G21001 / 진잠동,미방문,
대광전기.철물,대전광역시 중구,철물점,,대전광역시 중구 계백로1603번길 28-31,,S20699 / 유천2동,미방문,
장대철물종합상사,대전광역시 유성구,철물점,,대전광역시 유성구 유성대로 735,,G21001 / 온천2동,미방문,
금남철물,대전광역시 서구,철물점,,대전광역시 서구 신갈마로211번길 3,,G21001 / 갈마1동,미방문,
서대전공업사,대전광역시 유성구,공구점,,대전광역시 유성구 계백로 963,,S20301 / 진잠동,미방문,
세신전기철물,부산광역시 해운대구,철물점,,부산광역시 해운대구 우동1로 47,,G21001 / 우1동,미방문,
화랑공업사,부산광역시 해운대구,공구점,,부산광역시 해운대구 장산로32번길 32,,G21202 / 우2동,미방문,
영호철물,부산광역시 부산진구,철물점,,부산광역시 부산진구 엄광로 255-1,,G21001 / 가야1동,미방문,
덕화철물,부산광역시 연제구,철물점,,부산광역시 연제구 연동로 12,,G21001 / 연산1동,미방문,
동아건재,부산광역시 동구,건자재점,,부산광역시 동구 고관로 55,,G21003 / 수정1동,미방문,
부두공업사,부산광역시 동구,공구점,,부산광역시 동구 충장대로 279,,S20301 / 범일5동,미방문,
경북건재식품,부산광역시 동구,건자재점,,부산광역시 동구 조방로 48,,G22199 / 범일2동,미방문,
현대전기철물,부산광역시 동래구,철물점,,부산광역시 동래구 충렬대로459번길 77,,G21001 / 안락2동,미방문,
태양공구마트,부산광역시 해운대구,공구점,,부산광역시 해운대구 해운대로61번길 32,,G21001 / 재송2동,미방문,
진성공업사,부산광역시 중구,공구점,,부산광역시 중구 보수대로36번길 23-1,,S20699 / 부평동,미방문,
유창전기철물,부산광역시 서구,철물점,,부산광역시 서구 구덕로148번길 19-1,,G21201 / 충무동,미방문,
로얄철물,부산광역시 부산진구,철물점,,부산광역시 부산진구 엄광로 394,,G21001 / 범천2동,미방문,
신화전기철물,부산광역시 사상구,철물점,,부산광역시 사상구 운산로 70-1,,G21001 / 괘법동,미방문,
창원철물,부산광역시 금정구,철물점,,부산광역시 금정구 금사로 90,,G21001 / 금사회동동,미방문,
한성철물,부산광역시,철물점,,부산광역시 기장군 기장읍 차성남로 46,,G21001 / 기장읍,미방문,
동원전기철물,부산광역시 중구,철물점,,부산광역시 중구 동영로 18-1,,G21001 / 동광동,미방문,
선풍전기철물점,부산광역시 해운대구,철물점,,부산광역시 해운대구 청사포로 27,,G21001 / 좌2동,미방문,
현대공업사,부산광역시 북구,공구점,,부산광역시 북구 산성로 68-1,,G21202 / 화명2동,미방문,
남도철물,부산광역시 사하구,철물점,,부산광역시 사하구 윤공단로 23,,G21001 / 다대1동,미방문,
태양철물,부산광역시 해운대구,철물점,,부산광역시 해운대구 송정중앙로36번길 2,,G21001 / 송정동,미방문,
동백종합공구상회,부산광역시 해운대구,공구점,,부산광역시 해운대구 해운대로 555,,S20699 / 우1동,미방문,
종합철물점,부산광역시 연제구,철물점,,부산광역시 연제구 과정로191번가길 66,,G21001 / 연산9동,미방문,
화신전기철물,부산광역시 연제구,철물점,,부산광역시 연제구 중앙대로1134번길 49,,G21001 / 연산4동,미방문,
광재철물,부산광역시 수영구,철물점,,부산광역시 수영구 연수로416번길 29,,G21001 / 광안3동,미방문,
국제철물,부산광역시 서구,철물점,,부산광역시 서구 까치고개로229번길 56,,G21001 / 부민동,미방문,
낙원전기철물,부산광역시 동래구,철물점,,부산광역시 동래구 사직북로57번길 58,,G21001 / 사직2동,미방문,
대성철물,부산광역시 북구,철물점,,부산광역시 북구 시랑로 28,,G21001 / 구포1동,미방문,
합동철물,부산광역시 북구,철물점,,부산광역시 북구 백양대로1050번길 11,,G21001 / 구포2동,미방문,
화성종합철물,부산광역시 해운대구,철물점,,부산광역시 해운대구 재반로241번길 18,,G21001 / 반여3동,미방문,
051철물공구,부산광역시 금정구,철물점,,부산광역시 금정구 개좌로 129,,G21001 / 금사회동동,미방문,
경북전기철물,부산광역시 수영구,철물점,,부산광역시 수영구 수영로464번길 17-6,,G21001 / 남천1동,미방문,
대성전기철물,부산광역시,철물점,,부산광역시 기장군 기장읍 차성로288번길 31,,G21001 / 기장읍,미방문,
대진종합철물,부산광역시 동래구,철물점,,부산광역시 동래구 명안로45번길 78,,G21001 / 명장1동,미방문,
신한철물,부산광역시 동래구,철물점,,부산광역시 동래구 충렬대로100번길 106-2,,G21001 / 온천3동,미방문,
철마전기철물,부산광역시,철물점,,부산광역시 기장군 철마면 여락송정로 324,,G21001 / 철마면,미방문,
대육정비공업사,부산광역시 동래구,공구점,,부산광역시 동래구 석사로 33,,S20301 / 사직1동,미방문,
항도철물유리,부산광역시 연제구,건자재점,,부산광역시 연제구 월드컵대로 219,,G21001 / 거제2동,미방문,
사상종합건재철물,부산광역시 사상구,건자재점,,부산광역시 사상구 운산로 70,,G21001 / 괘법동,미방문,
대명건재,부산광역시 서구,건자재점,,부산광역시 서구 해돋이로 163-2,,G21001 / 남부민1동,미방문,
부영금속철물,부산광역시 금정구,철물점,,부산광역시 금정구 금정로 123-1,,G21001 / 장전1동,미방문,
기장전기철물,부산광역시,철물점,,부산광역시 기장군 기장읍 차성로288번길 22,,G21001 / 기장읍,미방문,
연지정비공업사,부산광역시 부산진구,공구점,,부산광역시 부산진구 동평로 259,,S20301 / 연지동,미방문,
삼정철물,부산광역시 금정구,철물점,,부산광역시 금정구 금정로 13,,G21001 / 장전2동,미방문,
우석정비공업사,부산광역시 남구,공구점,,부산광역시 남구 황령대로319번길 52,,S20301 / 대연3동,미방문,
부산종합철물전기,부산광역시 동래구,철물점,,부산광역시 동래구 충렬대로 396,,G21001 / 안락1동,미방문,
대양철물,부산광역시,철물점,,부산광역시 기장군 일광읍 이천9길 3-6,,G21001 / 일광읍,미방문,
태양전기철물,부산광역시 남구,철물점,,부산광역시 남구 전포대로67번길 42-1,,G21201 / 문현2동,미방문,
대영건재철물,부산광역시 연제구,건자재점,,부산광역시 연제구 월드컵대로 87,,G21001 / 연산5동,미방문,
마포전기철물,부산광역시 수영구,철물점,,부산광역시 수영구 과정로79번길 34,,G21001 / 망미1동,미방문,
감천정비공업사,부산광역시 사하구,공구점,,부산광역시 사하구 감천로42번길 17,,S20301 / 감천1동,미방문,
고려철물점,부산광역시 부산진구,철물점,,부산광역시 부산진구 백양대로60번길 39,,G21001 / 당감1동,미방문,
삼성설비철물,부산광역시 동구,철물점,,부산광역시 동구 홍곡로 38-1,,G21001 / 초량3동,미방문,
유림철물,부산광역시 북구,철물점,,부산광역시 북구 효열로203번길 14,,G21001 / 금곡동,미방문,
대륙전기철물,부산광역시 수영구,철물점,,부산광역시 수영구 광남로 155,,G21201 / 광안2동,미방문,
구봉전기철물,부산광역시 동구,철물점,,부산광역시 동구 홍곡로 45-1,,G21001 / 수정1동,미방문,
진주건재한약품,부산광역시 북구,건자재점,,부산광역시 북구 구포시장길 20,,G22199 / 구포1동,미방문,
동영철물,부산광역시 사상구,철물점,,부산광역시 사상구 새벽로168번길 51,,G21001 / 감전동,미방문,
한신공사&철물,부산광역시 강서구,철물점,,부산광역시 강서구 낙동남로 1043,,G21001 / 명지1동,미방문,
대일철물,부산광역시 금정구,철물점,,부산광역시 금정구 서명로 16,,G21001 / 서2동,미방문,
남해철물,부산광역시 연제구,철물점,,부산광역시 연제구 과정로192번길 10,,G20701 / 연산9동,미방문,
한미열쇠철물공구,부산광역시 사상구,철물점,,부산광역시 사상구 백양대로 667,,G21001 / 괘법동,미방문,
미래공구철물,부산광역시 수영구,철물점,,부산광역시 수영구 연수로 334,,G21001 / 망미1동,미방문,
부광전기철물,부산광역시 부산진구,철물점,,부산광역시 부산진구 성지로 125,,G21001 / 초읍동,미방문,
영신종합철물공구,부산광역시 강서구,철물점,,부산광역시 강서구 공항로1309번길 129,,G21001 / 대저1동,미방문,
석포철물건재,부산광역시 남구,건자재점,,부산광역시 남구 유엔평화로 131,,G21001 / 용당동,미방문,
중앙전기철물.소품,부산광역시 중구,철물점,,부산광역시 중구 40계단길 10,,G21001 / 중앙동,미방문,
공구철물대탐험,부산광역시 부산진구,철물점,,부산광역시 부산진구 백양순환로 100,,G21001 / 부암3동,미방문,
경남철물,부산광역시 동래구,철물점,,부산광역시 동래구 여고북로 138,,G21001 / 사직3동,미방문,
대성철물,부산광역시 동래구,철물점,,부산광역시 동래구 충렬대로237번길 127,,G21001 / 명륜동,미방문,
경남철물,부산광역시 동구,철물점,,부산광역시 동구 범일로 81-2,,G21001 / 범일2동,미방문,
대원철물,부산광역시 사하구,철물점,,부산광역시 사하구 다대로 273,,G21001 / 장림2동,미방문,
현우종합공구상사,부산광역시 강서구,공구점,,부산광역시 강서구 대저로 290-1,,G21001 / 대저1동,미방문,
부일철물,부산광역시 사하구,철물점,,부산광역시 사하구 감천로 40,,G21001 / 감천1동,미방문,
명보전기철물,부산광역시 부산진구,철물점,,부산광역시 부산진구 백양대로 310,,G21001 / 개금3동,미방문,
명동건재,부산광역시 동구,건자재점,,부산광역시 동구 초량남로 5,,G21001 / 초량2동,미방문,
국일철물,부산광역시 해운대구,철물점,,부산광역시 해운대구 해운대로 381-3,,G21001 / 우2동,미방문,
이성건재,부산광역시 동구,건자재점,,부산광역시 동구 구봉로 7-1,,G21099 / 초량6동,미방문,
부산철물,부산광역시 북구,철물점,,부산광역시 북구 만덕대로168번길 4,,G21001 / 덕천1동,미방문,
오복전기철물,부산광역시 금정구,철물점,,부산광역시 금정구 부산대학로64번길 140,,G21001 / 장전1동,미방문,
케이비철물종합상사,부산광역시 남구,철물점,,부산광역시 남구 장고개로 78,,G21001 / 문현4동,미방문,
광성전기철물,부산광역시 금정구,철물점,,부산광역시 금정구 무학송로 17,,G21001 / 부곡2동,미방문,
일신전기철물,부산광역시 사상구,철물점,,부산광역시 사상구 사상로 218,,G21001 / 괘법동,미방문,
정선철물,부산광역시 연제구,철물점,,부산광역시 연제구 배산로 5,,G21001 / 연산6동,미방문,
부산철물전기,부산광역시 수영구,철물점,,부산광역시 수영구 광일로21번길 5,,G21001 / 광안1동,미방문,
대일전기철물,부산광역시 강서구,철물점,,부산광역시 강서구 낙동북로 51,,G21201 / 강동동,미방문,
동진전기조명/동진분식식당철물점,부산광역시 동래구,건자재점,,부산광역시 동래구 금강공원로 37,,I21007 / 온천1동,미방문,
용호건재,부산광역시 남구,건자재점,,부산광역시 남구 용호로123번길 80,,G21099 / 용호3동,미방문,
천일공업사,부산광역시 사상구,공구점,,부산광역시 사상구 대동로 268,,S20301 / 감전동,미방문,
안양전기철물,부산광역시 동래구,철물점,,부산광역시 동래구 중앙대로1267번길 66,,G21001 / 사직3동,미방문,
우신철물,부산광역시 북구,철물점,,부산광역시 북구 산성로12번길 46,,G21001 / 화명2동,미방문,
경진공업사,부산광역시 부산진구,공구점,,부산광역시 부산진구 가야공원로 19,,G22199 / 가야2동,미방문,
미포전기철물종합상사,부산광역시 해운대구,철물점,,부산광역시 해운대구 좌동순환로446번길 16-4,,G21001 / 중1동,미방문,
만물전기철물,부산광역시 남구,철물점,,부산광역시 남구 진남로46번길 21,,G21001 / 대연5동,미방문,
세광건재,부산광역시 동래구,건자재점,,부산광역시 동래구 충렬대로107번길 116-1,,G21001 / 온천2동,미방문,
만물철물,부산광역시 사상구,철물점,,부산광역시 사상구 새벽시장로56번길 23,,G21001 / 감전동,미방문,
신풍철물설비,부산광역시 연제구,철물점,,부산광역시 연제구 신촌로 49-1,,G21001 / 거제3동,미방문,
삼희전기철물,부산광역시 영도구,철물점,,부산광역시 영도구 중복길 26,,G21001 / 신선동,미방문,
비치전기철물열쇠,부산광역시 남구,철물점,,부산광역시 남구 수영로266번길 64,,G21001 / 대연3동,미방문,
동원건재,부산광역시 금정구,건자재점,,부산광역시 금정구 금강로 607,,G21099 / 남산동,미방문,
현대철물설비,부산광역시 영도구,철물점,,부산광역시 영도구 꿈나무길 204,,G21001 / 영선1동,미방문,
대한철물목재,부산광역시 사상구,철물점,,부산광역시 사상구 새벽로167번길 48,,N11199 / 감전동,미방문,
남이철물,부산광역시 연제구,철물점,,부산광역시 연제구 고분로241번길 16,,G21001 / 연산9동,미방문,
성화전기철물,부산광역시 해운대구,철물점,,부산광역시 해운대구 재반로 168,,G21001 / 재송2동,미방문,
장안공구철물,부산광역시,철물점,,부산광역시 기장군 장안읍 장안로 8,,G21001 / 장안읍,미방문,
대구철물상회,부산광역시 부산진구,철물점,,부산광역시 부산진구 연제로9번길 44-6,,G21001 / 양정2동,미방문,
청강전기철물,부산광역시,철물점,,부산광역시 기장군 기장읍 기장대로 488,,G21001 / 기장읍,미방문,
해우전기철물,부산광역시 해운대구,철물점,,부산광역시 해운대구 좌동순환로446번길 17-1,,G21001 / 중1동,미방문,
본동철물점,부산광역시 사하구,철물점,,부산광역시 사하구 다대로 270,,G21001 / 장림2동,미방문,
우리철물,부산광역시 동구,철물점,,부산광역시 동구 성남이로 42,,G21001 / 범일5동,미방문,
동명철물,부산광역시 북구,철물점,,부산광역시 북구 낙동대로1762번가길 16,,G21001 / 구포1동,미방문,
당리공구철물,부산광역시 강서구,철물점,,부산광역시 강서구 대저중앙로 373,,G21001 / 대저1동,미방문,
홍성카정비공업사,부산광역시 동래구,공구점,,부산광역시 동래구 충렬사로 36-1,,S20301 / 안락1동,미방문,
다리목철물점,부산광역시 부산진구,철물점,,부산광역시 부산진구 백양대로60번길 16,,G21001 / 당감1동,미방문,
일광철물,부산광역시,철물점,,부산광역시 기장군 일광읍 일광로 110,,G21001 / 일광읍,미방문,
영남건재상사,부산광역시 연제구,건자재점,,부산광역시 연제구 과정로 200,,R10410 / 연산9동,미방문,
하단전기철물,부산광역시 사하구,철물점,,부산광역시 사하구 동매로 45-1,,G21001 / 하단1동,미방문,
경북전기철물,부산광역시,철물점,,부산광역시 기장군 기장읍 차성동로172번길 1,,G21001 / 기장읍,미방문,
오션전기철물,부산광역시 강서구,철물점,,부산광역시 강서구 명지오션시티9로 57,,G21001 / 명지2동,미방문,
태성종합철물,부산광역시 사하구,철물점,,부산광역시 사하구 윤공단로 15,,G21001 / 다대1동,미방문,
영진철물부속,부산광역시 사하구,철물점,,부산광역시 사하구 낙동남로 1383,,G21001 / 하단2동,미방문,
개미정비공업사,부산광역시 수영구,공구점,,부산광역시 수영구 망미번영로 49,,S20301 / 망미1동,미방문,
연산전기철물,부산광역시 연제구,철물점,,부산광역시 연제구 쌍미천로151번길 32,,G21001 / 연산4동,미방문,
용진철물,부산광역시 부산진구,철물점,,부산광역시 부산진구 동평로116번길 33,,G21001 / 부암1동,미방문,
동신건재,부산광역시 서구,건자재점,,부산광역시 서구 옥천로 137-1,,G21099 / 아미동,미방문,
밀양전기철물,부산광역시 남구,철물점,,부산광역시 남구 전포대로67번길 7,,G21001 / 문현2동,미방문,
양지철물,부산광역시 해운대구,철물점,,부산광역시 해운대구 아랫반송로21번길 116,,G21001 / 반송1동,미방문,
만물건재철물,부산광역시 서구,건자재점,,부산광역시 서구 충무대로 251-6,,G21001 / 남부민1동,미방문,
삼성철물,부산광역시 해운대구,철물점,,부산광역시 해운대구 해운대로61번길 88,,S20699 / 반여2동,미방문,
춘추철물,부산광역시 동구,철물점,,부산광역시 동구 범내로 39,,G21001 / 범일1동,미방문,
홍익전기철물,부산광역시 해운대구,철물점,,부산광역시 해운대구 송정중앙로 16-1,,G21001 / 송정동,미방문,
성광철물,부산광역시 동구,철물점,,부산광역시 동구 조방로 48,,G21001 / 범일2동,미방문,
현대철물장식,부산광역시 금정구,철물점,,부산광역시 금정구 금강로 571,,G21001 / 구서2동,미방문,
화성종합철물,부산광역시 부산진구,철물점,,부산광역시 부산진구 서전로 35,,G21001 / 전포2동,미방문,
삼덕철물,부산광역시 동래구,철물점,,부산광역시 동래구 명륜로 185,,G21001 / 명륜동,미방문,
한성건재,부산광역시 서구,건자재점,,부산광역시 서구 충무대로 251-6,,G21001 / 남부민1동,미방문,
대우건재철물,부산광역시 사상구,건자재점,,부산광역시 사상구 모라로 31,,G21001 / 모라1동,미방문,
경남철물점,부산광역시 연제구,철물점,,부산광역시 연제구 과정로114번길 13,,G21001 / 연산9동,미방문,
현대전기열쇠설비철물,부산광역시 북구,철물점,,부산광역시 북구 시랑로 135,,G21001 / 구포3동,미방문,
사직종합전문정비공업사,부산광역시 동래구,공구점,,부산광역시 동래구 여고로 107,,S20301 / 사직3동,미방문,
의령건재한약품,부산광역시 북구,건자재점,,부산광역시 북구 약초골목길 10,,G22199 / 구포1동,미방문,
행복철물,부산광역시 북구,철물점,,부산광역시 북구 모분재로 111-1,,G21201 / 구포3동,미방문,
부광철물,부산광역시 서구,철물점,,부산광역시 서구 천마로 193,,G21201 / 남부민1동,미방문,
무지개부분정비공업사,부산광역시 사하구,공구점,,부산광역시 사하구 장평로299번길 31,,S20301 / 신평1동,미방문,
일광철물,부산광역시 동래구,철물점,,부산광역시 동래구 우장춘로4번길 20,,G21001 / 온천2동,미방문,
동원철물,부산광역시 부산진구,철물점,,부산광역시 부산진구 동평로397번길 3,,G21001 / 양정2동,미방문,
삼우건재상사,부산광역시 사하구,건자재점,,부산광역시 사하구 하신중앙로 25,,G22199 / 장림1동,미방문,
동래건재건강원,부산광역시 동래구,건자재점,,부산광역시 동래구 명륜로112번길 112,,G20508 / 수민동,미방문,
평화종합건재,부산광역시 남구,건자재점,,부산광역시 남구 진남로25번길 22,,G21001 / 대연5동,미방문,
유천철물,부산광역시 사상구,철물점,,부산광역시 사상구 가야대로 306,,G21001 / 주례3동,미방문,
영운철물,부산광역시 부산진구,철물점,,부산광역시 부산진구 당감로64번길 10,,G21001 / 당감1동,미방문,
동아전기철물설비,부산광역시 동래구,철물점,,부산광역시 동래구 명안로85번길 11-2,,G21001 / 명장1동,미방문,
동명정비공업사,부산광역시 사상구,공구점,,부산광역시 사상구 학장로135번길 77,,S20301 / 학장동,미방문,
종합보일러전기철물,부산광역시 영도구,철물점,,부산광역시 영도구 중복길 26,,G21001 / 신선동,미방문,
중앙전기철물,부산광역시 부산진구,철물점,,부산광역시 부산진구 냉정로 201,,G21001 / 개금1동,미방문,
정성전기철물,부산광역시 해운대구,철물점,,부산광역시 해운대구 윗반송로51번길 49,,G21001 / 반송2동,미방문,
남성철물점,부산광역시 서구,철물점,,부산광역시 서구 자갈치로 10-2,,G21001 / 충무동,미방문,
향림건재,부산광역시 강서구,건자재점,,부산광역시 강서구 대저로 68-30,,N11199 / 대저1동,미방문,
농주농기구,부산광역시 강서구,농자재점,,부산광역시 강서구 신노전2길 2,,S20699 / 대저2동,미방문,
금성열쇠철물,부산광역시 영도구,철물점,,부산광역시 영도구 동삼로 32,,G21001 / 동삼1동,미방문,
대신설비철물,부산광역시 사하구,철물점,,부산광역시 사하구 하신번영로167번길 24,,G21001 / 신평2동,미방문,
제일철물상사,부산광역시 동구,철물점,,부산광역시 동구 진시장로 23,,G21001 / 범일2동,미방문,
제일철물,부산광역시 동래구,철물점,,부산광역시 동래구 아시아드대로231번길 23,,G21201 / 온천3동,미방문,
양정전기철물,부산광역시 부산진구,철물점,,부산광역시 부산진구 중앙대로970번길 17,,G21001 / 양정2동,미방문,
대연철물,부산광역시 남구,철물점,,부산광역시 남구 수영로266번길 70,,G21001 / 대연3동,미방문,
가야국일정비공업사,부산광역시 부산진구,공구점,,부산광역시 부산진구 가야대로 537,,S20301 / 가야2동,미방문,
영재전기철물,부산광역시 서구,철물점,,부산광역시 서구 초장로 23-1,,G21001 / 초장동,미방문,
성심전기철물,부산광역시 중구,철물점,,부산광역시 중구 대청로135번길 15,,G21001 / 중앙동,미방문,
태평종합건재,부산광역시 사하구,건자재점,,부산광역시 사하구 옥천로 123,,G21001 / 감천2동,미방문,
진양철물,부산광역시 수영구,철물점,,부산광역시 수영구 연수로263번길 12-9,,G21001 / 망미1동,미방문,
백광전기철물,부산광역시 서구,철물점,,부산광역시 서구 충무대로 41,,G21001 / 암남동,미방문,
대우열쇠철물,부산광역시 북구,철물점,,부산광역시 북구 금곡대로303번길 70,,G21001 / 화명3동,미방문,
현대전기철물인테리어,부산광역시 해운대구,건자재점,,부산광역시 해운대구 삼어로133번길 8-21,,M11201 / 반여4동,미방문,
성광전기철물,부산광역시 부산진구,철물점,,부산광역시 부산진구 새싹로28번길 14,,G21001 / 부전1동,미방문,
해동건재,부산광역시 영도구,건자재점,,부산광역시 영도구 절영로 38-1,,G21099 / 남항동,미방문,
현대카정비공업사,부산광역시 영도구,공구점,,부산광역시 영도구 중리북로 41,,S20301 / 동삼1동,미방문,
한일철물,부산광역시 사하구,철물점,,부산광역시 사하구 낙동대로535번길 39,,G21201 / 하단2동,미방문,
주공열쇠철물,부산광역시 북구,철물점,,부산광역시 북구 덕천로 76,,G21001 / 덕천2동,미방문,
세진인쇄공업사,부산광역시 동구,공구점,,부산광역시 동구 좌천서로 5,,M11401 / 좌천동,미방문,
포항철물,부산광역시 남구,철물점,,부산광역시 남구 유엔로 67,,G21001 / 우암동,미방문,
회영설비철물,부산광역시 금정구,철물점,,부산광역시 금정구 금사로 168,,G21001 / 금사회동동,미방문,
신일골재건재,부산광역시 영도구,건자재점,,부산광역시 영도구 태종로 158,,G21001 / 봉래1동,미방문,
명성철물,부산광역시 사하구,철물점,,부산광역시 사하구 장평로 135,,G21201 / 장림2동,미방문,
플러스철물;전기공구마트,부산광역시 사하구,철물점,,부산광역시 사하구 다대로320번길 27,,G21001 / 장림2동,미방문,
남선전기철물,부산광역시 북구,철물점,,부산광역시 북구 상리로 49-1,,G21001 / 만덕2동,미방문,
삼성당건재한약품,부산광역시 동래구,건자재점,,부산광역시 동래구 충렬대로237번길 9,,G22199 / 수민동,미방문,
신일공업사,부산광역시 중구,공구점,,부산광역시 중구 중구로23번길 14,,S20501 / 부평동,미방문,
해동철물,부산광역시 사하구,철물점,,부산광역시 사하구 낙동대로249번길 27,,G21001 / 괴정1동,미방문,
에니카공업사,부산광역시 부산진구,공구점,,부산광역시 부산진구 개금본동로 3,,S20301 / 개금3동,미방문,
삼양철물,부산광역시 해운대구,철물점,,부산광역시 해운대구 우동2로 71,,G21001 / 우1동,미방문,
신창주택철물점,부산광역시 서구,철물점,,부산광역시 서구 해돋이로 257,,G21001 / 아미동,미방문,
삼흥철물상사,부산광역시 동구,철물점,,부산광역시 동구 조방로53번길 9,,G21001 / 범일2동,미방문,
동백，전기철물,부산광역시 사상구,철물점,,부산광역시 사상구 사상로161번길 45,,G21001 / 감전동,미방문,
한일철물,부산광역시 영도구,철물점,,부산광역시 영도구 절영로13번길 4,,G21001 / 남항동,미방문,
대현전기철물,부산광역시 사상구,철물점,,부산광역시 사상구 대동로 107,,G21001 / 학장동,미방문,
대명철물,부산광역시 수영구,철물점,,부산광역시 수영구 수영로652번길 71,,G21001 / 광안1동,미방문,
창녕건재한약품,부산광역시 북구,건자재점,,부산광역시 북구 구포시장길 18,,G22199 / 구포1동,미방문,
삼우전기철물,부산광역시 사상구,철물점,,부산광역시 사상구 백양대로 915,,G21201 / 모라1동,미방문,
대한정비공업사,부산광역시 금정구,공구점,,부산광역시 금정구 공단서로 5,,S20301 / 금사회동동,미방문,
좌동정비공업사,부산광역시 해운대구,공구점,,부산광역시 해운대구 좌동로14번길 47-1,,S20301 / 중1동,미방문,
수성종합공구상사,부산광역시 동구,공구점,,부산광역시 동구 조방로53번길 4,,G21001 / 범일2동,미방문,
부산건재,부산광역시 강서구,건자재점,,부산광역시 강서구 낙동북로 151,,G21099 / 강동동,미방문,
신흥전기철물,부산광역시 부산진구,철물점,,부산광역시 부산진구 중앙대로980번길 52,,G21001 / 양정2동,미방문,
괴정철물,부산광역시 사하구,철물점,,부산광역시 사하구 낙동대로199번길 30,,G21001 / 괴정3동,미방문,
태광공업사,부산광역시 서구,공구점,,부산광역시 서구 해돋이로 160,,S20699 / 남부민1동,미방문,
오렌지종합철물,부산광역시 북구,철물점,,부산광역시 북구 산성로12번길 9,,G21001 / 화명2동,미방문,
태성농자재,부산광역시 중구,농자재점,,부산광역시 중구 자갈치로 33,,G21901 / 남포동,미방문,
충남철물인테리어,부산광역시 금정구,건자재점,,부산광역시 금정구 서동로103번길 58,,M11201 / 서1동,미방문,
팔도전기철물,부산광역시 수영구,철물점,,부산광역시 수영구 수미로50번길 29,,G21001 / 수영동,미방문,
대성건재,부산광역시 연제구,건자재점,,부산광역시 연제구 연수로171번길 2,,G20803 / 연산6동,미방문,
다대건재,부산광역시 사하구,건자재점,,부산광역시 사하구 다대로 567,,G21099 / 다대1동,미방문,
반도공업사,부산광역시 영도구,공구점,,부산광역시 영도구 대평로19번길 18,,N10202 / 남항동,미방문,
공구상,부산광역시 사상구,공구점,,부산광역시 사상구 괘감로 28,,G21001 / 감전동,미방문,
한광철물상회,부산광역시 북구,철물점,,부산광역시 북구 구포시장6길 9,,G21001 / 구포1동,미방문,
군위철물보일러,부산광역시 금정구,철물점,,부산광역시 금정구 서동로134번길 21,,G21001 / 서2동,미방문,
산성철물,부산광역시 금정구,철물점,,부산광역시 금정구 산성로 446,,G21001 / 금성동,미방문,
신우공업사,부산광역시 사상구,공구점,,부산광역시 사상구 낙동대로1210번길 93,,G21202 / 괘법동,미방문,
낙동종합공구，철물,부산광역시 강서구,철물점,,부산광역시 강서구 평강로 324,,G21001 / 대저1동,미방문,
태양전기철물설비,부산광역시 남구,철물점,,부산광역시 남구 문현로 7,,G21001 / 문현3동,미방문,
철물나라,부산광역시 부산진구,철물점,,부산광역시 부산진구 냉정로 273,,G21001 / 가야2동,미방문,
건영철물,부산광역시 부산진구,철물점,,부산광역시 부산진구 백양순환로 30-1,,G21001 / 당감4동,미방문,
금오전기철물,부산광역시 사하구,철물점,,부산광역시 사하구 제석로 54,,G21201 / 당리동,미방문,
제일전기철물,부산광역시 사하구,철물점,,부산광역시 사하구 낙동대로 153,,G21001 / 괴정2동,미방문,
씨유기계공구단지본관점,부산광역시 강서구,공구점,,부산광역시 강서구 유통단지1로 41,,G20405 / 대저2동,미방문,
대영전기철물,부산광역시 사상구,철물점,,부산광역시 사상구 덕상로 23-1,,G21001 / 덕포2동,미방문,
대양철물상사,부산광역시 동구,철물점,,부산광역시 동구 조방로 48,,G21001 / 범일2동,미방문,
경북전기철물,부산광역시 남구,철물점,,부산광역시 남구 용호로42번길 51,,G21001 / 용호1동,미방문,
서진인테리어장식철물,부산광역시 부산진구,건자재점,,부산광역시 부산진구 신천대로 290,,G21802 / 부암1동,미방문,
삼천리건재상사,부산광역시 부산진구,건자재점,,부산광역시 부산진구 전포대로 206,,G21001 / 전포1동,미방문,
제일공구철물,부산광역시 부산진구,철물점,,부산광역시 부산진구 당감서로 2,,G21001 / 당감1동,미방문,
태광전기철물,부산광역시 해운대구,철물점,,부산광역시 해운대구 우동1로38번가길 39,,G21001 / 우1동,미방문,
엄궁열쇠철물,부산광역시 사상구,철물점,,부산광역시 사상구 엄궁북로 20,,S20699 / 엄궁동,미방문,
동남전기철물,부산광역시 북구,철물점,,부산광역시 북구 시랑로 169,,G21001 / 구포3동,미방문,
진우건재,부산광역시 동래구,건자재점,,부산광역시 동래구 미남로116번길 22,,G22199 / 온천3동,미방문,
유림건재,부산광역시 서구,건자재점,,부산광역시 서구 해돋이로 42-1,,G21099 / 남부민2동,미방문,
학장철물,부산광역시 영도구,철물점,,부산광역시 영도구 남항서로 76,,G21001 / 남항동,미방문,
성진공업사,부산광역시 사상구,공구점,,부산광역시 사상구 대동로 211,,G21202 / 학장동,미방문,
예천전기철물,부산광역시 연제구,철물점,,부산광역시 연제구 거제시장로14번길 55,,G21201 / 거제3동,미방문,
부일철물,부산광역시 북구,철물점,,부산광역시 북구 은행나무로 35,,G21001 / 만덕2동,미방문,
신일철물,부산광역시 해운대구,철물점,,부산광역시 해운대구 달맞이길65번길 6,,G21001 / 중2동,미방문,
대티철물,부산광역시 사하구,철물점,,부산광역시 사하구 낙동대로140번길 63-7,,G21001 / 괴정2동,미방문,
금사정비공업사,부산광역시 해운대구,공구점,,부산광역시 해운대구 선수촌로 125,,S20301 / 반여1동,미방문,
맑은건재식품,부산광역시 북구,건자재점,,부산광역시 북구 낙동대로1766번길 11-11,,G20508 / 구포1동,미방문,
김해철물상회,부산광역시 동구,철물점,,부산광역시 동구 성북로 20-1,,G21001 / 좌천동,미방문,
남해철물,부산광역시 남구,철물점,,부산광역시 남구 못골로12번길 39,,G21001 / 대연6동,미방문,
동진상회철물,부산광역시 사하구,철물점,,부산광역시 사하구 낙동대로189번길 16,,G20701 / 괴정3동,미방문,
한빛전기철물,부산광역시 중구,철물점,,부산광역시 중구 자갈치로 33,,G21201 / 남포동,미방문,
도원공구철물,부산광역시,철물점,,부산광역시 기장군 정관읍 산단1로 120,,G21001 / 정관읍,미방문,
남천건재,부산광역시 수영구,건자재점,,부산광역시 수영구 수영로 403,,G21099 / 남천1동,미방문,
대한공업사,부산광역시 금정구,공구점,,부산광역시 금정구 서동로186번길 33,,G21202 / 서2동,미방문,
까치건재철물,부산광역시 서구,건자재점,,부산광역시 서구 까치고개로 110,,G21001 / 아미동,미방문,
신흥철물,부산광역시 사상구,철물점,,부산광역시 사상구 엄궁로179번길 13,,G21001 / 엄궁동,미방문,
타이탄철물점,부산광역시 해운대구,철물점,,부산광역시 해운대구 선수촌로 175,,M10504 / 반여1동,미방문,
거성전기철물,부산광역시 부산진구,철물점,,부산광역시 부산진구 새싹로 207,,G21001 / 초읍동,미방문,
무지개전기철물,부산광역시 해운대구,철물점,,부산광역시 해운대구 재반로256번길 28,,G21001 / 반여3동,미방문,
윤태건재즈피아노,부산광역시 해운대구,건자재점,,부산광역시 해운대구 양운로 103,,P10609 / 좌1동,미방문,
대성철물설비,부산광역시 해운대구,철물점,,부산광역시 해운대구 아랫반송로21번길 21,,G21001 / 반송1동,미방문,
영준방수철물,부산광역시 동래구,철물점,,부산광역시 동래구 금강로 78-1,,G21001 / 온천1동,미방문,
중구공업사,부산광역시 금정구,공구점,,부산광역시 금정구 서금로 65,,G21001 / 서3동,미방문,
황금철물,부산광역시 해운대구,철물점,,부산광역시 해운대구 윗반송로51번길 180,,G21001 / 반송2동,미방문,
반송열쇠철물,부산광역시 해운대구,철물점,,부산광역시 해운대구 반송로924번길 6,,G21001 / 반송2동,미방문,
신영정비공업사,부산광역시 사하구,공구점,,부산광역시 사하구 장림로161번길 5,,S20301 / 장림1동,미방문,
합천철물,부산광역시 부산진구,철물점,,부산광역시 부산진구 엄광로 52,,G21001 / 개금1동,미방문,
동삼건재,부산광역시 영도구,건자재점,,부산광역시 영도구 동삼로 43,,G21003 / 동삼1동,미방문,
제일공업사,부산광역시 동래구,공구점,,부산광역시 동래구 충렬대로 375,,S20601 / 안락1동,미방문,
중앙철물,부산광역시 북구,철물점,,부산광역시 북구 의성로115번길 168,,G21001 / 덕천3동,미방문,
유성철물점,부산광역시 금정구,철물점,,부산광역시 금정구 서동로103번길 22-2,,G21001 / 서1동,미방문,
경보전기철물,부산광역시 금정구,철물점,,부산광역시 금정구 금강로 685,,G21001 / 남산동,미방문,
밀양전기철물,부산광역시 사하구,철물점,,부산광역시 사하구 옥천로 2,,G21001 / 감천1동,미방문,
신흥공구철물,부산광역시 사상구,철물점,,부산광역시 사상구 사상로292번길 36,,G21001 / 덕포1동,미방문,
남광철물,부산광역시 부산진구,철물점,,부산광역시 부산진구 부전로 187,,G21001 / 부전2동,미방문,
대연철물,부산광역시 남구,철물점,,부산광역시 남구 용소로19번길 92,,G21001 / 대연3동,미방문,
롯데정비공업사,부산광역시 사상구,공구점,,부산광역시 사상구 모라로 16,,S20301 / 삼락동,미방문,
남도설비전기철물,부산광역시 사상구,철물점,,부산광역시 사상구 모라로 50,,G21001 / 모라1동,미방문,
인우공업사자전거,부산광역시 부산진구,공구점,,부산광역시 부산진구 백양대로357번길 73-17,,G21305 / 개금3동,미방문,
금성철물,부산광역시 사하구,철물점,,부산광역시 사하구 원양로398번길 65,,G21001 / 감천1동,미방문,
우진번호키철물상사,부산광역시 부산진구,철물점,,부산광역시 부산진구 동평로 72,,G21001 / 당감4동,미방문,
강동종합철물,부산광역시 강서구,철물점,,부산광역시 강서구 제도로 1208,,G21001 / 강동동,미방문,
우성정비공업사,부산광역시 금정구,공구점,,부산광역시 금정구 개좌로 77,,S20301 / 금사회동동,미방문,
거성철물,부산광역시 사상구,철물점,,부산광역시 사상구 가야대로366번길 16,,G21001 / 주례2동,미방문,
한국철물,부산광역시 남구,철물점,,부산광역시 남구 전포대로 70,,G21001 / 문현2동,미방문,
동상정비공업사,부산광역시 금정구,공구점,,부산광역시 금정구 개좌로 28,,S20301 / 금사회동동,미방문,
토탈전기철물사,부산광역시 사하구,철물점,,부산광역시 사하구 사하로141번길 51,,G21001 / 괴정1동,미방문,
현대종합철물상사,부산광역시 사상구,철물점,,부산광역시 사상구 사상로478번길 19,,G21001 / 모라1동,미방문,
오성철물,부산광역시 수영구,철물점,,부산광역시 수영구 수영로 440,,G21001 / 남천1동,미방문,
신진종합철물,부산광역시 사하구,철물점,,부산광역시 사하구 승학로 143,,G21001 / 당리동,미방문,
주일전기철물,부산광역시 북구,철물점,,부산광역시 북구 의성로122번길 66,,G21001 / 덕천2동,미방문,
신흥건재,부산광역시 동구,건자재점,,부산광역시 동구 망양로 791-1,,G21001 / 수정5동,미방문,
해동철물,부산광역시 부산진구,철물점,,부산광역시 부산진구 개금온정로17번길 47-4,,G21001 / 개금3동,미방문,
한일철물상회,부산광역시 부산진구,철물점,,부산광역시 부산진구 연지로 24,,G21001 / 연지동,미방문,
모든철물공업사,부산광역시 사하구,철물점,,부산광역시 사하구 장평로 322,,G21001 / 신평1동,미방문,
우영건재,부산광역시 강서구,건자재점,,부산광역시 강서구 공항앞길 16,,G21001 / 대저2동,미방문,
부성정비공업사,부산광역시 사상구,공구점,,부산광역시 사상구 사상로163번길 22,,S20301 / 괘법동,미방문,
신명전기철물,부산광역시 북구,철물점,,부산광역시 북구 상리로 67,,G21001 / 만덕2동,미방문,
만물철물,부산광역시 연제구,철물점,,부산광역시 연제구 거제시장로14번길 28,,G21001 / 거제3동,미방문,
동일전기철물점,부산광역시 중구,철물점,,부산광역시 중구 대청로99번길 4,,G21001 / 대청동,미방문,
대성철물,부산광역시 금정구,철물점,,부산광역시 금정구 삼차로 26,,G21001 / 서1동,미방문,
태화전기조명철물,부산광역시 금정구,건자재점,,부산광역시 금정구 부곡로 106-1,,G21201 / 부곡1동,미방문,
달성종합철물,부산광역시 수영구,철물점,,부산광역시 수영구 광남로 106,,G21201 / 광안2동,미방문,
기장냉동철물쇠,부산광역시,철물점,,부산광역시 기장군 기장읍 기장대로 470,,G21001 / 기장읍,미방문,
철물설비열쇠,부산광역시 금정구,철물점,,부산광역시 금정구 중앙대로 2082,,S20601 / 남산동,미방문,
성은철물,부산광역시 금정구,철물점,,부산광역시 금정구 금정로19번길 16-1,,G21001 / 장전2동,미방문,
연제철물,부산광역시 연제구,철물점,,부산광역시 연제구 거제시장로 38,,G21001 / 거제3동,미방문,
함양상회전기수도철물,부산광역시 동구,철물점,,부산광역시 동구 초량중로 10,,G21001 / 초량1동,미방문,
신화전기철물,부산광역시 해운대구,철물점,,부산광역시 해운대구 좌동로91번길 52,,G21001 / 좌1동,미방문,
우진철물,부산광역시 사하구,철물점,,부산광역시 사하구 감천로 190,,G21001 / 감천1동,미방문,
모아전기;철물공구,부산광역시 해운대구,철물점,,부산광역시 해운대구 선수촌로 174,,G21001 / 반여1동,미방문,
부림냉동공업사,부산광역시 중구,공구점,,부산광역시 중구 흑교로31번길 18-2,,S20501 / 부평동,미방문,
경남공업사,부산광역시 중구,공구점,,부산광역시 중구 자갈치로 20,,G21305 / 남포동,미방문,
동남철물,부산광역시,철물점,,부산광역시 기장군 일광읍 일광로 628,,G21001 / 일광읍,미방문,
영신전기철물,부산광역시 사하구,철물점,,부산광역시 사하구 낙동남로 1371-1,,G21001 / 하단2동,미방문,
태화철물,부산광역시 부산진구,철물점,,부산광역시 부산진구 양연로 10,,G21001 / 양정2동,미방문,
동일열쇠철물,부산광역시 해운대구,철물점,,부산광역시 해운대구 아랫반송로 53-1,,G21001 / 반송1동,미방문,
신용건재,부산광역시 영도구,건자재점,,부산광역시 영도구 영일길 32,,G21202 / 영선2동,미방문,
차씨네철물점,부산광역시 동구,철물점,,부산광역시 동구 초량로25번길 7-2,,G21001 / 초량2동,미방문,
사상샷시，샷타공업사,부산광역시 사상구,공구점,,부산광역시 사상구 사상로224번길 35,,G21202 / 괘법동,미방문,
대흥철물,부산광역시 사하구,철물점,,부산광역시 사하구 낙동대로233번길 22-4,,G21001 / 괴정1동,미방문,
동신전기철물,부산광역시 서구,철물점,,부산광역시 서구 대영로86번길 9,,G21001 / 동대신1동,미방문,
유림전기철물설비,부산광역시 수영구,철물점,,부산광역시 수영구 망미배산로24번길 66,,G21001 / 망미1동,미방문,
대성건재,부산광역시 부산진구,건자재점,,부산광역시 부산진구 대학로45번길 4,,G21001 / 가야1동,미방문,
시장건재상,부산광역시,건자재점,,부산광역시 기장군 장안읍 좌천로 23,,G21001 / 장안읍,미방문,
상건철물,부산광역시 해운대구,철물점,,부산광역시 해운대구 선수촌로 171,,G21001 / 반여1동,미방문,
한양정비공업사,부산광역시 사상구,공구점,,부산광역시 사상구 모덕로 74,,S20301 / 덕포2동,미방문,
부산전기조명철물,부산광역시 수영구,건자재점,,부산광역시 수영구 광남로 189,,G21001 / 광안2동,미방문,
황금장식철물,부산광역시 해운대구,철물점,,부산광역시 해운대구 윗반송로51번길 139,,G21001 / 반송2동,미방문,
럭키전기철물,부산광역시 북구,철물점,,부산광역시 북구 만덕3로 60,,G21001 / 만덕3동,미방문,
경남정비공업사주,부산광역시 사상구,공구점,,부산광역시 사상구 학감대로237번길 13,,S20301 / 감전동,미방문,
부일파워텐부분정비공업사,부산광역시 사하구,공구점,,부산광역시 사하구 하신번영로 368,,S20301 / 하단2동,미방문,
뉴비치전기철물열쇠,부산광역시 남구,철물점,,부산광역시 남구 못골번영로 16,,G21001 / 대연5동,미방문,
부광전기철물,부산광역시 금정구,철물점,,부산광역시 금정구 금강로 582,,G21001 / 구서2동,미방문,
명성철물전기,부산광역시 동래구,철물점,,부산광역시 동래구 명안로86번길 46,,G21001 / 명장1동,미방문,
대명철물,부산광역시 부산진구,철물점,,부산광역시 부산진구 냉정로 248-1,,G21001 / 가야2동,미방문,
YBK기계공구구.로렉스,부산광역시 연제구,공구점,,부산광역시 연제구 월드컵대로 90,,G21001 / 연산4동,미방문,
수영철물점,부산광역시 수영구,철물점,,부산광역시 수영구 남천동로 30,,G21001 / 남천1동,미방문,
부산철물,부산광역시 중구,철물점,,부산광역시 중구 흑교로 87,,G21001 / 보수동,미방문,
광명철물점,부산광역시 사상구,철물점,,부산광역시 사상구 백양대로762번길 6,,G21001 / 덕포2동,미방문,
대동철물,부산광역시 해운대구,철물점,,부산광역시 해운대구 아랫반송로30번길 19-21,,G21001 / 반송1동,미방문,
형제전기철물,부산광역시 금정구,철물점,,부산광역시 금정구 금강로 278,,G21201 / 장전2동,미방문,
명성공업사,부산광역시 남구,공구점,,부산광역시 남구 8부두로 31,,S20301 / 감만1동,미방문,
경북철물,부산광역시 금정구,철물점,,부산광역시 금정구 삼차로 56-1,,G21001 / 서1동,미방문,
24시열쇠，전기，철물,부산광역시 북구,철물점,,부산광역시 북구 만덕3로 55-1,,G21001 / 만덕3동,미방문,
대영철물,부산광역시 사하구,철물점,,부산광역시 사하구 다대로140번길 2,,G21001 / 신평1동,미방문,
남양건축자재임대판매,부산광역시 강서구,건자재점,,부산광역시 강서구 낙동북로 135,,N11101 / 강동동,미방문,
금강종합철물,부산광역시,철물점,,부산광역시 기장군 기장읍 반송로 1640,,G21001 / 기장읍,미방문,
일신철물,부산광역시 부산진구,철물점,,부산광역시 부산진구 새싹로92번길 56,,G21001 / 연지동,미방문,
대명건재,부산광역시 동구,건자재점,,부산광역시 동구 범상로 45-1,,G21099 / 범일1동,미방문,
현대전기철물,부산광역시 해운대구,철물점,,부산광역시 해운대구 재반로242번길 23,,G21001 / 반여3동,미방문,
명광공업사,부산광역시 사상구,공구점,,부산광역시 사상구 낙동대로 759-13,,G21305 / 엄궁동,미방문,
현대전기철물,부산광역시 남구,철물점,,부산광역시 남구 석포로 53-1,,G21001 / 감만2동,미방문,
경림철물상회,부산광역시 북구,철물점,,부산광역시 북구 구포시장길 12,,G21001 / 구포1동,미방문,
현대종합철물,부산광역시 중구,철물점,,부산광역시 중구 흑교로 34,,G21001 / 부평동,미방문,
동서정비공업사,부산광역시 사상구,공구점,,부산광역시 사상구 학감대로221번길 8,,S20301 / 감전동,미방문,
신태양철물,부산광역시 연제구,철물점,,부산광역시 연제구 반송로 114,,G21001 / 연산1동,미방문,
현대전기철물,부산광역시 동구,철물점,,부산광역시 동구 증산로 105,,G21001 / 좌천동,미방문,
대흥장식철물,부산광역시 사하구,철물점,,부산광역시 사하구 낙동대로 351,,G21001 / 당리동,미방문,
경남건재,부산광역시 사하구,건자재점,,부산광역시 사하구 사리로7번길 29-1,,G21099 / 괴정3동,미방문,
서대전기철물,부산광역시 서구,철물점,,부산광역시 서구 고운들로 138,,G21001 / 서대신1동,미방문,
부평건재,부산광역시 서구,건자재점,,부산광역시 서구 구덕로200번길 17,,G21099 / 부민동,미방문,
대용철물건재,부산광역시 영도구,건자재점,,부산광역시 영도구 웃서발로 31,,G21001 / 동삼1동,미방문,
대성철물상사,부산광역시 서구,철물점,,부산광역시 서구 까치고개로245번길 3,,G21001 / 충무동,미방문,
함양철물,부산광역시 연제구,철물점,,부산광역시 연제구 대리로6번길 58,,G21001 / 연산6동,미방문,
장가철물,부산광역시 수영구,철물점,,부산광역시 수영구 광안해변로277번길 52,,G21201 / 민락동,미방문,
금정철물,부산광역시 동래구,철물점,,부산광역시 동래구 미남로102번길 65,,G21001 / 온천3동,미방문,
평강건재,부산광역시 강서구,건자재점,,부산광역시 강서구 낙동북로 183,,G21001 / 대저1동,미방문,
기하열쇠전기철물,부산광역시 북구,철물점,,부산광역시 북구 시랑로35번길 18,,G21001 / 구포3동,미방문,
８８철물,부산광역시 금정구,철물점,,부산광역시 금정구 온천장로125번길 30,,G21001 / 장전2동,미방문,
운촌철물건재,부산광역시 해운대구,건자재점,,부산광역시 해운대구 해운대로 553,,G21099 / 우1동,미방문,
철물,부산광역시 해운대구,철물점,,부산광역시 해운대구 좌동순환로 422,,G21001 / 중1동,미방문,
승학철물,부산광역시 사하구,철물점,,부산광역시 사하구 낙동대로504번길 10,,G21001 / 하단2동,미방문,
대신철물,부산광역시 부산진구,철물점,,부산광역시 부산진구 새싹로28번길 12,,G21001 / 부전1동,미방문,
제일철물상회,부산광역시 수영구,철물점,,부산광역시 수영구 연수로 243,,G21001 / 망미1동,미방문,
로얄건축자재,부산광역시 금정구,건자재점,,부산광역시 금정구 금강로 613,,G21002 / 남산동,미방문,
송정철물,부산광역시,철물점,,부산광역시 기장군 철마면 두송길 33-14,,G21001 / 철마면,미방문,
삼성부속철물상사,부산광역시 남구,철물점,,부산광역시 남구 유엔평화로 122,,G21001 / 대연4동,미방문,
명보철물,부산광역시 영도구,철물점,,부산광역시 영도구 절영로93번길 21,,G21001 / 남항동,미방문,
장수카공업사,부산광역시 부산진구,공구점,,부산광역시 부산진구 부전로 117-6,,S20301 / 부전1동,미방문,
보성철물종합상사,부산광역시 중구,철물점,,부산광역시 중구 국제시장2길 33,,G21001 / 광복동,미방문,
오뚜기전기철물,부산광역시 동래구,철물점,,부산광역시 동래구 명서로 168,,G21001 / 명장2동,미방문,
가인건재,부산광역시 금정구,건자재점,,부산광역시 금정구 금강로 737,,G21003 / 청룡노포동,미방문,
성광철물,부산광역시 수영구,철물점,,부산광역시 수영구 구락로 84,,G21001 / 망미2동,미방문,
신평철물,부산광역시 사하구,철물점,,부산광역시 사하구 다대로130번길 50,,G21001 / 신평1동,미방문,
바다전기철물,부산광역시 해운대구,철물점,,부산광역시 해운대구 해운대해변로 339-1,,G21001 / 중1동,미방문,
대성전기철물설비,부산광역시 수영구,철물점,,부산광역시 수영구 수미로50번길 38,,G21001 / 수영동,미방문,
용강전기철물,부산광역시 연제구,철물점,,부산광역시 연제구 월드컵대로187번길 53,,G21001 / 거제3동,미방문,
원동정비공업사,부산광역시 해운대구,공구점,,부산광역시 해운대구 명장로67번길 146,,S20301 / 반여4동,미방문,
대원철물상회,부산광역시 연제구,철물점,,부산광역시 연제구 쌍미천로 145,,G21001 / 연산4동,미방문,
동양철물,부산광역시 연제구,철물점,,부산광역시 연제구 중앙천로80번길 1,,G21001 / 연산2동,미방문,
대성종합설비，전기철물,부산광역시 해운대구,철물점,,부산광역시 해운대구 반여로167번길 31,,G21001 / 반여1동,미방문,
대한전기철물,부산광역시 금정구,철물점,,부산광역시 금정구 서금로 2,,G21001 / 서3동,미방문,
명성철물,부산광역시 동래구,철물점,,부산광역시 동래구 충렬대로218번길 37,,G21001 / 수민동,미방문,
삼정철물,부산광역시 연제구,철물점,,부산광역시 연제구 월드컵대로145번길 103,,G21001 / 연산5동,미방문,
지리산건재한약품,부산광역시 북구,건자재점,,부산광역시 북구 낙동대로1766번길 11-11,,G22199 / 구포1동,미방문,
대광전기철물,부산광역시 금정구,철물점,,부산광역시 금정구 중앙대로1778번길 26-2,,G21001 / 부곡3동,미방문,
중앙철물설비,부산광역시 남구,철물점,,부산광역시 남구 통일동산1길 3,,S20699 / 대연6동,미방문,
철물만돌이,부산광역시 강서구,철물점,,부산광역시 강서구 신호산단3로 66,,G21001 / 신호동,미방문,
대흥전기철물,부산광역시 금정구,철물점,,부산광역시 금정구 온천장로125번길 24,,G21001 / 장전2동,미방문,
부일철물,부산광역시 동래구,철물점,,부산광역시 동래구 명륜로 216-1,,G21001 / 명륜동,미방문,
롯데열쇠，철물,부산광역시 해운대구,철물점,,부산광역시 해운대구 세실로 138,,G21001 / 좌1동,미방문,
아라철물공구,부산광역시,철물점,,부산광역시 기장군 기장읍 기장해안로 108,,G21001 / 기장읍,미방문,
합천전기철물,부산광역시 수영구,철물점,,부산광역시 수영구 남천바다로21번길 3,,G21001 / 광안2동,미방문,
원휀스철물,부산광역시,철물점,,부산광역시 기장군 기장읍 대청로 35,,G21001 / 기장읍,미방문,
용호철물,부산광역시 남구,철물점,,부산광역시 남구 용호로106번길 36,,G21001 / 용호1동,미방문,
남영전기철물,부산광역시 사하구,철물점,,부산광역시 사하구 원양로398번길 86,,G21001 / 감천1동,미방문,
동남종합철물,부산광역시 사상구,철물점,,부산광역시 사상구 새벽시장로 35,,G21001 / 감전동,미방문,
극동전기철물,부산광역시 동래구,철물점,,부산광역시 동래구 동래로 152,,G21001 / 복산동,미방문,
아세아수족관철물설비외,부산광역시 부산진구,철물점,,부산광역시 부산진구 냉정로178번길 27-3,,G21001 / 개금1동,미방문,
철물/공구소매업,부산광역시 중구,철물점,,부산광역시 중구 중앙대로 143,,G21001 / 영주1동,미방문,
장산철물,부산광역시 해운대구,철물점,,부산광역시 해운대구 재반로 122,,G21001 / 재송2동,미방문,
대륙철물,부산광역시 사상구,철물점,,부산광역시 사상구 백양대로768번길 21,,G21001 / 덕포2동,미방문,
대구전기철물,부산광역시 영도구,철물점,,부산광역시 영도구 동삼로 116,,G21001 / 동삼1동,미방문,
대발철물,부산광역시 남구,철물점,,부산광역시 남구 문현로 9,,G21001 / 문현3동,미방문,
대진설비철물,부산광역시 수영구,철물점,,부산광역시 수영구 수영로536번길 40,,G21001 / 광안2동,미방문,
승창철물,부산광역시 금정구,철물점,,부산광역시 금정구 금사로 105,,G21001 / 금사회동동,미방문,
대림철물,부산광역시 사상구,철물점,,부산광역시 사상구 학감대로49번길 62,,G21001 / 학장동,미방문,
수정철물인테리어,부산광역시 사하구,건자재점,,부산광역시 사하구 하신번영로177번길 32,,G21001 / 신평2동,미방문,
길수카정비공업사,부산광역시 동래구,공구점,,부산광역시 동래구 시실로 178,,S20301 / 명장2동,미방문,
현대철물,부산광역시 동래구,철물점,,부산광역시 동래구 석사로34번길 16,,G21001 / 사직1동,미방문,
태광건재인테리어,부산광역시 해운대구,건자재점,,부산광역시 해운대구 윗반송로51번길 160,,G21201 / 반송2동,미방문,
재성당한약건재,부산광역시 북구,건자재점,,부산광역시 북구 약초골목길 14,,G22199 / 구포1동,미방문,
덕두철물,부산광역시 강서구,철물점,,부산광역시 강서구 공항로811번길 26,,G21001 / 대저2동,미방문,
동성철물,부산광역시 중구,철물점,,부산광역시 중구 동영로 19,,G21001 / 동광동,미방문,
더죤건축자재공구,부산광역시 금정구,공구점,,부산광역시 금정구 중앙대로 1723,,G21001 / 부곡3동,미방문,
동일종합철물,부산광역시 강서구,철물점,,부산광역시 강서구 명지국제5로136번길 14-1,,G21001 / 명지1동,미방문,
연지철물,부산광역시 부산진구,철물점,,부산광역시 부산진구 연지로 5,,G21001 / 연지동,미방문,
가나전기철물,부산광역시 연제구,철물점,,부산광역시 연제구 고분로 99,,G21001 / 연산1동,미방문,
대성공업사,부산광역시 사상구,공구점,,부산광역시 사상구 낙동대로943번길 145,,Q10103 / 감전동,미방문,
이레농기구수리점,부산광역시,농자재점,,부산광역시 기장군 장안읍 용소길 26,,S20699 / 장안읍,미방문,
철물편의점,부산광역시 사상구,철물점,,부산광역시 사상구 동주로16번길 6,,G21001 / 주례3동,미방문,
본동종합철물,부산광역시 북구,철물점,,부산광역시 북구 은행나무로 13,,S20699 / 만덕2동,미방문,
철물/공구소매업,부산광역시 사상구,철물점,,부산광역시 사상구 사상로250번길 36,,G21001 / 괘법동,미방문,
태양철물,부산광역시 영도구,철물점,,부산광역시 영도구 근면길 56,,G21001 / 동삼1동,미방문,
현대전기철물,부산광역시 동래구,철물점,,부산광역시 동래구 쇠미로60번길 53,,G21001 / 사직2동,미방문,
대신종합철물,부산광역시 영도구,철물점,,부산광역시 영도구 태종로384번길 1,,G21001 / 청학2동,미방문,
대양공업사,부산광역시 사상구,공구점,,부산광역시 사상구 대동로 216-4,,S20301 / 학장동,미방문,
한성철물,부산광역시 해운대구,철물점,,부산광역시 해운대구 아랫반송로49번길 56-23,,G21001 / 반송1동,미방문,
구평철물,부산광역시 사하구,철물점,,부산광역시 사하구 감천항로 183,,G21001 / 구평동,미방문,
언니네철물점,부산광역시 사상구,철물점,,부산광역시 사상구 괘감로 37,,G21001 / 괘법동,미방문,
보문당건재한약방,부산광역시 북구,건자재점,,부산광역시 북구 구포시장3길 4,,G22199 / 구포1동,미방문,
덕수전기철물,부산광역시 동래구,철물점,,부산광역시 동래구 충렬대로428번가길 5,,G21201 / 안락2동,미방문,
명성농자재,부산광역시 강서구,농자재점,,부산광역시 강서구 제도로1092번다길 28-19,,G21001 / 강동동,미방문,
덕포철물,부산광역시 사상구,철물점,,부산광역시 사상구 삼덕로46번길 29,,G21001 / 덕포2동,미방문,
진주철물,부산광역시 연제구,철물점,,부산광역시 연제구 중앙천로 14,,G21001 / 연산2동,미방문,
해광철물,부산광역시,철물점,,부산광역시 기장군 일광읍 일광로 82,,G21001 / 일광읍,미방문,
덕두철물,부산광역시 북구,철물점,,부산광역시 북구 의성로115번길 6-1,,G21001 / 덕천3동,미방문,
원동종합철물,부산광역시 사상구,철물점,,부산광역시 사상구 사상로277번길 27,,G21001 / 덕포1동,미방문,
토곡철물,부산광역시 연제구,철물점,,부산광역시 연제구 과정로 203-1,,G21001 / 연산9동,미방문,
창령전기철물,부산광역시 사상구,철물점,,부산광역시 사상구 삼덕로 45,,G21001 / 덕포2동,미방문,
감천종합건재,부산광역시 사하구,건자재점,,부산광역시 사하구 감천로 107,,G21001 / 감천1동,미방문,
한독전기철물,부산광역시 연제구,철물점,,부산광역시 연제구 대리로6번길 63,,G21001 / 연산6동,미방문,
강우공구철물,부산광역시 부산진구,철물점,,부산광역시 부산진구 백양대로68번길 23-7,,G21001 / 당감1동,미방문,
주례전기철물,부산광역시 사상구,철물점,,부산광역시 사상구 냉정로 5,,G21001 / 주례3동,미방문,
영진전기철물,부산광역시 사하구,철물점,,부산광역시 사하구 하신번영로171번길 32,,G21001 / 신평2동,미방문,
동신공업사주,부산광역시 사상구,공구점,,부산광역시 사상구 가야대로214번길 9,,S20301 / 학장동,미방문,
럭키철물건재,부산광역시 부산진구,건자재점,,부산광역시 부산진구 백양순환로 123-1,,G21001 / 부암3동,미방문,
제일철물,부산광역시 남구,철물점,,부산광역시 남구 못골로 46,,G21001 / 대연6동,미방문,
백천철물,부산광역시 해운대구,철물점,,부산광역시 해운대구 재반로270번길 23,,G21001 / 반여3동,미방문,
신우철물,부산광역시 금정구,철물점,,부산광역시 금정구 서부곡로 12-1,,G21001 / 부곡2동,미방문,
착한철물,부산광역시 사하구,철물점,,부산광역시 사하구 제석로 17,,G21901 / 하단1동,미방문,
현대전기철물,부산광역시 수영구,철물점,,부산광역시 수영구 연수로260번길 23,,G21001 / 망미1동,미방문,
호산전기철물,부산광역시 동구,철물점,,부산광역시 동구 중앙대로371번길 65-1,,G21001 / 수정2동,미방문,
미주창호공업사,부산광역시 영도구,공구점,,부산광역시 영도구 동삼로 39,,G21099 / 동삼1동,미방문,
서면철물,부산광역시 부산진구,철물점,,부산광역시 부산진구 서면로 56,,G21001 / 부전2동,미방문,
모던인테리어철물,부산광역시 사하구,건자재점,,부산광역시 사하구 괴정로43번길 26,,G21001 / 하단1동,미방문,
솔광부분정비공업사,부산광역시 사하구,공구점,,부산광역시 사하구 장평로 66,,S20301 / 장림2동,미방문,
철물/공구소매업,부산광역시 해운대구,철물점,,부산광역시 해운대구 해운대로61번길 80-25,,G21001 / 반여2동,미방문,
대명철물,부산광역시 북구,철물점,,부산광역시 북구 사상로 596,,G21001 / 구포2동,미방문,
우진철물,부산광역시 부산진구,철물점,,부산광역시 부산진구 동평로 72,,G21001 / 당감4동,미방문,
부산종합건재,부산광역시 동구,건자재점,,부산광역시 동구 초량상로 83-2,,G21001 / 초량2동,미방문,
동남철물,부산광역시 부산진구,철물점,,부산광역시 부산진구 진사로77번길 13,,G21001 / 개금2동,미방문,
라움건재,부산광역시 금정구,건자재점,,부산광역시 금정구 식물원로9번길 20,,G21001 / 장전2동,미방문,
동광건재,부산광역시 중구,건자재점,,부산광역시 중구 자갈치로15번길 4,,G21099 / 남포동,미방문,
성도건재,부산광역시 동구,건자재점,,부산광역시 동구 수정중로 18-1,,G21001 / 수정2동,미방문,
강동철물,부산광역시 강서구,철물점,,부산광역시 강서구 제도로 1070,,G21001 / 강동동,미방문,
상도장식철물,부산광역시 동래구,철물점,,부산광역시 동래구 여고로12번길 9,,G21001 / 사직1동,미방문,
대영건축자재,부산광역시 금정구,건자재점,,부산광역시 금정구 동현로16번길 89,,G21099 / 부곡4동,미방문,
진양철물,부산광역시 사상구,철물점,,부산광역시 사상구 새벽시장로 61,,G21001 / 감전동,미방문,
동호종합정비공업사,부산광역시 사하구,공구점,,부산광역시 사하구 을숙도대로 821,,S20301 / 구평동,미방문,
세광철물,부산광역시 북구,철물점,,부산광역시 북구 낙동대로1766번길 37,,G21001 / 구포1동,미방문,
강쌤철물집수리부산,부산광역시 서구,철물점,,부산광역시 서구 대영로 9-1,,G21001 / 서대신1동,미방문,
만물철물점,부산광역시 남구,철물점,,부산광역시 남구 용호로42번길 41,,G21001 / 용호1동,미방문,
부광전기철물,부산광역시 북구,철물점,,부산광역시 북구 만덕대로15번길 39,,G21001 / 덕천2동,미방문,
제일철물,부산광역시 북구,철물점,,부산광역시 북구 모분재로 112,,G21001 / 구포3동,미방문,
현대전기철물,부산광역시 남구,철물점,,부산광역시 남구 수영로196번길 45,,G21001 / 대연1동,미방문,
경동전기철물,부산광역시 북구,철물점,,부산광역시 북구 백양대로1124번길 79,,G21001 / 구포2동,미방문,
한독설비철물,부산광역시 영도구,철물점,,부산광역시 영도구 절영로 488,,G21001 / 동삼1동,미방문,
영진건재,부산광역시 부산진구,건자재점,,부산광역시 부산진구 가야대로703번길 37,,G21099 / 당감2동,미방문,
동서철물마트,부산광역시 해운대구,철물점,,부산광역시 해운대구 우동1로20번가길 39,,G21001 / 우1동,미방문,
신광철물,서울특별시 노원구,철물점,,서울특별시 노원구 상계로35길 11,,G21001 / 상계3.4동,미방문,
형제철물,서울특별시 강동구,철물점,,서울특별시 강동구 성안로3길 102,,G21001 / 성내1동,미방문,
개풍철물,서울특별시 강남구,철물점,,서울특별시 강남구 봉은사로68길 67,,G21001 / 삼성2동,미방문,
삼화철물,서울특별시 도봉구,철물점,,서울특별시 도봉구 노해로60길 33,,G21001 / 쌍문3동,미방문,
대성철물,서울특별시 금천구,철물점,,서울특별시 금천구 독산로84길 8,,G21001 / 독산4동,미방문,
현대종합카공업사,서울특별시 동대문구,공구점,,서울특별시 동대문구 전농로 195,,S20301 / 전농1동,미방문,
백제철물,서울특별시 강북구,철물점,,서울특별시 강북구 노해로17길 47,,G21001 / 수유3동,미방문,
대성건재철물,서울특별시 관악구,건자재점,,서울특별시 관악구 난곡로 283,,G21001 / 미성동,미방문,
도원철물,서울특별시 송파구,철물점,,서울특별시 송파구 석촌호수로12길 1-11,,G21001 / 잠실본동,미방문,
만물전기철물열쇠,서울특별시 금천구,철물점,,서울특별시 금천구 독산로22길 36,,G21001 / 시흥5동,미방문,
강남철물,서울특별시 강남구,철물점,,서울특별시 강남구 선릉로 313,,G21001 / 역삼2동,미방문,
태백건설기계공구,서울특별시 강동구,공구점,,서울특별시 강동구 올림픽로77길 13-11,,G21001 / 천호2동,미방문,
영남철물,서울특별시 도봉구,철물점,,서울특별시 도봉구 도봉로145길 36,,G21001 / 방학1동,미방문,
형제철물,서울특별시 양천구,철물점,,서울특별시 양천구 오목로7길 26,,G21001 / 신월4동,미방문,
광명전기철물,서울특별시 강북구,철물점,,서울특별시 강북구 삼양로131길 23,,G21201 / 우이동,미방문,
일오전기.조명.열쇠.철물,서울특별시 양천구,건자재점,,서울특별시 양천구 지양로7길 10,,G21201 / 신월7동,미방문,
현대공업사,서울특별시 서대문구,공구점,,서울특별시 서대문구 통일로19길 5,,S20301 / 홍제1동,미방문,
양산건재,서울특별시 강동구,건자재점,,서울특별시 강동구 강동대로53길 73,,G21001 / 성내3동,미방문,
충남카공업사,서울특별시 동대문구,공구점,,서울특별시 동대문구 약령시로 90,,S20301 / 제기동,미방문,
청용건재,서울특별시 종로구,건자재점,,서울특별시 종로구 자하문로9길 36,,G21099 / 청운효자동,미방문,
삼화설비철물,서울특별시 중랑구,철물점,,서울특별시 중랑구 용마산로 371,,G21001 / 면목본동,미방문,
가나안카정비공업사,서울특별시 구로구,공구점,,서울특별시 구로구 고척로60길 31,,S20301 / 고척2동,미방문,
대성철물,서울특별시 구로구,철물점,,서울특별시 구로구 구로동로26길 16,,G21001 / 구로4동,미방문,
구암철물점,서울특별시 관악구,철물점,,서울특별시 관악구 양녕로 66,,G21001 / 성현동,미방문,
신용건재,서울특별시 성동구,건자재점,,서울특별시 성동구 성수이로3길 21-1,,G21001 / 성수2가1동,미방문,
형제공업사,서울특별시 은평구,공구점,,서울특별시 은평구 서오릉로 200,,G21001 / 갈현2동,미방문,
신구건재철물,서울특별시 강남구,건자재점,,서울특별시 강남구 도산대로25길 25,,G21001 / 신사동,미방문,
한일철물건재,서울특별시 은평구,건자재점,,서울특별시 은평구 통일로 950,,G21001 / 불광2동,미방문,
철물의달인,서울특별시 종로구,철물점,,서울특별시 종로구 난계로27길 73,,G21001 / 숭인2동,미방문,
평화공구철물,서울특별시 강동구,철물점,,서울특별시 강동구 구천면로 167,,G21001 / 천호2동,미방문,
OK정비공업사,서울특별시 도봉구,공구점,,서울특별시 도봉구 시루봉로 214,,S20301 / 방학2동,미방문,
세화철물,서울특별시 중구,철물점,,서울특별시 중구 동호로11가길 25,,G21001 / 다산동,미방문,
영진종합건재상사,서울특별시 동대문구,건자재점,,서울특별시 동대문구 장한로6길 61,,G21001 / 장안1동,미방문,
충남철물,서울특별시 관악구,철물점,,서울특별시 관악구 관천로19길 76,,G21001 / 신사동,미방문,
양가축산공업사,서울특별시 영등포구,공구점,,서울특별시 영등포구 영등포로13길 18,,I20101 / 양평1동,미방문,
금복철물,서울특별시 종로구,철물점,,서울특별시 종로구 종로40가길 43-1,,G21001 / 종로5.6가동,미방문,
일신철물,서울특별시 강남구,철물점,,서울특별시 강남구 삼성로146길 8,,G21001 / 청담동,미방문,
태양공업사,서울특별시 중구,공구점,,서울특별시 중구 마른내로 133,,S20301 / 광희동,미방문,
충남건재,서울특별시 구로구,건자재점,,서울특별시 구로구 신도림로15길 21-35,,G21099 / 신도림동,미방문,
오성철물건재상사,서울특별시 영등포구,건자재점,,서울특별시 영등포구 대림로27길 3,,G21001 / 대림3동,미방문,
개포종합철물전기,서울특별시 강남구,철물점,,서울특별시 강남구 삼성로 38,,G21001 / 개포2동,미방문,
대일철물,서울특별시 은평구,철물점,,서울특별시 은평구 연서로29길 36,,G21001 / 갈현1동,미방문,
열쇠철물,서울특별시 송파구,철물점,,서울특별시 송파구 백제고분로48길 35,,G21001 / 방이2동,미방문,
청룡전기철물,서울특별시 강남구,철물점,,서울특별시 강남구 테헤란로39길 38,,G21001 / 역삼1동,미방문,
상도공업사,서울특별시 영등포구,공구점,,서울특별시 영등포구 도신로 51,,S20302 / 도림동,미방문,
신생카공업사,서울특별시 성북구,공구점,,서울특별시 성북구 화랑로32길 133,,S20301 / 석관동,미방문,
대성철물,서울특별시 서대문구,철물점,,서울특별시 서대문구 통일로 471,,G21001 / 홍제1동,미방문,
한양종합건재,서울특별시 동작구,건자재점,,서울특별시 동작구 서달로15길 25,,G21099 / 흑석동,미방문,
금강철물건재,서울특별시 광진구,건자재점,,서울특별시 광진구 천호대로111길 47,,G21001 / 중곡2동,미방문,
삼부전기철물,서울특별시 강동구,철물점,,서울특별시 강동구 진황도로 168-1,,G21201 / 둔촌2동,미방문,
선일건재,서울특별시 서초구,건자재점,,서울특별시 서초구 사평대로55길 133,,G21001 / 반포1동,미방문,
남문건재,서울특별시 관악구,건자재점,,서울특별시 관악구 시흥대로160길 24,,G21001 / 조원동,미방문,
칠성철물,서울특별시 금천구,철물점,,서울특별시 금천구 남부순환로112길 61,,G20803 / 가산동,미방문,
장무철물,서울특별시 동작구,철물점,,서울특별시 동작구 여의대방로22길 106,,G21001 / 신대방2동,미방문,
금호철물,서울특별시 관악구,철물점,,서울특별시 관악구 은천로 66,,G21001 / 은천동,미방문,
오성철물,서울특별시 강서구,철물점,,서울특별시 강서구 양천로 60,,G21001 / 방화2동,미방문,
동방철물건재,서울특별시 마포구,건자재점,,서울특별시 마포구 동교로 101-1,,G21001 / 서교동,미방문,
대진전기철물,서울특별시 송파구,철물점,,서울특별시 송파구 마천로 258-1,,S20699 / 거여1동,미방문,
한일마스타공업사,서울특별시 도봉구,공구점,,서울특별시 도봉구 방학로3길 35,,S20301 / 쌍문2동,미방문,
충남철물,서울특별시 광진구,철물점,,서울특별시 광진구 동일로60길 29,,S20699 / 군자동,미방문,
연희공업사,서울특별시 서대문구,공구점,,서울특별시 서대문구 모래내로 327,,S20302 / 홍은2동,미방문,
장단철물,서울특별시 마포구,철물점,,서울특별시 마포구 매봉산로2길 78,,G21001 / 상암동,미방문,
현대철물설비,서울특별시 관악구,철물점,,서울특별시 관악구 장군봉2길 43,,G21001 / 청룡동,미방문,
대덕철물,서울특별시 강북구,철물점,,서울특별시 강북구 도봉로20가길 72,,G21001 / 송중동,미방문,
대림철물,서울특별시 은평구,철물점,,서울특별시 은평구 통일로73길 18-1,,G21001 / 대조동,미방문,
대성철물,서울특별시 은평구,철물점,,서울특별시 은평구 진흥로 193,,G21001 / 대조동,미방문,
대성철물,서울특별시 관악구,철물점,,서울특별시 관악구 청림길 7,,G21001 / 청림동,미방문,
충남철물,서울특별시 양천구,철물점,,서울특별시 양천구 목동중앙북로8길 26,,G21001 / 목3동,미방문,
삼신철물.건재.전기,서울특별시 서초구,건자재점,,서울특별시 서초구 청두곶6길 6,,G21001 / 방배2동,미방문,
백동철물,서울특별시 종로구,철물점,,서울특별시 종로구 동숭4길 6,,G21001 / 이화동,미방문,
부흥건재지물,서울특별시 금천구,건자재점,,서울특별시 금천구 남부순환로112길 28,,G21002 / 가산동,미방문,
명성철물,서울특별시 서초구,철물점,,서울특별시 서초구 방배중앙로25길 33,,G21001 / 방배본동,미방문,
길동철물점,서울특별시 강동구,철물점,,서울특별시 강동구 천호대로185길 75,,G21001 / 길동,미방문,
면삼종합철물건재,서울특별시 중랑구,건자재점,,서울특별시 중랑구 사가정로49길 38,,G21001 / 면목3.8동,미방문,
대진종합철물,서울특별시 강동구,철물점,,서울특별시 강동구 구천면로 434,,G21001 / 명일1동,미방문,
대풍철물,서울특별시 서초구,철물점,,서울특별시 서초구 사임당로 25,,G21001 / 서초3동,미방문,
화원철물,서울특별시 서대문구,철물점,,서울특별시 서대문구 명지대길 72,,G21001 / 남가좌2동,미방문,
우리철물,서울특별시 강남구,철물점,,서울특별시 강남구 언주로71길 17,,G21001 / 역삼2동,미방문,
화랑철물설비,서울특별시 도봉구,철물점,,서울특별시 도봉구 도당로17길 12,,S20699 / 방학2동,미방문,
진흥철물,서울특별시 강북구,철물점,,서울특별시 강북구 도봉로67길 73,,G21001 / 미아동,미방문,
서부철물,서울특별시 은평구,철물점,,서울특별시 은평구 진흥로1길 38,,G21001 / 역촌동,미방문,
장원철물,서울특별시 성북구,철물점,,서울특별시 성북구 보국문로11길 30,,G21001 / 정릉3동,미방문,
현대철물전기,서울특별시 금천구,철물점,,서울특별시 금천구 독산로74길 30,,G21001 / 독산4동,미방문,
청수공업사,서울특별시 성북구,공구점,,서울특별시 성북구 정릉로 195,,S20301 / 정릉2동,미방문,
수남철물전업사,서울특별시 용산구,철물점,,서울특별시 용산구 만리재로 188-1,,G21001 / 청파동,미방문,
한유철물,서울특별시 성북구,철물점,,서울특별시 성북구 종암로21길 112,,G21001 / 종암동,미방문,
호남철물,서울특별시 강북구,철물점,,서울특별시 강북구 삼양로 311,,G21001 / 수유1동,미방문,
삼화철물,서울특별시 구로구,철물점,,서울특별시 구로구 구로동로28길 64-7,,G21001 / 구로4동,미방문,
경동철물,서울특별시 용산구,철물점,,서울특별시 용산구 보광로 9,,G21001 / 보광동,미방문,
현대철물,서울특별시 중랑구,철물점,,서울특별시 중랑구 신내로19길 42,,G21001 / 신내2동,미방문,
시흥전기철물,서울특별시 금천구,철물점,,서울특별시 금천구 독산로32길 4,,G21001 / 시흥4동,미방문,
광림철물,서울특별시 강남구,철물점,,서울특별시 강남구 압구정로18길 5,,G21001 / 신사동,미방문,
수유전기철물건재,서울특별시 강북구,건자재점,,서울특별시 강북구 도봉로76길 19,,G21001 / 미아동,미방문,
광운철물건재,서울특별시 광진구,건자재점,,서울특별시 광진구 자양로3길 65,,G21001 / 자양2동,미방문,
어반플레이정음철물,서울특별시 서대문구,철물점,,서울특별시 서대문구 연희로11길 26,,G21001 / 연희동,미방문,
현대건재,서울특별시 서대문구,건자재점,,서울특별시 서대문구 경기대로 88,,G21099 / 천연동,미방문,
범진철물,서울특별시 영등포구,철물점,,서울특별시 영등포구 가마산로 370,,G21001 / 대림3동,미방문,
인왕철물,서울특별시 은평구,철물점,,서울특별시 은평구 은평로10길 13-7,,G21001 / 응암1동,미방문,
새마을철물,서울특별시 금천구,철물점,,서울특별시 금천구 독산로80길 15,,G21001 / 독산4동,미방문,
대성건재,서울특별시 강서구,건자재점,,서울특별시 강서구 등촌로13길 7,,G21001 / 화곡4동,미방문,
국제카공업사,서울특별시 광진구,공구점,,서울특별시 광진구 용마산로 159,,S20301 / 중곡3동,미방문,
오성철물.건재,서울특별시 송파구,건자재점,,서울특별시 송파구 가락로 262,,G21001 / 방이1동,미방문,
서진전기철물,서울특별시 영등포구,철물점,,서울특별시 영등포구 가마산로61길 2,,G21201 / 신길3동,미방문,
김청철물,서울특별시 강북구,철물점,,서울특별시 강북구 노해로23길 79,,G21001 / 수유2동,미방문,
현대철물점,서울특별시 관악구,철물점,,서울특별시 관악구 미성3길 9,,G21001 / 미성동,미방문,
소담꽃.전기;철물,서울특별시 은평구,철물점,,서울특별시 은평구 증산로3길 12,,G21901 / 증산동,미방문,
동국철물,서울특별시 광진구,철물점,,서울특별시 광진구 면목로 170,,G21001 / 중곡3동,미방문,
태진기계공구상사,서울특별시 중랑구,공구점,,서울특별시 중랑구 동일로 609,,G21001 / 면목5동,미방문,
이수철물,서울특별시 강북구,철물점,,서울특별시 강북구 419로 25,,G21001 / 우이동,미방문,
신성철물,서울특별시 노원구,철물점,,서울특별시 노원구 동일로 1020,,G21001 / 공릉1동,미방문,
양화건재,서울특별시 양천구,건자재점,,서울특별시 양천구 목동중앙북로16길 3,,G21001 / 목2동,미방문,
현대건재철물,서울특별시 성북구,건자재점,,서울특별시 성북구 정릉로10길 33,,G21099 / 정릉3동,미방문,
시온철물,서울특별시 강북구,철물점,,서울특별시 강북구 솔샘로65길 108,,G21001 / 송천동,미방문,
안암철물점,서울특별시 동대문구,철물점,,서울특별시 동대문구 한빛로 52-1,,G21001 / 신설동,미방문,
보광철물,서울특별시 구로구,철물점,,서울특별시 구로구 구로동로38길 20,,G21001 / 구로2동,미방문,
흥진철물,서울특별시 성동구,철물점,,서울특별시 성동구 성덕정길 48-1,,G21001 / 성수1가1동,미방문,
기성철물,서울특별시 용산구,철물점,,서울특별시 용산구 한강대로104길 35,,G21001 / 남영동,미방문,
이경철물,서울특별시 동대문구,철물점,,서울특별시 동대문구 휘경로 55,,G21001 / 휘경1동,미방문,
대진철물,서울특별시 노원구,철물점,,서울특별시 노원구 상계로 87,,G21001 / 상계2동,미방문,
신일철물인테리어,서울특별시 강동구,건자재점,,서울특별시 강동구 고덕로24길 42,,G21001 / 암사1동,미방문,
일흥철물건재,서울특별시 강남구,건자재점,,서울특별시 강남구 삼성로96길 3,,G21001 / 삼성1동,미방문,
삼성종합건재,서울특별시 종로구,건자재점,,서울특별시 종로구 필운대로 60,,G21003 / 청운효자동,미방문,
대호철물,서울특별시 강동구,철물점,,서울특별시 강동구 성안로 96,,G21001 / 성내3동,미방문,
한남철물전기,서울특별시 노원구,철물점,,서울특별시 노원구 상계로1길 14-17,,G21001 / 상계2동,미방문,
대영철물,서울특별시 강서구,철물점,,서울특별시 강서구 강서로18길 30,,G21001 / 화곡8동,미방문,
경동건재설비,서울특별시 은평구,건자재점,,서울특별시 은평구 증산로17길 64,,G21099 / 신사2동,미방문,
동성철물공구,서울특별시 노원구,철물점,,서울특별시 노원구 상계로 141-1,,G21001 / 상계2동,미방문,
행복철물,서울특별시 중랑구,철물점,,서울특별시 중랑구 동일로157길 7,,G21001 / 묵2동,미방문,
영진철물,서울특별시 구로구,철물점,,서울특별시 구로구 구로중앙로19나길 15,,G21001 / 구로2동,미방문,
삼화건재맥엔컴,서울특별시 송파구,건자재점,,서울특별시 송파구 가락로 146,,G21001 / 송파2동,미방문,
대성전기철물,서울특별시 관악구,철물점,,서울특별시 관악구 남현1길 2,,G21201 / 남현동,미방문,
신진철물,서울특별시 광진구,철물점,,서울특별시 광진구 아차산로40길 32,,G21001 / 자양1동,미방문,
제일철물,서울특별시 동작구,철물점,,서울특별시 동작구 성대로6나길 21,,G21001 / 상도3동,미방문,
오금철물,서울특별시 송파구,철물점,,서울특별시 송파구 송이로 79,,G21001 / 가락본동,미방문,
동신철물,서울특별시 강북구,철물점,,서울특별시 강북구 솔매로 105-1,,G21001 / 미아동,미방문,
암사카공업사,서울특별시 강동구,공구점,,서울특별시 강동구 상암로3길 62,,S20301 / 암사2동,미방문,
성실철물,서울특별시 노원구,철물점,,서울특별시 노원구 동일로182길 39,,G21001 / 공릉1동,미방문,
영동철물，설비,서울특별시 중랑구,철물점,,서울특별시 중랑구 봉화산로3길 74,,G21001 / 중화2동,미방문,
호남건재,서울특별시 중구,건자재점,,서울특별시 중구 퇴계로58길 5,,G21099 / 장충동,미방문,
우리카공업사,서울특별시 성북구,공구점,,서울특별시 성북구 장월로1가길 6,,S20301 / 월곡2동,미방문,
강동건재철물,서울특별시 강동구,건자재점,,서울특별시 강동구 상일로19길 20,,G21001 / 고덕2동,미방문,
라성카공업사,서울특별시 마포구,공구점,,서울특별시 마포구 월드컵북로 205,,S20301 / 성산2동,미방문,
구남철물,서울특별시 송파구,철물점,,서울특별시 송파구 마천로45길 23,,G21001 / 마천2동,미방문,
경원전기철물,서울특별시 서초구,철물점,,서울특별시 서초구 사임당로 31,,G21201 / 서초3동,미방문,
종남건재,서울특별시 성동구,건자재점,,서울특별시 성동구 용답중앙길 46,,G21001 / 용답동,미방문,
동양기계공구,서울특별시 영등포구,공구점,,서울특별시 영등포구 영등포로53길 9,,G21001 / 영등포동,미방문,
신일철물건축,서울특별시 마포구,철물점,,서울특별시 마포구 희우정로 96,,G21201 / 망원1동,미방문,
유신철물,서울특별시 중구,철물점,,서울특별시 중구 을지로 171,,G21001 / 을지로동,미방문,
선양철물건재,서울특별시 성동구,건자재점,,서울특별시 성동구 사근동길 21,,G21001 / 사근동,미방문,
대동철물,서울특별시 강남구,철물점,,서울특별시 강남구 언주로70길 32,,G21001 / 역삼2동,미방문,
천일건재철물,서울특별시 광진구,건자재점,,서울특별시 광진구 면목로 184,,G21001 / 중곡3동,미방문,
유진철물,서울특별시 중구,철물점,,서울특별시 중구 다산로33다길 15,,G21001 / 신당동,미방문,
반석카공업사,서울특별시 강동구,공구점,,서울특별시 강동구 상암로 419,,S20301 / 상일1동,미방문,
황금철물,서울특별시 종로구,철물점,,서울특별시 종로구 자하문로1길 6,,G21001 / 사직동,미방문,
민경전기철물보수인테리어,서울특별시 송파구,건자재점,,서울특별시 송파구 위례성대로 176,,G21001 / 오금동,미방문,
오정철물,서울특별시 동대문구,철물점,,서울특별시 동대문구 답십리로66길 44-2,,G21001 / 장안1동,미방문,
현대공업사,서울특별시 서초구,공구점,,서울특별시 서초구 명달로 98,,S20301 / 서초3동,미방문,
메트로카공업사,서울특별시 강남구,공구점,,서울특별시 강남구 논현로4길 38,,S20301 / 개포4동,미방문,
신내철물,서울특별시 중랑구,철물점,,서울특별시 중랑구 봉화산로56길 87,,G21001 / 신내1동,미방문,
재승철물,서울특별시 동대문구,철물점,,서울특별시 동대문구 사가정로27길 23,,G21001 / 장안2동,미방문,
우정철물,서울특별시 중구,철물점,,서울특별시 중구 을지로 171,,G21001 / 을지로동,미방문,
정석철물건재,서울특별시 성북구,건자재점,,서울특별시 성북구 돌곶이로8길 65,,G21001 / 석관동,미방문,
마들철물,서울특별시 노원구,철물점,,서울특별시 노원구 동일로 1533,,G21001 / 상계8동,미방문,
영선철물,서울특별시 광진구,철물점,,서울특별시 광진구 자양로7길 16,,G21001 / 자양1동,미방문,
보흥철물,서울특별시 도봉구,철물점,,서울특별시 도봉구 우이천로4길 21,,G21001 / 창3동,미방문,
남부철물,서울특별시 양천구,철물점,,서울특별시 양천구 목동남로 52,,G21001 / 신정7동,미방문,
대영철물,서울특별시 관악구,철물점,,서울특별시 관악구 인헌길 82,,G21001 / 인헌동,미방문,
미래카공업사,서울특별시 강서구,공구점,,서울특별시 강서구 양천로47길 76,,S20301 / 가양1동,미방문,
삼화전기철물,서울특별시 용산구,철물점,,서울특별시 용산구 청파로47길 19-1,,G21201 / 청파동,미방문,
뽀짝철물,서울특별시 노원구,철물점,,서울특별시 노원구 석계로 45,,G21001 / 월계1동,미방문,
금란，열쇠，철물,서울특별시 서초구,철물점,,서울특별시 서초구 동산로6길 24,,G21001 / 양재2동,미방문,
믿음정비공업사,서울특별시 영등포구,공구점,,서울특별시 영등포구 도신로 126,,S20301 / 신길3동,미방문,
드림카공업사,서울특별시 마포구,공구점,,서울특별시 마포구 연남로 83,,S20301 / 연남동,미방문,
원형카공업사,서울특별시 강북구,공구점,,서울특별시 강북구 삼양로54길 106,,S20301 / 송천동,미방문,
대도철물,서울특별시 성북구,철물점,,서울특별시 성북구 한천로 586,,G21001 / 석관동,미방문,
동양카공업사,서울특별시 강남구,공구점,,서울특별시 강남구 논현로26길 13,,S20301 / 도곡2동,미방문,
신흥전기철물,서울특별시 종로구,철물점,,서울특별시 종로구 통일로12길 24-2,,G21001 / 무악동,미방문,
대동전기철물,서울특별시 중구,철물점,,서울특별시 중구 동호로34길 27,,G21201 / 광희동,미방문,
상은철물,서울특별시 서대문구,철물점,,서울특별시 서대문구 신촌로37안길 2,,G21001 / 북아현동,미방문,
신용철물,서울특별시 강서구,철물점,,서울특별시 강서구 양천로24길 116,,G21001 / 방화1동,미방문,
신진철물종합건재,서울특별시 영등포구,건자재점,,서울특별시 영등포구 당산로16길 12,,G21001 / 당산1동,미방문,
유창철물,서울특별시 영등포구,철물점,,서울특별시 영등포구 도림로 349,,G21001 / 도림동,미방문,
협성철물,서울특별시 서대문구,철물점,,서울특별시 서대문구 증가로 119,,G21001 / 남가좌2동,미방문,
은성철물,서울특별시 양천구,철물점,,서울특별시 양천구 은행정로 93,,G21001 / 신정4동,미방문,
대광철물설비,서울특별시 양천구,철물점,,서울특별시 양천구 월정로27길 25,,G21001 / 신월1동,미방문,
광성전기철물,서울특별시 은평구,철물점,,서울특별시 은평구 갈현로1길 14,,G21001 / 신사1동,미방문,
장미전기철물,서울특별시 강북구,철물점,,서울특별시 강북구 삼양로123길 23,,G21001 / 인수동,미방문,
삼성덴트공업사,서울특별시 광진구,공구점,,서울특별시 광진구 능동로36길 57,,S20301 / 능동,미방문,
태평양카공업사,서울특별시 영등포구,공구점,,서울특별시 영등포구 도신로 135-2,,S20301 / 도림동,미방문,
형제철물건재,서울특별시 송파구,건자재점,,서울특별시 송파구 오금로64길 8,,G21001 / 거여2동,미방문,
삼성철물건축,서울특별시 용산구,철물점,,서울특별시 용산구 신흥로20길 23,,G21001 / 용산2가동,미방문,
한신철물,서울특별시 서초구,철물점,,서울특별시 서초구 사임당로 66,,G21001 / 서초1동,미방문,
송파현대공업사,서울특별시 송파구,공구점,,서울특별시 송파구 동남로20길 50-13,,S20301 / 가락2동,미방문,
은평공업사,서울특별시 은평구,공구점,,서울특별시 은평구 서오릉로 250-1,,S20301 / 갈현2동,미방문,
방학철물,서울특별시 도봉구,철물점,,서울특별시 도봉구 시루봉로15길 34,,S20699 / 방학2동,미방문,
대지건재철물,서울특별시 중랑구,건자재점,,서울특별시 중랑구 사가정로49길 26,,G21001 / 면목3.8동,미방문,
도곡철물,서울특별시 서초구,철물점,,서울특별시 서초구 논현로27길 29,,G21001 / 양재1동,미방문,
성원철물,서울특별시 영등포구,철물점,,서울특별시 영등포구 여의대방로 386,,G21001 / 여의동,미방문,
삼오철물건재,서울특별시 중랑구,건자재점,,서울특별시 중랑구 겸재로 127,,G21001 / 면목2동,미방문,
광용공업사,서울특별시 강동구,공구점,,서울특별시 강동구 구천면로 171,,S20699 / 천호2동,미방문,
성북종합철물,서울특별시 성북구,철물점,,서울특별시 성북구 삼선교로 57-4,,G21001 / 삼선동,미방문,
팔팔철물,서울특별시 은평구,철물점,,서울특별시 은평구 수색로16길 3-3,,G21202 / 수색동,미방문,
동진만물철물,서울특별시 구로구,철물점,,서울특별시 구로구 부일로15길 50,,G21001 / 수궁동,미방문,
전기철물,서울특별시 노원구,철물점,,서울특별시 노원구 동일로178길 11-11,,G21001 / 공릉1동,미방문,
케이에스건축자재,서울특별시 구로구,건자재점,,서울특별시 구로구 구로동로25길 38,,G21001 / 구로2동,미방문,
부흥철물,서울특별시 강동구,철물점,,서울특별시 강동구 구천면로 344,,G21001 / 천호1동,미방문,
우진공업사,서울특별시 중랑구,공구점,,서울특별시 중랑구 상봉로 11,,S20301 / 면목본동,미방문,
대신철물,서울특별시 강동구,철물점,,서울특별시 강동구 양재대로124길 53,,G21001 / 길동,미방문,
천우철물,서울특별시 은평구,철물점,,서울특별시 은평구 갈현로1길 24,,G21001 / 신사1동,미방문,
동성철물,서울특별시 도봉구,철물점,,서울특별시 도봉구 우이천로 479,,G21001 / 쌍문1동,미방문,
상도철물,서울특별시 동작구,철물점,,서울특별시 동작구 양녕로 183-1,,G21201 / 상도4동,미방문,
삼덕건축자재,서울특별시 동대문구,건자재점,,서울특별시 동대문구 전농로 60-1,,G21099 / 답십리2동,미방문,
오토훼미리공업사,서울특별시 송파구,공구점,,서울특별시 송파구 송파대로27길 28,,S20301 / 문정2동,미방문,
응암건재,서울특별시 은평구,건자재점,,서울특별시 은평구 응암로 273,,G21099 / 응암1동,미방문,
매직카공업사,서울특별시 영등포구,공구점,,서울특별시 영등포구 영신로 5,,S20301 / 도림동,미방문,
대한철물건재,서울특별시 노원구,건자재점,,서울특별시 노원구 동일로 1100,,G21001 / 공릉1동,미방문,
두꺼비철물점,서울특별시 용산구,철물점,,서울특별시 용산구 우사단로2길 20,,G21001 / 보광동,미방문,
형제카공업사,서울특별시 금천구,공구점,,서울특별시 금천구 가산로9길 22,,S20301 / 가산동,미방문,
영남건재,서울특별시 중랑구,건자재점,,서울특별시 중랑구 용마산로51길 35,,G21201 / 면목7동,미방문,
철물영미니슈퍼,서울특별시 동작구,철물점,,서울특별시 동작구 여의대방로24길 30,,G20404 / 신대방2동,미방문,
스마일철물,서울특별시 강서구,철물점,,서울특별시 강서구 화곡로60길 35-4,,G21001 / 화곡6동,미방문,
JIN철물건재,서울특별시 양천구,건자재점,,서울특별시 양천구 목동중앙북로2길 17,,G21001 / 목3동,미방문,
월출철물설비,서울특별시 중랑구,철물점,,서울특별시 중랑구 용마산로 447,,G21001 / 망우3동,미방문,
삼마카공업사,서울특별시 서초구,공구점,,서울특별시 서초구 도구로 89-2,,S20301 / 방배2동,미방문,
홍익전기조명철물,서울특별시 마포구,건자재점,,서울특별시 마포구 잔다리로6길 20,,G21201 / 서교동,미방문,
대지카공업사,서울특별시 강서구,공구점,,서울특별시 강서구 국회대로7길 178,,S20301 / 화곡8동,미방문,
천호철물,서울특별시 송파구,철물점,,서울특별시 송파구 오금로53길 47,,G21001 / 거여1동,미방문,
충남철물,서울특별시 송파구,철물점,,서울특별시 송파구 문정로11길 14,,G21001 / 가락2동,미방문,
훼미리철물열쇠,서울특별시 송파구,철물점,,서울특별시 송파구 중대로 24,,G21001 / 문정2동,미방문,
인사인카정비공업사,서울특별시 강동구,공구점,,서울특별시 강동구 아리수로 362,,S20301 / 고덕2동,미방문,
신진전기철물,서울특별시 중구,철물점,,서울특별시 중구 청파로 429-1,,G21001 / 중림동,미방문,
호수소방기구공업사,서울특별시 동작구,공구점,,서울특별시 동작구 장승배기로 164,,G22199 / 노량진1동,미방문,
영진설비철물,서울특별시 관악구,철물점,,서울특별시 관악구 봉천로29길 14,,G21001 / 은천동,미방문,
열쇠철물,서울특별시 구로구,철물점,,서울특별시 구로구 고척로 109,,G21001 / 개봉1동,미방문,
평화철물,서울특별시 송파구,철물점,,서울특별시 송파구 문정로 33,,G21001 / 문정1동,미방문,
원진철물,서울특별시 영등포구,철물점,,서울특별시 영등포구 당산로27길 3-1,,G21001 / 당산1동,미방문,
개성건재,서울특별시 중구,건자재점,,서울특별시 중구 다산로22길 52,,G21001 / 청구동,미방문,
중앙철물,서울특별시 강남구,철물점,,서울특별시 강남구 삼성로107길 21,,G21001 / 삼성2동,미방문,
요요카공업사,서울특별시 영등포구,공구점,,서울특별시 영등포구 도영로 63,,S20301 / 도림동,미방문,
중앙철물,서울특별시 양천구,철물점,,서울특별시 양천구 월정로25길 13,,G21001 / 신월1동,미방문,
유한철물,서울특별시 관악구,철물점,,서울특별시 관악구 남현4길 9,,G21001 / 남현동,미방문,
EMART24황물로점영서철물상사,서울특별시 동대문구,철물점,,서울특별시 동대문구 황물로 111,,G20405 / 답십리1동,미방문,
한일철물점,서울특별시 강서구,철물점,,서울특별시 강서구 강서로 143,,G21001 / 화곡1동,미방문,
현대철물전기,서울특별시 송파구,철물점,,서울특별시 송파구 토성로 27,,G21201 / 풍납2동,미방문,
신아철물,서울특별시 금천구,철물점,,서울특별시 금천구 시흥대로30길 12,,G21001 / 시흥3동,미방문,
제일철물,서울특별시 종로구,철물점,,서울특별시 종로구 자하문로 60,,G21001 / 청운효자동,미방문,
세화철물,서울특별시 양천구,철물점,,서울특별시 양천구 목동중앙남로 30,,G21001 / 목4동,미방문,
성화철물,서울특별시 중랑구,철물점,,서울특별시 중랑구 중랑역로 141,,G21001 / 묵2동,미방문,
연건재건축사사무소,서울특별시 강남구,건자재점,,서울특별시 강남구 논현로10길 30,,M10901 / 개포4동,미방문,
협진철물,서울특별시 강동구,철물점,,서울특별시 강동구 천중로32길 8,,G21001 / 천호3동,미방문,
삼성철물,서울특별시 마포구,철물점,,서울특별시 마포구 망원로7길 6,,G21001 / 망원2동,미방문,
둔촌공업사,서울특별시 강동구,공구점,,서울특별시 강동구 양재대로96길 11,,S20301 / 둔촌2동,미방문,
선경철물,서울특별시 양천구,철물점,,서울특별시 양천구 중앙로52길 6,,G21001 / 신정4동,미방문,
종합전기철물보수,서울특별시 중구,철물점,,서울특별시 중구 청구로 53-1,,S20699 / 청구동,미방문,
원철물,서울특별시 관악구,철물점,,서울특별시 관악구 국회단지길 30,,G21001 / 은천동,미방문,
수도철물,서울특별시 관악구,철물점,,서울특별시 관악구 장군봉2길 2,,G20701 / 청룡동,미방문,
현대전기철물,서울특별시 종로구,철물점,,서울특별시 종로구 대학로11길 49,,G21001 / 혜화동,미방문,
대성철물,서울특별시 도봉구,철물점,,서울특별시 도봉구 노해로 271,,G21001 / 창5동,미방문,
증산제일공업사,서울특별시 은평구,공구점,,서울특별시 은평구 증산로 427,,S20301 / 신사1동,미방문,
신진철물상사,서울특별시 영등포구,철물점,,서울특별시 영등포구 영등포로53길 23,,G21001 / 영등포동,미방문,
명성공업사,서울특별시 중구,공구점,,서울특별시 중구 퇴계로50길 16,,S20301 / 필동,미방문,
동일철물,서울특별시 노원구,철물점,,서울특별시 노원구 동일로195길 8,,G21001 / 공릉1동,미방문,
서초오토공업사,서울특별시 서초구,공구점,,서울특별시 서초구 서초대로62길 13,,S20301 / 서초1동,미방문,
현대철물,서울특별시 중랑구,철물점,,서울특별시 중랑구 망우로 260,,G21001 / 상봉2동,미방문,
효성공업사,서울특별시 송파구,공구점,,서울특별시 송파구 송이로21길 40,,S20301 / 가락본동,미방문,
유신철물,서울특별시 용산구,철물점,,서울특별시 용산구 두텁바위로37길 13,,G21001 / 후암동,미방문,
팔팔공업사,서울특별시 관악구,공구점,,서울특별시 관악구 봉천로 337,,S20301 / 은천동,미방문,
정우철물건재,서울특별시 구로구,건자재점,,서울특별시 구로구 고척로 218,,G21001 / 고척2동,미방문,
대림철물,서울특별시 도봉구,철물점,,서울특별시 도봉구 덕릉로63길 88,,G21001 / 창2동,미방문,
동아철물,서울특별시 성북구,철물점,,서울특별시 성북구 성북로8길 3,,G21001 / 성북동,미방문,
한승철물,서울특별시 양천구,철물점,,서울특별시 양천구 중앙로46길 45,,G21001 / 신정4동,미방문,
충남철물,서울특별시 중구,철물점,,서울특별시 중구 마장로 81,,G21001 / 황학동,미방문,
가락공업사,서울특별시 송파구,공구점,,서울특별시 송파구 양재대로 932,,S20301 / 가락1동,미방문,
전기철물,서울특별시 강동구,철물점,,서울특별시 강동구 올림픽로 766,,G21001 / 천호2동,미방문,
강남철물,서울특별시 강남구,철물점,,서울특별시 강남구 도산대로 126-12,,G21001 / 논현1동,미방문,
성신건재,서울특별시 성북구,건자재점,,서울특별시 성북구 돌곶이로 9,,G21099 / 석관동,미방문,
대영철물건재,서울특별시 강북구,건자재점,,서울특별시 강북구 도봉로30길 34,,G21001 / 송중동,미방문,
삼화건재철물,서울특별시 광진구,건자재점,,서울특별시 광진구 동일로18길 19,,G21001 / 자양4동,미방문,
대진철물,서울특별시 동작구,철물점,,서울특별시 동작구 장승배기로 123-6,,G21001 / 노량진2동,미방문,
대연철물,서울특별시 중랑구,철물점,,서울특별시 중랑구 봉화산로56길 69,,G21001 / 신내1동,미방문,
동부철물,서울특별시 광진구,철물점,,서울특별시 광진구 광나루로 360,,G21001 / 화양동,미방문,
충신철물,서울특별시 종로구,철물점,,서울특별시 종로구 종로41길 41,,G21001 / 종로5.6가동,미방문,
상현철물,서울특별시 구로구,철물점,,서울특별시 구로구 구로동로15길 21,,G20803 / 구로2동,미방문,
진풍건재,서울특별시 용산구,건자재점,,서울특별시 용산구 신흥로16길 5,,S20699 / 용산2가동,미방문,
쌍둥이카정비공업사,서울특별시 영등포구,공구점,,서울특별시 영등포구 양평로28길 34,,S20301 / 양평2동,미방문,
삼화철물,서울특별시 중구,철물점,,서울특별시 중구 수표로 58,,G21001 / 을지로동,미방문,
신성카공업사,서울특별시 동대문구,공구점,,서울특별시 동대문구 사가정로 20,,S20301 / 답십리1동,미방문,
현대그린공업사,서울특별시 동작구,공구점,,서울특별시 동작구 등용로 94,,S20301 / 대방동,미방문,
산채철물,서울특별시 서대문구,철물점,,서울특별시 서대문구 경기대로 37,,G21001 / 충현동,미방문,
대성공업사,서울특별시 마포구,공구점,,서울특별시 마포구 환일길 44,,S20301 / 공덕동,미방문,
한일철물인테리어,서울특별시 양천구,건자재점,,서울특별시 양천구 곰달래로5길 20-1,,G21001 / 신월1동,미방문,
88종합인테리어철물건재,서울특별시 동작구,건자재점,,서울특별시 동작구 사당로10길 18,,G21001 / 사당5동,미방문,
중부철물,서울특별시 중구,철물점,,서울특별시 중구 마른내로2길 35,,G21001 / 필동,미방문,
성내철물점,서울특별시 강동구,철물점,,서울특별시 강동구 풍성로 150,,G21001 / 성내1동,미방문,
호남공업사,서울특별시 중랑구,공구점,,서울특별시 중랑구 상봉중앙로5길 16,,G21001 / 상봉1동,미방문,
오복철물,서울특별시 동대문구,철물점,,서울특별시 동대문구 홍릉로5길 6,,G21001 / 청량리동,미방문,
한진철물,서울특별시 금천구,철물점,,서울특별시 금천구 독산로32길 5,,G21001 / 시흥4동,미방문,
금성철물,서울특별시 동대문구,철물점,,서울특별시 동대문구 홍릉로 46,,G21001 / 청량리동,미방문,
철물전,서울특별시 성북구,철물점,,서울특별시 성북구 동소문로18길 17-3,,G21001 / 삼선동,미방문,
금성철물점,서울특별시 서초구,철물점,,서울특별시 서초구 강남대로69길 11,,G21001 / 서초4동,미방문,
광운카공업사,서울특별시 강북구,공구점,,서울특별시 강북구 수유로 66,,S20301 / 인수동,미방문,
거부철물건재,서울특별시 광진구,건자재점,,서울특별시 광진구 긴고랑로 29,,G21001 / 중곡1동,미방문,
유원건재사,서울특별시 성북구,건자재점,,서울특별시 성북구 삼선교로14길 4,,G21001 / 삼선동,미방문,
동부카공업사,서울특별시 광진구,공구점,,서울특별시 광진구 동일로 374,,S20301 / 중곡1동,미방문,
오스카철물,서울특별시 동대문구,철물점,,서울특별시 동대문구 천호대로29길 69,,G21001 / 용두동,미방문,
대신철물,서울특별시 광진구,철물점,,서울특별시 광진구 아차산로65길 9,,G21001 / 구의3동,미방문,
서울전기.철물,서울특별시 강북구,철물점,,서울특별시 강북구 도봉로67길 80,,G21201 / 삼양동,미방문,
화성인테리어，철물,서울특별시 서대문구,건자재점,,서울특별시 서대문구 거북골로 207,,G21001 / 북가좌1동,미방문,
현대철물점,서울특별시 도봉구,철물점,,서울특별시 도봉구 방학로3길 116,,G21001 / 쌍문2동,미방문,
동남공업사,서울특별시 성동구,공구점,,서울특별시 성동구 연무장길 65,,S20301 / 성수2가3동,미방문,
오성철물,서울특별시 마포구,철물점,,서울특별시 마포구 고산길 148,,G21001 / 대흥동,미방문,
동일종합철물,서울특별시 강북구,철물점,,서울특별시 강북구 수유로 42,,G21001 / 인수동,미방문,
대성전기철물,서울특별시 금천구,철물점,,서울특별시 금천구 시흥대로94길 52,,G21201 / 독산2동,미방문,
새롬철물,서울특별시 강남구,철물점,,서울특별시 강남구 남부순환로359길 35,,S20699 / 도곡1동,미방문,
한국철물공구종합상사,서울특별시 노원구,철물점,,서울특별시 노원구 덕릉로 822,,G21201 / 상계3.4동,미방문,
매니아카정비공업사,서울특별시 은평구,공구점,,서울특별시 은평구 갈현로 146-1,,S20301 / 구산동,미방문,
대성공업사,서울특별시 영등포구,공구점,,서울특별시 영등포구 경인로71길 60,,S20301 / 문래동,미방문,
동양유리철물,서울특별시 강동구,건자재점,,서울특별시 강동구 암사길 47,,G21001 / 암사1동,미방문,
현대카공업사세차,서울특별시 구로구,공구점,,서울특별시 구로구 오리로 1282,,S20301 / 수궁동,미방문,
행운철물,서울특별시 중랑구,철물점,,서울특별시 중랑구 봉우재로5길 5,,G21001 / 면목2동,미방문,
신용카공업사,서울특별시 노원구,공구점,,서울특별시 노원구 화랑로 419-40,,S20301 / 공릉1동,미방문,
유성전기철물,서울특별시 관악구,철물점,,서울특별시 관악구 남부순환로161길 16,,G21001 / 신사동,미방문,
명수공업사,서울특별시 동작구,공구점,,서울특별시 동작구 서달로15길 7,,S20301 / 흑석동,미방문,
동방전기철물,서울특별시 관악구,철물점,,서울특별시 관악구 봉천로 611-1,,G21201 / 인헌동,미방문,
수서철물,서울특별시 강남구,철물점,,서울특별시 강남구 광평로 228,,G21001 / 수서동,미방문,
디씨철물,서울특별시 동대문구,철물점,,서울특별시 동대문구 고미술로 49,,G21001 / 답십리1동,미방문,
오토월드공업사,서울특별시 서초구,공구점,,서울특별시 서초구 방배중앙로 90,,S20301 / 방배4동,미방문,
평화철물건재,서울특별시 동대문구,건자재점,,서울특별시 동대문구 회기로 159,,G21001 / 회기동,미방문,
디지털정비공업사,서울특별시 관악구,공구점,,서울특별시 관악구 시흥대로 532,,S20301 / 조원동,미방문,
범양철물,서울특별시 성북구,철물점,,서울특별시 성북구 정릉로 402-16,,G21001 / 돈암1동,미방문,
문화철물,서울특별시 서대문구,철물점,,서울특별시 서대문구 세검정로 9,,G21001 / 홍은1동,미방문,
믿음카공업사,서울특별시 중랑구,공구점,,서울특별시 중랑구 봉우재로 104,,S20301 / 면목2동,미방문,
형제철물,서울특별시 강북구,철물점,,서울특별시 강북구 삼각산로 123-1,,G21001 / 수유2동,미방문,
청해철물,서울특별시 종로구,철물점,,서울특별시 종로구 창신5나길 18,,G21001 / 창신2동,미방문,
가흥건재철물,서울특별시 관악구,건자재점,,서울특별시 관악구 관악로 211,,G21001 / 중앙동,미방문,
삼흥철물,서울특별시 종로구,철물점,,서울특별시 종로구 혜화로 5,,G21001 / 혜화동,미방문,
삼일건재,서울특별시 동작구,건자재점,,서울특별시 동작구 사당로 184,,G21001 / 사당5동,미방문,
동방철물건재,서울특별시 서초구,건자재점,,서울특별시 서초구 방배로13길 7,,G21001 / 방배1동,미방문,
상호건재,서울특별시 동대문구,건자재점,,서울특별시 동대문구 서울시립대로12길 47,,G21099 / 전농1동,미방문,
부성철물,서울특별시 은평구,철물점,,서울특별시 은평구 은평터널로 193,,G21001 / 신사2동,미방문,
삼성건재,서울특별시 동대문구,건자재점,,서울특별시 동대문구 사가정로2길 94,,G21099 / 답십리1동,미방문,
현대철물,서울특별시 중랑구,철물점,,서울특별시 중랑구 봉우재로5길 15,,G21001 / 면목2동,미방문,
극동공업사,서울특별시 성동구,공구점,,서울특별시 성동구 광나루로6길 5,,S20301 / 성수2가3동,미방문,
하나건재철물,서울특별시 강남구,건자재점,,서울특별시 강남구 논현로150길 36,,G21001 / 논현2동,미방문,
서서울공업사,서울특별시 강서구,공구점,,서울특별시 강서구 강서로 527,,S20301 / 가양1동,미방문,
강원철물,서울특별시 광진구,철물점,,서울특별시 광진구 능동로29길 22,,G21001 / 군자동,미방문,
인화종합건재,서울특별시 중랑구,건자재점,,서울특별시 중랑구 망우로71길 45,,G21001 / 망우본동,미방문,
합동철물설비,서울특별시 성동구,철물점,,서울특별시 성동구 아차산로13길 37,,G20404 / 성수2가3동,미방문,
상일철물,서울특별시 노원구,철물점,,서울특별시 노원구 동일로 1621,,G21001 / 상계1동,미방문,
대광전기철물,서울특별시 은평구,철물점,,서울특별시 은평구 갈현로 224,,G21201 / 갈현2동,미방문,
시장철물,서울특별시 성북구,철물점,,서울특별시 성북구 고려대로2길 34,,G21001 / 보문동,미방문,
은성전기철물,서울특별시 중랑구,철물점,,서울특별시 중랑구 동일로130길 50,,G21001 / 중화1동,미방문,
동양철물건재,서울특별시 강동구,건자재점,,서울특별시 강동구 성안로 59,,G21001 / 성내1동,미방문,
한국철물,서울특별시 강남구,철물점,,서울특별시 강남구 강남대로 520,,G21001 / 논현1동,미방문,
남광카공업사,서울특별시 양천구,공구점,,서울특별시 양천구 안양천로 657,,S20301 / 신정7동,미방문,
영신철물,서울특별시 관악구,철물점,,서울특별시 관악구 난우길 32-1,,G21001 / 미성동,미방문,
한미카공업사,서울특별시 마포구,공구점,,서울특별시 마포구 효창원로98길 4-18,,S20302 / 공덕동,미방문,
화성철물,서울특별시 광진구,철물점,,서울특별시 광진구 뚝섬로52가길 6,,G21001 / 자양2동,미방문,
천호철물,서울특별시 광진구,철물점,,서울특별시 광진구 천호대로125길 45,,G21001 / 중곡2동,미방문,
신우배관철물,서울특별시 강동구,철물점,,서울특별시 강동구 천중로35길 97,,G21001 / 천호1동,미방문,
강서전기철물,서울특별시 양천구,철물점,,서울특별시 양천구 남부순환로40길 61,,G21001 / 신월3동,미방문,
관포철물,서울특별시 노원구,철물점,,서울특별시 노원구 동일로 1651,,G21001 / 상계1동,미방문,
동해설비공업사,서울특별시 영등포구,공구점,,서울특별시 영등포구 대림로44길 25,,S20601 / 대림3동,미방문,
공주철물,서울특별시 양천구,철물점,,서울특별시 양천구 목동동로14길 10-1,,G21001 / 목1동,미방문,
대성건재,서울특별시 성동구,건자재점,,서울특별시 성동구 상원길 11,,G21001 / 성수1가2동,미방문,
로타리건재,서울특별시 구로구,건자재점,,서울특별시 구로구 신도림로11길 8-3,,G21099 / 신도림동,미방문,
제일철물,서울특별시 서초구,철물점,,서울특별시 서초구 남부순환로347길 54,,G21001 / 서초2동,미방문,
강동전기철물,서울특별시 강동구,철물점,,서울특별시 강동구 고덕로38길 27,,G21001 / 명일1동,미방문,
일신건재철물,서울특별시 송파구,건자재점,,서울특별시 송파구 송이로23길 52-5,,G21001 / 가락2동,미방문,
강남철물건재상사,서울특별시 강남구,건자재점,,서울특별시 강남구 역삼로70길 10,,G21001 / 대치4동,미방문,
교남그린공업사,서울특별시 종로구,공구점,,서울특별시 종로구 경교장1길 13,,S20301 / 교남동,미방문,
형제철물점,서울특별시 동작구,철물점,,서울특별시 동작구 동작대로11길 102,,G21001 / 사당1동,미방문,
성길철물건재,서울특별시 서초구,건자재점,,서울특별시 서초구 마방로6길 43,,G21001 / 양재2동,미방문,
성광전기철물,서울특별시 동작구,철물점,,서울특별시 동작구 상도로47길 10,,G21001 / 상도1동,미방문,
성심종합기계공구,서울특별시 성북구,공구점,,서울특별시 성북구 화랑로 287,,G21001 / 장위2동,미방문,
창원철물,서울특별시 중랑구,철물점,,서울특별시 중랑구 용마산로 330,,G21001 / 면목3.8동,미방문,
유림철물건재,서울특별시 송파구,건자재점,,서울특별시 송파구 풍성로16길 8-1,,G21001 / 풍납2동,미방문,
수원전기철물,서울특별시 광진구,철물점,,서울특별시 광진구 천호대로112길 42,,G21001 / 능동,미방문,
부흥철물,서울특별시 송파구,철물점,,서울특별시 송파구 마천로51가길 24,,G21001 / 마천2동,미방문,
일광철물,서울특별시 영등포구,철물점,,서울특별시 영등포구 도신로48길 8,,G21001 / 신길4동,미방문,
서원철물,서울특별시 도봉구,철물점,,서울특별시 도봉구 도봉산3길 72,,G21001 / 도봉1동,미방문,
유성철물,서울특별시 강동구,철물점,,서울특별시 강동구 올림픽로 738,,G21001 / 천호2동,미방문,
신우정비공업사,서울특별시 은평구,공구점,,서울특별시 은평구 진흥로 68,,S20301 / 녹번동,미방문,
우진카공업사,서울특별시 용산구,공구점,,서울특별시 용산구 한강대로15길 39,,S20301 / 한강로동,미방문,
태화건재,서울특별시 서초구,건자재점,,서울특별시 서초구 사평대로 335,,G21001 / 반포1동,미방문,
대동철물,서울특별시 성북구,철물점,,서울특별시 성북구 보문로13다길 7,,G21201 / 보문동,미방문,
나리철물,서울특별시 성북구,철물점,,서울특별시 성북구 고려대로1길 19,,G21001 / 보문동,미방문,
경북건재,서울특별시 은평구,건자재점,,서울특별시 은평구 불광로 65,,G21099 / 불광1동,미방문,
중앙철물건재,서울특별시 관악구,건자재점,,서울특별시 관악구 신림로 124,,G21001 / 서림동,미방문,
삼거리철물설비,서울특별시 용산구,철물점,,서울특별시 용산구 서빙고로91나길 116,,G21001 / 서빙고동,미방문,
상계공업사,서울특별시 노원구,공구점,,서울특별시 노원구 동일로242가길 7,,S20301 / 상계1동,미방문,
남문건축자재,서울특별시 관악구,건자재점,,서울특별시 관악구 시흥대로 546,,G21003 / 조원동,미방문,
대성철물점,서울특별시 종로구,철물점,,서울특별시 종로구 종로31길 28,,G21001 / 종로5.6가동,미방문,
동양철물,서울특별시 도봉구,철물점,,서울특별시 도봉구 도봉로169나길 39,,G21201 / 도봉1동,미방문,
현대철물,서울특별시 관악구,철물점,,서울특별시 관악구 신원로 10,,G21001 / 신원동,미방문,
영민철물,서울특별시 마포구,철물점,,서울특별시 마포구 효창목길 7,,G21001 / 공덕동,미방문,
디자인철물장식,서울특별시 송파구,철물점,,서울특별시 송파구 동남로 318,,G21001 / 오금동,미방문,
유진철물,서울특별시 강동구,철물점,,서울특별시 강동구 구천면로33길 35,,G21001 / 천호2동,미방문,
이화건축자재,서울특별시 광진구,건자재점,,서울특별시 광진구 능동로13길 66,,G21001 / 화양동,미방문,
럭키철물,서울특별시 성동구,철물점,,서울특별시 성동구 사근동길 32-1,,G21001 / 사근동,미방문,
송정철물,서울특별시 성동구,철물점,,서울특별시 성동구 광나루로11길 12-1,,G21001 / 송정동,미방문,
한솔전기철물,서울특별시 은평구,철물점,,서울특별시 은평구 가좌로7길 29,,G21001 / 응암3동,미방문,
금성카공업사,서울특별시 도봉구,공구점,,서울특별시 도봉구 우이천로 148,,S20301 / 창3동,미방문,
대원철물,서울특별시 동대문구,철물점,,서울특별시 동대문구 장한로23길 11-4,,G21001 / 장안1동,미방문,
시온공업사,서울특별시 동대문구,공구점,,서울특별시 동대문구 한천로 442-1,,S20301 / 이문2동,미방문,
동명전기.철물,서울특별시 종로구,철물점,,서울특별시 종로구 성균관로6길 3,,G21001 / 혜화동,미방문,
하늘공업사,서울특별시 성동구,공구점,,서울특별시 성동구 마장로35길 38,,G21305 / 마장동,미방문,
한국종합건재,서울특별시 중랑구,건자재점,,서울특별시 중랑구 봉우재로 19,,G21001 / 면목2동,미방문,
지원철물,서울특별시 구로구,철물점,,서울특별시 구로구 남부순환로105길 166,,G21001 / 가리봉동,미방문,
종문철물,서울특별시 동작구,철물점,,서울특별시 동작구 서달로 158,,G21001 / 흑석동,미방문,
동성철물유리,서울특별시 서초구,건자재점,,서울특별시 서초구 논현로31길 41,,G21001 / 양재1동,미방문,
광신철물,서울특별시 성북구,철물점,,서울특별시 성북구 오패산로3길 127,,G21001 / 월곡1동,미방문,
일성철물,서울특별시 강동구,철물점,,서울특별시 강동구 천중로17길 37,,G21001 / 천호2동,미방문,
중랑철물,서울특별시 중랑구,철물점,,서울특별시 중랑구 면목로33길 23,,G21001 / 면목4동,미방문,
미래건재,서울특별시 성북구,건자재점,,서울특별시 성북구 돌곶이로39길 13,,G21001 / 장위1동,미방문,
진영종합설비철물,서울특별시 성북구,철물점,,서울특별시 성북구 서경로11길 1,,S20699 / 정릉2동,미방문,
주양철물,서울특별시 강동구,철물점,,서울특별시 강동구 고덕로 240,,G21001 / 명일2동,미방문,
개미카공업사,서울특별시 성동구,공구점,,서울특별시 성동구 자동차시장1길 32,,S20301 / 용답동,미방문,
안성철물건재,서울특별시 성동구,건자재점,,서울특별시 성동구 독서당로51길 27,,G21001 / 금호1가동,미방문,
부성건재철물,서울특별시 성동구,건자재점,,서울특별시 성동구 동일로 215,,G21001 / 송정동,미방문,
창성철물공구,서울특별시 송파구,철물점,,서울특별시 송파구 문정로 253,,G21001 / 오금동,미방문,
삼성전기철물,서울특별시 강남구,철물점,,서울특별시 강남구 일원로3길 55,,G21001 / 일원1동,미방문,
마하나임카공업사,서울특별시 노원구,공구점,,서울특별시 노원구 화랑로45길 26,,S20301 / 월계3동,미방문,
동부건재.철물,서울특별시 강남구,건자재점,,서울특별시 강남구 언주로 317,,G21001 / 역삼2동,미방문,
철물건재,서울특별시 강북구,건자재점,,서울특별시 강북구 한천로129길 29,,G21001 / 번1동,미방문,
대신아트철물점,서울특별시 용산구,철물점,,서울특별시 용산구 이촌로 69-1,,G21001 / 이촌2동,미방문,
성진철물,서울특별시 송파구,철물점,,서울특별시 송파구 동남로8길 16,,G21001 / 문정1동,미방문,
쌍용건재,서울특별시 중랑구,건자재점,,서울특별시 중랑구 동일로99길 51,,G21001 / 면목2동,미방문,
평화철물,서울특별시 관악구,철물점,,서울특별시 관악구 남현길 30,,G21001 / 남현동,미방문,
삼성철물,서울특별시 관악구,철물점,,서울특별시 관악구 난곡로63가길 37,,G21001 / 미성동,미방문,
왕산종합건재,서울특별시 마포구,건자재점,,서울특별시 마포구 망원로 3,,G21001 / 망원2동,미방문,
형석그린카공업사,서울특별시 도봉구,공구점,,서울특별시 도봉구 도봉로169나길 52,,S20301 / 도봉1동,미방문,
대륙공업사,서울특별시 성동구,공구점,,서울특별시 성동구 광나루로 184,,S20301 / 성수1가2동,미방문,
한양철물전기,서울특별시 강동구,철물점,,서울특별시 강동구 천중로51길 69,,G21001 / 길동,미방문,
은혜철물건재,서울특별시 중랑구,건자재점,,서울특별시 중랑구 중랑역로 189-1,,G21001 / 묵2동,미방문,
태성공업사,서울특별시 영등포구,공구점,,서울특별시 영등포구 영등포로13길 4,,S20301 / 양평1동,미방문,
신영전기철물,서울특별시 은평구,철물점,,서울특별시 은평구 은평터널로 145,,G21001 / 신사2동,미방문,
동아목공철물,서울특별시 관악구,철물점,,서울특별시 관악구 조원로 71,,G21001 / 조원동,미방문,
합동철물,서울특별시 관악구,철물점,,서울특별시 관악구 조원중앙로1길 70,,G21001 / 조원동,미방문,
덕성철물,서울특별시 구로구,철물점,,서울특별시 구로구 경인로33바길 16,,G21001 / 개봉1동,미방문,
충남건재,서울특별시 관악구,건자재점,,서울특별시 관악구 신원로 40-19,,G20701 / 서원동,미방문,
금강철물누수탐지하수구,서울특별시 양천구,철물점,,서울특별시 양천구 은행정로 74,,G21001 / 신정4동,미방문,
창남철물,서울특별시 강서구,철물점,,서울특별시 강서구 방화동로 71-1,,G21001 / 방화2동,미방문,
동성철물,서울특별시 강남구,철물점,,서울특별시 강남구 역삼로 420,,G21001 / 대치4동,미방문,
동양건재,서울특별시 관악구,건자재점,,서울특별시 관악구 중앙1길 3,,G21001 / 중앙동,미방문,
그린철물설비,서울특별시 강서구,철물점,,서울특별시 강서구 양천로26길 26,,G21001 / 방화1동,미방문,
현대공업사,서울특별시 강서구,공구점,,서울특별시 강서구 강서로74길 30,,S20301 / 등촌3동,미방문,
시장철물,서울특별시 관악구,철물점,,서울특별시 관악구 원신길 76,,G21001 / 삼성동,미방문,
강남철물,서울특별시 강남구,철물점,,서울특별시 강남구 학동로30길 5,,G21001 / 논현2동,미방문,
일원철물,서울특별시 강남구,철물점,,서울특별시 강남구 일원로5길 46,,G21001 / 일원1동,미방문,
이천철물,서울특별시 송파구,철물점,,서울특별시 송파구 마천로7가길 5,,G21001 / 오금동,미방문,
재희카공업사,서울특별시 강동구,공구점,,서울특별시 강동구 천중로 170,,S20301 / 길동,미방문,
한성카공업사,서울특별시 노원구,공구점,,서울특별시 노원구 한글비석로1길 53,,S20301 / 하계1동,미방문,
경일철물,서울특별시 성동구,철물점,,서울특별시 성동구 둘레3길 17,,G21001 / 성수1가1동,미방문,
삼진그랜드건재건설,서울특별시 구로구,건자재점,,서울특별시 구로구 연동로13길 13,,G21001 / 항동,미방문,
연화철물,서울특별시 서대문구,철물점,,서울특별시 서대문구 수색로 134,,G21001 / 북가좌1동,미방문,
축복철물,서울특별시 은평구,철물점,,서울특별시 은평구 갈현로11길 15,,G21001 / 역촌동,미방문,
정릉철물,서울특별시 성북구,철물점,,서울특별시 성북구 보국문로11길 37,,G21001 / 정릉3동,미방문,
진흥건재,서울특별시 성북구,건자재점,,서울특별시 성북구 보문로 90-1,,G21099 / 보문동,미방문,
금성철물,서울특별시 광진구,철물점,,서울특별시 광진구 아차산로51길 66,,G21001 / 구의1동,미방문,
하늘철물,서울특별시 서초구,철물점,,서울특별시 서초구 서초중앙로26길 18,,G21001 / 서초4동,미방문,
종합철물,서울특별시 노원구,철물점,,서울특별시 노원구 상계로12길 53,,S20699 / 상계2동,미방문,
경북건재,서울특별시 용산구,건자재점,,서울특별시 용산구 보광로 72,,G21001 / 보광동,미방문,
경남철물건재,서울특별시 용산구,건자재점,,서울특별시 용산구 우사단로4라길 8,,G21001 / 보광동,미방문,
동남건재상회,서울특별시 용산구,건자재점,,서울특별시 용산구 새창로 120,,G21099 / 용문동,미방문,
부성건재,서울특별시 동대문구,건자재점,,서울특별시 동대문구 무학로 128,,G21001 / 용두동,미방문,
진양종합철물,서울특별시 도봉구,철물점,,서울특별시 도봉구 마들로 684-19,,G21001 / 도봉2동,미방문,
대신철물,서울특별시 강남구,철물점,,서울특별시 강남구 양재대로55길 29,,G21001 / 일원1동,미방문,
현대철물,서울특별시 구로구,철물점,,서울특별시 구로구 오류로 66,,G21001 / 오류2동,미방문,
김박사전기철물,서울특별시 강서구,철물점,,서울특별시 강서구 곰달래로25길 25,,G21001 / 화곡8동,미방문,
대원철물,서울특별시 광진구,철물점,,서울특별시 광진구 능동로48길 36,,G21001 / 중곡2동,미방문,
동의철물건재,서울특별시 광진구,건자재점,,서울특별시 광진구 자양로 317-1,,G21001 / 구의2동,미방문,
만물철물공구,서울특별시 도봉구,철물점,,서울특별시 도봉구 마들로 705,,G21001 / 도봉2동,미방문,
충남설비인테리어;철물,서울특별시 양천구,건자재점,,서울특별시 양천구 남부순환로40가길 2,,M11201 / 신월3동,미방문,
현대카공업사,서울특별시 송파구,공구점,,서울특별시 송파구 한가람로 476,,S20301 / 풍납1동,미방문,
명진철물,서울특별시 도봉구,철물점,,서울특별시 도봉구 도당로13길 59,,G21001 / 방학2동,미방문,
중앙건재,서울특별시 동작구,건자재점,,서울특별시 동작구 노량진로6길 42,,G21001 / 노량진2동,미방문,
휘경카－공업사,서울특별시 양천구,공구점,,서울특별시 양천구 중앙로32길 79,,S20301 / 신정1동,미방문,
연흥공업사,서울특별시 양천구,공구점,,서울특별시 양천구 화곡로 34,,S20301 / 신월3동,미방문,
충남철물,서울특별시 양천구,철물점,,서울특별시 양천구 지양로 60,,G21001 / 신월7동,미방문,
오성철물,서울특별시 마포구,철물점,,서울특별시 마포구 만리재옛길 5,,G21001 / 공덕동,미방문,
대신철물,서울특별시 동작구,철물점,,서울특별시 동작구 보라매로 59,,G21201 / 신대방2동,미방문,
창신철물,서울특별시 영등포구,철물점,,서울특별시 영등포구 가마산로 378,,G21001 / 대림3동,미방문,
성수공업사,서울특별시 용산구,공구점,,서울특별시 용산구 임정로 5,,S20301 / 효창동,미방문,
신영철물,서울특별시 마포구,철물점,,서울특별시 마포구 월드컵북로16길 57,,G21001 / 연남동,미방문,
무림철물,서울특별시 노원구,철물점,,서울특별시 노원구 동일로 1672,,G21001 / 상계1동,미방문,
성실철물,서울특별시 동작구,철물점,,서울특별시 동작구 장승배기로27길 29,,G21001 / 노량진2동,미방문,
숭미공업사,서울특별시 도봉구,공구점,,서울특별시 도봉구 노해로 157,,S20301 / 쌍문1동,미방문,
경원철물건재,서울특별시 강서구,건자재점,,서울특별시 강서구 양천로 489,,G21001 / 가양2동,미방문,
현대철물열쇠,서울특별시 강서구,철물점,,서울특별시 강서구 양천로69길 19,,G21001 / 염창동,미방문,
신광철물,서울특별시 영등포구,철물점,,서울특별시 영등포구 영등포로5길 33,,G21001 / 양평1동,미방문,
수도철물,서울특별시 영등포구,철물점,,서울특별시 영등포구 신풍로 42,,G21001 / 신길6동,미방문,
대진철물,서울특별시 영등포구,철물점,,서울특별시 영등포구 선유동1로 4,,G21001 / 당산1동,미방문,
시민전기철물,서울특별시 구로구,철물점,,서울특별시 구로구 경인로35길 94-2,,G21001 / 고척2동,미방문,
대성철물,서울특별시 동작구,철물점,,서울특별시 동작구 동작대로33가길 24,,G21001 / 사당2동,미방문,
형제정비공업사,서울특별시 관악구,공구점,,서울특별시 관악구 쑥고개로 78,,S20301 / 청룡동,미방문,
유성철물건재,서울특별시 은평구,건자재점,,서울특별시 은평구 증산서길 97,,G21001 / 증산동,미방문,
대성설비철물,서울특별시 관악구,철물점,,서울특별시 관악구 신림동길 44,,G21001 / 신림동,미방문,
동도철물,서울특별시 강남구,철물점,,서울특별시 강남구 선릉로129길 11,,G21001 / 논현2동,미방문,
대림방수철물,서울특별시 강북구,철물점,,서울특별시 강북구 솔샘로 335,,G21099 / 송천동,미방문,
우제농자재주,서울특별시 송파구,농자재점,,서울특별시 송파구 올림픽로47길 15,,M10703 / 풍납2동,미방문,
삼원건재,서울특별시 광진구,건자재점,,서울특별시 광진구 동일로28길 68-10,,M10901 / 화양동,미방문,
대성종합건재철물,서울특별시 성북구,건자재점,,서울특별시 성북구 정릉로 318,,G21001 / 정릉1동,미방문,
조운철물,서울특별시 서대문구,철물점,,서울특별시 서대문구 포방터길 65,,G21001 / 홍은1동,미방문,
동신철물,서울특별시 송파구,철물점,,서울특별시 송파구 거마로22길 20,,G21001 / 마천2동,미방문,
남문건재사,서울특별시 마포구,건자재점,,서울특별시 마포구 환일1길 7,,G21001 / 공덕동,미방문,
눅거리철물,서울특별시 양천구,철물점,,서울특별시 양천구 화곡로3길 10,,G21001 / 신월5동,미방문,
현대건재,서울특별시 도봉구,건자재점,,서울특별시 도봉구 방학로 111-1,,G21099 / 방학1동,미방문,
대성건재,서울특별시 중구,건자재점,,서울특별시 중구 청구로 87,,G21001 / 다산동,미방문,
원일철물,서울특별시 성북구,철물점,,서울특별시 성북구 돌곶이로 42,,G21001 / 석관동,미방문,
중앙철물,서울특별시 동작구,철물점,,서울특별시 동작구 양녕로 187,,G21001 / 상도4동,미방문,
유광전기철물,서울특별시 동대문구,철물점,,서울특별시 동대문구 한천로 89,,G21201 / 답십리2동,미방문,
철물,서울특별시 광진구,철물점,,서울특별시 광진구 아차산로 348,,G21001 / 자양1동,미방문,
영광철물설비,서울특별시 중랑구,철물점,,서울특별시 중랑구 겸재로15길 55,,G21001 / 면목2동,미방문,
대원카공업사,서울특별시 강서구,공구점,,서울특별시 강서구 양천로 410,,S20301 / 등촌3동,미방문,
문화철물,서울특별시 중구,철물점,,서울특별시 중구 청구로 112,,G21001 / 신당동,미방문,
한진철물,서울특별시 송파구,철물점,,서울특별시 송파구 가락로 79,,G21001 / 석촌동,미방문,
고덕철물건재,서울특별시 강동구,건자재점,,서울특별시 강동구 동남로85길 63,,G21001 / 고덕1동,미방문,
지혜철물,서울특별시 성북구,철물점,,서울특별시 성북구 보문로29길 1,,G21001 / 보문동,미방문,
희망철물인테리어,서울특별시 강동구,건자재점,,서울특별시 강동구 풍성로65길 72,,G21001 / 둔촌2동,미방문,
태흥카공업사,서울특별시 노원구,공구점,,서울특별시 노원구 섬밭로 66,,S20301 / 공릉1동,미방문,
세종철물,서울특별시 성동구,철물점,,서울특별시 성동구 청계천로 494,,G21001 / 왕십리도선동,미방문,
순흥공업사,서울특별시 동대문구,공구점,,서울특별시 동대문구 한천로2길 27-3,,S20301 / 장안1동,미방문,
성일철물,서울특별시 노원구,철물점,,서울특별시 노원구 광운로 49,,G21001 / 월계1동,미방문,
한양철물,서울특별시 강남구,철물점,,서울특별시 강남구 역삼로63길 13,,G21001 / 대치4동,미방문,
광명철물건재,서울특별시 동대문구,건자재점,,서울특별시 동대문구 망우로 79,,G21001 / 휘경1동,미방문,
굿모닝공업사,서울특별시 동대문구,공구점,,서울특별시 동대문구 답십리로58길 31,,S20301 / 답십리2동,미방문,
동인철물,서울특별시 송파구,철물점,,서울특별시 송파구 백제고분로32길 26,,G21001 / 삼전동,미방문,
송천종합건재,서울특별시 강북구,건자재점,,서울특별시 강북구 도봉로13길 63,,G21099 / 송천동,미방문,
세진철물,서울특별시 강북구,철물점,,서울특별시 강북구 도봉로96길 30,,G21001 / 번1동,미방문,
대성공업사,서울특별시 용산구,공구점,,서울특별시 용산구 후암로 33-6,,S20301 / 후암동,미방문,
흥부철물,서울특별시 관악구,철물점,,서울특별시 관악구 남부순환로155길 47,,G21001 / 신사동,미방문,
삼광철물인테리어,서울특별시 서초구,건자재점,,서울특별시 서초구 논현로11길 46,,G21001 / 양재2동,미방문,
공항앵글철물,서울특별시 강서구,철물점,,서울특별시 강서구 방화동로 68,,G21001 / 방화1동,미방문,
미포철물공업,서울특별시 광진구,철물점,,서울특별시 광진구 천호대로112길 29,,G21001 / 능동,미방문,
대성전기철물,서울특별시 송파구,철물점,,서울특별시 송파구 백제고분로18길 3,,G21201 / 잠실본동,미방문,
세신철물,서울특별시 중랑구,철물점,,서울특별시 중랑구 용마산로115길 43,,G21001 / 망우본동,미방문,
가든철물,서울특별시 광진구,철물점,,서울특별시 광진구 군자로 108,,G21001 / 군자동,미방문,
정우철물,서울특별시 영등포구,철물점,,서울특별시 영등포구 신길로39길 21-1,,G21001 / 신길3동,미방문,
자양철물,서울특별시 광진구,철물점,,서울특별시 광진구 뚝섬로 657,,G21001 / 자양1동,미방문,
현대철물상사,서울특별시 서초구,철물점,,서울특별시 서초구 동작대로 54,,G21001 / 방배2동,미방문,
성주철물,서울특별시 도봉구,철물점,,서울특별시 도봉구 시루봉로23길 104,,G21001 / 도봉1동,미방문,
세신철물,서울특별시 광진구,철물점,,서울특별시 광진구 용마산로8길 20,,G21001 / 중곡4동,미방문,
명신철물,서울특별시 서초구,철물점,,서울특별시 서초구 강남대로8길 65-17,,G21001 / 양재2동,미방문,
강원열쇠수리철물,서울특별시 노원구,철물점,,서울특별시 노원구 상계로1길 74,,G21001 / 상계2동,미방문,
신흥공구상사,서울특별시 강동구,공구점,,서울특별시 강동구 구천면로 168-1,,G21001 / 천호2동,미방문,
대림철물,서울특별시 동대문구,철물점,,서울특별시 동대문구 제기로 74-1,,G21001 / 제기동,미방문,
동성철물,서울특별시 강서구,철물점,,서울특별시 강서구 월정로30길 84,,G21001 / 화곡1동,미방문,
근풍공구마트,서울특별시 송파구,공구점,,서울특별시 송파구 백제고분로 171,,G21001 / 잠실본동,미방문,
금형철물,서울특별시 성동구,철물점,,서울특별시 성동구 무수막길 89-30,,G21001 / 금호2.3가동,미방문,
월드카공업사,서울특별시 영등포구,공구점,,서울특별시 영등포구 도신로52길 2,,S20301 / 신길4동,미방문,
대원종합철물점,서울특별시 관악구,철물점,,서울특별시 관악구 관악로12길 113,,G21001 / 낙성대동,미방문,
자석철물,서울특별시 노원구,철물점,,서울특별시 노원구 공릉로59길 15,,S20699 / 하계1동,미방문,
서울철물,서울특별시 광진구,철물점,,서울특별시 광진구 능동로 67,,G21001 / 자양4동,미방문,
집사랑철물,서울특별시 동작구,철물점,,서울특별시 동작구 서달로10길 59,,G21001 / 흑석동,미방문,
강원철물건재,서울특별시 노원구,건자재점,,서울특별시 노원구 공릉로34길 6,,G21001 / 공릉2동,미방문,
동문카공업사,서울특별시 광진구,공구점,,서울특별시 광진구 천호대로 623,,S20301 / 중곡2동,미방문,
유일건재철물,서울특별시 강남구,건자재점,,서울특별시 강남구 테헤란로14길 40,,G21001 / 역삼1동,미방문,
평화철물,서울특별시 은평구,철물점,,서울특별시 은평구 백련산로 149,,G21001 / 응암1동,미방문,
동아철물,서울특별시 서대문구,철물점,,서울특별시 서대문구 경기대로 74,,G21001 / 충현동,미방문,
대림철물,서울특별시 마포구,철물점,,서울특별시 마포구 성미산로 96,,G21001 / 연남동,미방문,
영진철물건재,서울특별시 서대문구,건자재점,,서울특별시 서대문구 명지대3길 48,,G21001 / 북가좌2동,미방문,
우성카공업사,서울특별시 마포구,공구점,,서울특별시 마포구 마포대로4길 50,,S20301 / 도화동,미방문,
금강철물,서울특별시 영등포구,철물점,,서울특별시 영등포구 대림로40다길 11,,G21001 / 대림3동,미방문,
대림철물,서울특별시 광진구,철물점,,서울특별시 광진구 자양번영로6길 9,,G21001 / 자양2동,미방문,
중앙종합철물,서울특별시 중구,철물점,,서울특별시 중구 다산로46길 35-6,,G21001 / 황학동,미방문,
대광전기철물,서울특별시 도봉구,철물점,,서울특별시 도봉구 노해로63가길 42,,G21001 / 창5동,미방문,
충북건재,서울특별시 노원구,건자재점,,서울특별시 노원구 한글비석로31길 21,,G21001 / 상계5동,미방문,
금강철물,서울특별시 서대문구,철물점,,서울특별시 서대문구 모래내로15길 30,,G21001 / 남가좌2동,미방문,
상봉철물전기청소도구,서울특별시 중랑구,철물점,,서울특별시 중랑구 봉우재로 141,,G21001 / 상봉2동,미방문,
대흥건재철물,서울특별시 금천구,건자재점,,서울특별시 금천구 문성로 56-1,,G21001 / 독산3동,미방문,
홍성전파사철물,서울특별시 서대문구,철물점,,서울특별시 서대문구 홍은중앙로 39,,S20501 / 홍은1동,미방문,
풍천건재,서울특별시 강서구,건자재점,,서울특별시 강서구 화곡로33길 4,,G21001 / 우장산동,미방문,
부성설비철물건재,서울특별시 도봉구,건자재점,,서울특별시 도봉구 방학로2길 68,,S20699 / 방학1동,미방문,
중계철물,서울특별시 노원구,철물점,,서울특별시 노원구 중계로14길 23,,G21001 / 중계본동,미방문,
충남건재,서울특별시 서대문구,건자재점,,서울특별시 서대문구 연희맛로 20,,G21001 / 연희동,미방문,
종합철물,서울특별시 마포구,철물점,,서울특별시 마포구 숭문길 53,,G21001 / 염리동,미방문,
염창카공업사,서울특별시 강서구,공구점,,서울특별시 강서구 양천로 717-5,,S20301 / 염창동,미방문,
오성철물지물건재,서울특별시 구로구,건자재점,,서울특별시 구로구 구로동로11길 4,,G21002 / 구로2동,미방문,
새마음철물,서울특별시 금천구,철물점,,서울특별시 금천구 범안로 1234,,G21001 / 독산2동,미방문,
당곡철물,서울특별시 관악구,철물점,,서울특별시 관악구 당곡길 34,,G21001 / 보라매동,미방문,
제일철물.열쇠,서울특별시 관악구,철물점,,서울특별시 관악구 남부순환로143길 27,,G21001 / 조원동,미방문,
현대오토공업사,서울특별시 영등포구,공구점,,서울특별시 영등포구 도신로 139,,S20301 / 도림동,미방문,
태광철물,서울특별시 강서구,철물점,,서울특별시 강서구 남부순환로11가길 71,,G20404 / 공항동,미방문,
오거리철물,서울특별시 동작구,철물점,,서울특별시 동작구 만양로 75-3,,G21001 / 노량진1동,미방문,
풍년건재,서울특별시 관악구,건자재점,,서울특별시 관악구 행운1길 32,,G21099 / 행운동,미방문,
강남철물종합공사,서울특별시 강남구,철물점,,서울특별시 강남구 일원로3길 90,,G21001 / 일원1동,미방문,
평화철물,서울특별시 마포구,철물점,,서울특별시 마포구 성암로 48,,G21001 / 성산2동,미방문,
한성철물,서울특별시 용산구,철물점,,서울특별시 용산구 효창원로 113-2,,G21001 / 용문동,미방문,
평화철물,서울특별시 강북구,철물점,,서울특별시 강북구 삼양로54길 137,,G21001 / 미아동,미방문,
종합전기철물,서울특별시 중랑구,철물점,,서울특별시 중랑구 면목로40길 11,,G21001 / 면목7동,미방문,
부성철물건재,서울특별시 강동구,건자재점,,서울특별시 강동구 고덕로 66,,G21001 / 암사1동,미방문,
한성철물,서울특별시 서대문구,철물점,,서울특별시 서대문구 신촌로27길 4,,G21001 / 북아현동,미방문,
푸른철물설비,서울특별시 서대문구,철물점,,서울특별시 서대문구 충정로7길 9,,G21001 / 충현동,미방문,
일신건재,서울특별시 마포구,건자재점,,서울특별시 마포구 환일2길 3,,G21099 / 공덕동,미방문,
남부철물건재운수,서울특별시 서초구,건자재점,,서울특별시 서초구 동광로11길 73,,G21001 / 방배본동,미방문,
맥가이버공업사,서울특별시 강서구,공구점,,서울특별시 강서구 강서로 511-34,,S20301 / 가양1동,미방문,
오성철물,서울특별시 동작구,철물점,,서울특별시 동작구 여의대방로36길 2,,G21001 / 대방동,미방문,
영동철물설비,서울특별시 서대문구,철물점,,서울특별시 서대문구 연희로41길 33,,G21001 / 홍은2동,미방문,
선사철물보수,서울특별시 강동구,철물점,,서울특별시 강동구 상암로 11,,G21001 / 암사2동,미방문,
행당전기철물,서울특별시 성동구,철물점,,서울특별시 성동구 행당로 106,,G21201 / 행당2동,미방문,
인성철물건축설비,서울특별시 중랑구,철물점,,서울특별시 중랑구 면목로55길 49,,G21001 / 면목3.8동,미방문,
한양철물,서울특별시 성동구,철물점,,서울특별시 성동구 마조로 67-2,,G21001 / 마장동,미방문,
동신철물,서울특별시 서초구,철물점,,서울특별시 서초구 도구로 119,,G21001 / 방배4동,미방문,
대화건재,서울특별시 종로구,건자재점,,서울특별시 종로구 북촌로4길 2,,G21099 / 가회동,미방문,
고려철물,서울특별시 강남구,철물점,,서울특별시 강남구 논현로4길 22,,G21001 / 개포4동,미방문,
대우철물,서울특별시 강서구,철물점,,서울특별시 강서구 까치산로 99,,G21201 / 화곡본동,미방문,
신화전기철물,서울특별시 동작구,철물점,,서울특별시 동작구 남부순환로269길 27,,G21201 / 사당1동,미방문,
태광공업사,서울특별시 마포구,공구점,,서울특별시 마포구 연남로 79,,S20301 / 연남동,미방문,
백련철물,서울특별시 서대문구,철물점,,서울특별시 서대문구 증가로 104,,G21001 / 남가좌2동,미방문,
조일공업사,서울특별시 강북구,공구점,,서울특별시 강북구 삼각산로 125,,S20301 / 수유2동,미방문,
동일철물,서울특별시 중구,철물점,,서울특별시 중구 퇴계로 407,,G21001 / 신당동,미방문,
형제건재,서울특별시 영등포구,건자재점,,서울특별시 영등포구 도림로112길 28-1,,G21001 / 도림동,미방문,
대신종합건재,서울특별시 영등포구,건자재점,,서울특별시 영등포구 도신로68길 22,,G21001 / 신길1동,미방문,
대상건설공구철물,서울특별시 은평구,철물점,,서울특별시 은평구 연서로 110,,G21001 / 역촌동,미방문,
혜성철물건재,서울특별시 강동구,건자재점,,서울특별시 강동구 구천면로47길 66,,G21001 / 암사1동,미방문,
부성건재,서울특별시 송파구,건자재점,,서울특별시 송파구 백제고분로46길 3-23,,G21001 / 송파1동,미방문,
오터피아공업사,서울특별시 양천구,공구점,,서울특별시 양천구 화곡로4길 26,,S20301 / 신월5동,미방문,
대륜철물,서울특별시 서초구,철물점,,서울특별시 서초구 서초대로 323,,G21001 / 서초4동,미방문,
신촌철물전기,서울특별시 서대문구,철물점,,서울특별시 서대문구 연세로9길 10-1,,G21201 / 신촌동,미방문,
대흥건재,서울특별시 구로구,건자재점,,서울특별시 구로구 경인로47가길 17-2,,G21099 / 고척1동,미방문,
철물,서울특별시 중구,철물점,,서울특별시 중구 창경궁로 67-8,,G21001 / 을지로동,미방문,
국제전기철물,서울특별시 서대문구,철물점,,서울특별시 서대문구 가재울로6길 53-53,,G21001 / 남가좌2동,미방문,
동신철물,서울특별시 중구,철물점,,서울특별시 중구 마장로5길 23-20,,G21001 / 황학동,미방문,
영일카정비공업사,서울특별시 영등포구,공구점,,서울특별시 영등포구 국회대로44길 3,,S20301 / 영등포동,미방문,
신용철물,서울특별시 은평구,철물점,,서울특별시 은평구 연서로4길 20,,G21001 / 역촌동,미방문,
고흥철물,서울특별시 성동구,철물점,,서울특별시 성동구 무학로8길 31,,G21001 / 왕십리도선동,미방문,
영동철물건재,서울특별시 서초구,건자재점,,서울특별시 서초구 남부순환로356길 48,,G21001 / 양재1동,미방문,
여수설비.철물,서울특별시 금천구,철물점,,서울특별시 금천구 독산로78길 7,,G21001 / 독산4동,미방문,
삼성종합철물점,서울특별시 강동구,철물점,,서울특별시 강동구 양재대로89길 53,,G21001 / 성내3동,미방문,
까치쌤철물,서울특별시 강남구,철물점,,서울특별시 강남구 도곡로21길 25,,G21001 / 역삼1동,미방문,
경북철물점,서울특별시 구로구,철물점,,서울특별시 구로구 중앙로8길 10-11,,G21001 / 고척1동,미방문,
군남철물,서울특별시 송파구,철물점,,서울특별시 송파구 동남로23길 33,,G21001 / 오금동,미방문,
성림철물건재,서울특별시 강남구,건자재점,,서울특별시 강남구 밤고개로36길 6,,G21001 / 세곡동,미방문,
형제철물설비,서울특별시 성동구,철물점,,서울특별시 성동구 상원길 58,,G21001 / 성수1가2동,미방문,
홍성철물,서울특별시 서초구,철물점,,서울특별시 서초구 강남대로95길 48-4,,G21001 / 잠원동,미방문,
신영철물건재,서울특별시 도봉구,건자재점,,서울특별시 도봉구 덕릉로 244-1,,G21001 / 창3동,미방문,
상신공업사,서울특별시 송파구,공구점,,서울특별시 송파구 양재대로 932,,S20301 / 가락1동,미방문,
신정철물,서울특별시 양천구,철물점,,서울특별시 양천구 중앙로45길 2,,G21001 / 신정3동,미방문,
현대공업사,서울특별시 송파구,공구점,,서울특별시 송파구 삼전로 35,,S20301 / 잠실본동,미방문,
대선철물,서울특별시 광진구,철물점,,서울특별시 광진구 면목로 63-1,,G21001 / 중곡1동,미방문,
전기철물,서울특별시 영등포구,철물점,,서울특별시 영등포구 대림로34자길 2,,G21001 / 대림3동,미방문,
일심건재,서울특별시 노원구,건자재점,,서울특별시 노원구 덕릉로 881,,G21099 / 상계3.4동,미방문,
조은설비，철물,서울특별시 노원구,철물점,,서울특별시 노원구 공릉로58길 98,,G21001 / 하계1동,미방문,
다인철물.다인건축,서울특별시 서대문구,철물점,,서울특별시 서대문구 모래내로 353,,G21001 / 홍은2동,미방문,
대광철물,서울특별시 성북구,철물점,,서울특별시 성북구 성북로 117,,G21001 / 성북동,미방문,
연흥전기철물공사,서울특별시 영등포구,철물점,,서울특별시 영등포구 도림로143길 16,,G21001 / 문래동,미방문,
제일전기철물,서울특별시 마포구,철물점,,서울특별시 마포구 마포대로11길 45,,G21001 / 아현동,미방문,
중계철물,서울특별시 동작구,철물점,,서울특별시 동작구 등용로14길 72,,G21001 / 노량진2동,미방문,
국일철물건재설비,서울특별시 금천구,건자재점,,서울특별시 금천구 범안로 1190,,G21001 / 독산1동,미방문,
복음철물,서울특별시 서대문구,철물점,,서울특별시 서대문구 포방터길 48-4,,G21001 / 홍은1동,미방문,
신성철물건재,서울특별시 서초구,건자재점,,서울특별시 서초구 방배로13길 34,,G21001 / 방배1동,미방문,
스카이종합철물,서울특별시 영등포구,철물점,,서울특별시 영등포구 영신로 20-1,,G21001 / 영등포본동,미방문,
남성대공업사,서울특별시 송파구,공구점,,서울특별시 송파구 송파대로 52,,S20301 / 장지동,미방문,
현대종합카공업사,서울특별시 영등포구,공구점,,서울특별시 영등포구 선유로47길 8,,S20301 / 양평2동,미방문,
한빛철물마트태릉입구역,서울특별시 노원구,철물점,,서울특별시 노원구 화랑로 419-21,,G21001 / 공릉1동,미방문,
영진철물,서울특별시 동대문구,철물점,,서울특별시 동대문구 답십리로60길 44,,G21001 / 답십리2동,미방문,
신형만물공업사,서울특별시 중구,공구점,,서울특별시 중구 마장로 112,,G21001 / 황학동,미방문,
진흥철물,서울특별시 은평구,철물점,,서울특별시 은평구 불광로 12,,G21001 / 대조동,미방문,
서울카공업사,서울특별시 관악구,공구점,,서울특별시 관악구 관천로 83,,S20301 / 신사동,미방문,
대진철물,서울특별시 종로구,철물점,,서울특별시 종로구 창신길 80-1,,G21001 / 창신2동,미방문,
청우철물샷시,서울특별시 영등포구,건자재점,,서울특별시 영등포구 대림로 199,,G21001 / 대림3동,미방문,
전진공업사,서울특별시 성북구,공구점,,서울특별시 성북구 고려대로7길 12-1,,S20699 / 안암동,미방문,
동성철물건재,서울특별시 강남구,건자재점,,서울특별시 강남구 역삼로 516,,G21001 / 대치2동,미방문,
미성카공업사,서울특별시 도봉구,공구점,,서울특별시 도봉구 덕릉로53길 4,,S20301 / 창2동,미방문,
현대철물건업,서울특별시 노원구,철물점,,서울특별시 노원구 동일로213길 77,,G21001 / 상계6.7동,미방문,
신성철물,서울특별시 강서구,철물점,,서울특별시 강서구 곰달래로 192,,G21001 / 화곡2동,미방문,
현대공업사,서울특별시 관악구,공구점,,서울특별시 관악구 관악로 247,,S20301 / 성현동,미방문,
굴다리덕만건재,서울특별시 동대문구,건자재점,,서울특별시 동대문구 황물로 1,,G21003 / 전농1동,미방문,
구로상현철물전기,서울특별시 구로구,철물점,,서울특별시 구로구 구로동로28길 82,,G21001 / 구로4동,미방문,
신정카공업사,서울특별시 양천구,공구점,,서울특별시 양천구 중앙로32길 33,,S20301 / 신정1동,미방문,
삼원공업사,서울특별시 용산구,공구점,,서울특별시 용산구 청파로 258,,S20699 / 청파동,미방문,
부석철물,서울특별시 동작구,철물점,,서울특별시 동작구 신대방길 62,,G21001 / 신대방1동,미방문,
강호건재,서울특별시 종로구,건자재점,,서울특별시 종로구 지봉로 10,,G21099 / 창신1동,미방문,
태양철물,서울특별시 송파구,철물점,,서울특별시 송파구 바람드리길 41,,G21001 / 풍납1동,미방문,
광명철물,서울특별시 강동구,철물점,,서울특별시 강동구 강동대로51길 57,,G21001 / 성내3동,미방문,
태양철물,서울특별시 은평구,철물점,,서울특별시 은평구 응암로21길 6,,G21001 / 응암3동,미방문,
한진철물설비,서울특별시 송파구,철물점,,서울특별시 송파구 동남로6길 24-1,,S20699 / 문정1동,미방문,
만물중고가전철물,서울특별시 강동구,철물점,,서울특별시 강동구 천중로 145,,G22201 / 천호3동,미방문,
서원카공업사,서울특별시 강동구,공구점,,서울특별시 강동구 풍성로 177,,S20301 / 성내2동,미방문,
킹철물생활용품,서울특별시 강동구,철물점,,서울특별시 강동구 상일로 149,,G21001 / 고덕2동,미방문,
신월철물점,서울특별시 양천구,철물점,,서울특별시 양천구 월정로29길 28,,G21001 / 신월1동,미방문,
영남카공업사,서울특별시 성북구,공구점,,서울특별시 성북구 한천로 522,,S20301 / 석관동,미방문,
단오카공업사,서울특별시 강동구,공구점,,서울특별시 강동구 상암로 419,,S20301 / 상일1동,미방문,
유일철물,서울특별시 노원구,철물점,,서울특별시 노원구 덕릉로 765,,G21001 / 상계3.4동,미방문,
신광전기철물,서울특별시 중랑구,철물점,,서울특별시 중랑구 동일로123길 47,,G21201 / 중화2동,미방문,
진양건재,서울특별시 중구,건자재점,,서울특별시 중구 서애로 31,,G21099 / 필동,미방문,
건설종합건재,서울특별시 도봉구,건자재점,,서울특별시 도봉구 덕릉로54길 29,,G21003 / 창3동,미방문,
대한공업사,서울특별시 중구,공구점,,서울특별시 중구 다산로 87-1,,S20301 / 다산동,미방문,
경복철물,서울특별시 강남구,철물점,,서울특별시 강남구 언주로108길 27,,G21001 / 역삼1동,미방문,
시장철물점,서울특별시 성북구,철물점,,서울특별시 성북구 동소문로 179-20,,G21001 / 돈암1동,미방문,
신도철물,서울특별시 금천구,철물점,,서울특별시 금천구 독산로25길 15,,G21001 / 시흥1동,미방문,
대영유리철물,서울특별시 종로구,건자재점,,서울특별시 종로구 북촌로4길 24,,G21202 / 가회동,미방문,
대성카정비공업사,서울특별시 강동구,공구점,,서울특별시 강동구 천중로51길 118,,S20301 / 명일1동,미방문,
경오공업사,서울특별시 용산구,공구점,,서울특별시 용산구 청파로 253-1,,S20301 / 청파동,미방문,
대성종합철물,서울특별시 노원구,철물점,,서울특별시 노원구 한글비석로23길 35,,G21001 / 상계5동,미방문,
부흥철물점,서울특별시 동작구,철물점,,서울특별시 동작구 동작대로33길 29,,G21001 / 사당2동,미방문,
삼진카공업사,서울특별시 강북구,공구점,,서울특별시 강북구 삼양로 475,,S20301 / 우이동,미방문,
닥터카공업사,서울특별시 동작구,공구점,,서울특별시 동작구 보라매로 85,,S20301 / 신대방2동,미방문,
태화철물건재,서울특별시 서초구,건자재점,,서울특별시 서초구 방배천로18길 42,,G21001 / 방배2동,미방문,
하나전기철물,서울특별시 송파구,철물점,,서울특별시 송파구 백제고분로40길 23,,G21001 / 석촌동,미방문,
영창건재약업사,서울특별시 동대문구,건자재점,,서울특별시 동대문구 약령중앙로6길 9,,G22199 / 제기동,미방문,
대성종합철물,서울특별시 중구,철물점,,서울특별시 중구 퇴계로42길 39,,G21001 / 필동,미방문,
보광철물,서울특별시 동대문구,철물점,,서울특별시 동대문구 장한로18길 29,,G21001 / 장안2동,미방문,
세운철물전기,서울특별시 관악구,철물점,,서울특별시 관악구 국회단지길 25,,G21001 / 보라매동,미방문,
양지전기철물,서울특별시 강동구,철물점,,서울특별시 강동구 고덕로27길 19,,G21001 / 암사3동,미방문,
대현철물,서울특별시 동대문구,철물점,,서울특별시 동대문구 회기로 126,,G21001 / 회기동,미방문,
대명철물설비,서울특별시 구로구,철물점,,서울특별시 구로구 경인로15길 31,,G21001 / 오류1동,미방문,
케이에스건재,서울특별시 서초구,건자재점,,서울특별시 서초구 사임당로 130,,G21101 / 서초2동,미방문,
우림전기철물,서울특별시 마포구,철물점,,서울특별시 마포구 성미산로 22,,G21201 / 성산1동,미방문,
신성철물,서울특별시 중랑구,철물점,,서울특별시 중랑구 봉우재로 198-1,,G21001 / 망우3동,미방문,
남부건재,서울특별시 구로구,건자재점,,서울특별시 구로구 고척로21길 29,,G21001 / 개봉1동,미방문,
천일철물,서울특별시 강서구,철물점,,서울특별시 강서구 등촌로39길 52,,G21001 / 등촌2동,미방문,
대성철물,서울특별시 영등포구,철물점,,서울특별시 영등포구 도신로64길 11,,G21001 / 신길1동,미방문,
오봉카공업사,서울특별시 도봉구,공구점,,서울특별시 도봉구 방학로3길 105,,S20301 / 쌍문2동,미방문,
대아철물,서울특별시 구로구,철물점,,서울특별시 구로구 디지털로19길 49,,G21001 / 가리봉동,미방문,
태화철물,서울특별시 강북구,철물점,,서울특별시 강북구 도봉로71길 26,,G21001 / 수유1동,미방문,
일신철물전기,서울특별시 광진구,철물점,,서울특별시 광진구 능동로 377,,G21001 / 중곡1동,미방문,
건안철물상사,서울특별시 동대문구,철물점,,서울특별시 동대문구 고미술로 49,,G21099 / 답십리1동,미방문,
삼화철물,서울특별시 영등포구,철물점,,서울특별시 영등포구 디지털로81길 18,,G21001 / 대림1동,미방문,
서륭공업사,서울특별시 강동구,공구점,,서울특별시 강동구 천중로 222,,S20301 / 길동,미방문,
대일건재철물,서울특별시 서초구,건자재점,,서울특별시 서초구 반포대로21길 27,,G21001 / 서초3동,미방문,
명도공업사,서울특별시 중랑구,공구점,,서울특별시 중랑구 망우로36길 17,,S20301 / 상봉2동,미방문,
명승공업사,서울특별시 용산구,공구점,,서울특별시 용산구 원효로54길 6,,S20301 / 원효로1동,미방문,
미화철물,서울특별시 금천구,철물점,,서울특별시 금천구 시흥대로151길 26,,G21001 / 독산1동,미방문,
부흥철물설비,서울특별시 관악구,철물점,,서울특별시 관악구 신원로3길 11,,G21001 / 신원동,미방문,
삼락건재약업사,서울특별시 동대문구,건자재점,,서울특별시 동대문구 왕산로 129,,G22199 / 제기동,미방문,
대성철물설비,서울특별시 광진구,철물점,,서울특별시 광진구 면목로11길 4,,G21001 / 중곡3동,미방문,
우성철물,서울특별시 동대문구,철물점,,서울특별시 동대문구 서울시립대로 42,,G21001 / 전농1동,미방문,
한신카공업사,서울특별시 중랑구,공구점,,서울특별시 중랑구 중랑천로 226,,S20301 / 묵2동,미방문,
동양철물점,서울특별시 동대문구,철물점,,서울특별시 동대문구 한빛로 62-1,,G21001 / 신설동,미방문,
금성건재,서울특별시 서대문구,건자재점,,서울특별시 서대문구 증가로25길 26,,G21001 / 북가좌2동,미방문,
보람전기철물,서울특별시 광진구,철물점,,서울특별시 광진구 자양로13길 78,,G21001 / 자양1동,미방문,
부산건재철물,서울특별시 마포구,건자재점,,서울특별시 마포구 독막로22길 21,,G21001 / 서강동,미방문,
제일철물열쇠,서울특별시 영등포구,철물점,,서울특별시 영등포구 디지털로53길 16,,G21001 / 대림2동,미방문,
중앙열쇠철물,서울특별시 서초구,철물점,,서울특별시 서초구 방배로 32,,G21001 / 방배3동,미방문,
반석건재.동원설비인테리어,서울특별시 은평구,건자재점,,서울특별시 은평구 연서로34길 35,,M11201 / 불광2동,미방문,
대성철물,서울특별시 중랑구,철물점,,서울특별시 중랑구 면목로 287,,G21001 / 면목7동,미방문,
삼성철물,서울특별시 송파구,철물점,,서울특별시 송파구 올림픽로51길 34,,G21001 / 풍납2동,미방문,
신성철물,서울특별시 강동구,철물점,,서울특별시 강동구 진황도로49길 42,,G21001 / 길동,미방문,
성도카공업사,서울특별시 강서구,공구점,,서울특별시 강서구 가로공원로 209-1,,S20301 / 화곡1동,미방문,
영남토탈카공업사,서울특별시 영등포구,공구점,,서울특별시 영등포구 선유서로 103,,S20301 / 양평1동,미방문,
오성건재,서울특별시 강북구,건자재점,,서울특별시 강북구 노해로 58-1,,G21001 / 수유3동,미방문,
중앙부분정비공업사,서울특별시 도봉구,공구점,,서울특별시 도봉구 시루봉로27길 3,,S20301 / 도봉1동,미방문,
강동현대공업사,서울특별시 강동구,공구점,,서울특별시 강동구 구천면로 371-3,,S20301 / 암사1동,미방문,
종점철물,서울특별시 광진구,철물점,,서울특별시 광진구 뚝섬로 462,,G21001 / 자양4동,미방문,
디엠공업사주,서울특별시 성동구,공구점,,서울특별시 성동구 성수이로22길 31,,S20301 / 성수2가3동,미방문,
성심설비철물,서울특별시 강북구,철물점,,서울특별시 강북구 솔샘로 302,,G21001 / 송천동,미방문,
동성철물앵글,서울특별시 중구,철물점,,서울특별시 중구 마장로 96-1,,G21001 / 황학동,미방문,
경신철물건재,서울특별시 서초구,건자재점,,서울특별시 서초구 신반포로41길 35,,G21099 / 잠원동,미방문,
서울철물설비,서울특별시 성동구,철물점,,서울특별시 성동구 왕십리로24길 29,,G21001 / 왕십리도선동,미방문,
대성철물,서울특별시 강동구,철물점,,서울특별시 강동구 양재대로124길 61,,G21001 / 길동,미방문,
신천철물,서울특별시 송파구,철물점,,서울특별시 송파구 올림픽로12길 37-1,,G21001 / 잠실본동,미방문,
승민장식철물,서울특별시 은평구,철물점,,서울특별시 은평구 통일로 916,,G21001 / 불광2동,미방문,
다림철물,서울특별시 도봉구,철물점,,서울특별시 도봉구 도봉로109길 46,,G21001 / 쌍문3동,미방문,
승진철물,서울특별시 도봉구,철물점,,서울특별시 도봉구 도당로 95,,G21001 / 방학2동,미방문,
홍제철물,서울특별시 서대문구,철물점,,서울특별시 서대문구 통일로 445-1,,G21001 / 홍제1동,미방문,
충남철물,서울특별시 관악구,철물점,,서울특별시 관악구 남부순환로143나길 34,,G21001 / 조원동,미방문,
장승철물,서울특별시 영등포구,철물점,,서울특별시 영등포구 영등포로84길 48,,G21001 / 신길1동,미방문,
동양철물,서울특별시 중랑구,철물점,,서울특별시 중랑구 면목로27길 75,,G21001 / 면목4동,미방문,
대동철물,서울특별시 광진구,철물점,,서울특별시 광진구 뚝섬로50길 10,,G21001 / 자양2동,미방문,
신흥철물,서울특별시 강서구,철물점,,서울특별시 강서구 등촌로39길 26,,G21001 / 등촌2동,미방문,
대진철물,서울특별시 노원구,철물점,,서울특별시 노원구 공릉로58길 103,,G21001 / 하계1동,미방문,
경흥철물,서울특별시 금천구,철물점,,서울특별시 금천구 독산로109길 22,,G21001 / 독산3동,미방문,
명동철물,서울특별시 중구,철물점,,서울특별시 중구 퇴계로20길 26,,G21001 / 명동,미방문,
신기루카공업사,서울특별시 마포구,공구점,,서울특별시 마포구 백범로 38-1,,S20301 / 대흥동,미방문,
신우철물;열쇠;하수구,서울특별시 구로구,철물점,,서울특별시 구로구 개봉로17길 15,,G21001 / 개봉2동,미방문,
일손철물,서울특별시 도봉구,철물점,,서울특별시 도봉구 방학로2길 41,,G21001 / 방학1동,미방문,
신광이륜공업사,서울특별시 중구,공구점,,서울특별시 중구 마른내로 82,,S20401 / 광희동,미방문,
효성정비공업사,서울특별시 은평구,공구점,,서울특별시 은평구 백련산로 89-1,,S20301 / 응암2동,미방문,
신진철물,서울특별시 종로구,철물점,,서울특별시 종로구 세검정로9길 45,,G21001 / 부암동,미방문,
마곡전기철물공구,서울특별시 강서구,철물점,,서울특별시 강서구 강서로 443,,G21001 / 가양1동,미방문,
거평카공업사,서울특별시 강동구,공구점,,서울특별시 강동구 구천면로 365,,S20301 / 암사1동,미방문,
명화철물,서울특별시 광진구,철물점,,서울특별시 광진구 군자로6길 2,,G21001 / 화양동,미방문,
고은철물,서울특별시 마포구,철물점,,서울특별시 마포구 월드컵북로 211,,G21001 / 성산2동,미방문,
번영철물,서울특별시 관악구,철물점,,서울특별시 관악구 은천로5길 8-7,,G21001 / 보라매동,미방문,
마스터공업사,서울특별시 동작구,공구점,,서울특별시 동작구 동작대로33가길 21,,S20301 / 사당2동,미방문,
신우공업사,서울특별시 양천구,공구점,,서울특별시 양천구 신목로 24,,S20301 / 신정2동,미방문,
은성철물,서울특별시 서초구,철물점,,서울특별시 서초구 서래로 16,,G21001 / 반포4동,미방문,
행운열쇠철물,서울특별시 성북구,철물점,,서울특별시 성북구 장월로 73,,G21001 / 장위1동,미방문,
면목철물점,서울특별시 중랑구,철물점,,서울특별시 중랑구 용마산로96길 42,,G21001 / 면목3.8동,미방문,
경기철물점,서울특별시 송파구,철물점,,서울특별시 송파구 송이로36길 1,,G21001 / 장지동,미방문,
번개철물,서울특별시 동대문구,철물점,,서울특별시 동대문구 사가정로27길 24,,S20699 / 장안2동,미방문,
우창공업사,서울특별시 동대문구,공구점,,서울특별시 동대문구 한천로 78,,S20301 / 장안1동,미방문,
구로개봉배터리정비공업사,서울특별시 구로구,공구점,,서울특별시 구로구 개봉로1길 50,,S20301 / 개봉3동,미방문,
쌍용카공업사,서울특별시 강북구,공구점,,서울특별시 강북구 덕릉로 118,,S20301 / 미아동,미방문,
조은철물,서울특별시 관악구,철물점,,서울특별시 관악구 법원단지길 49,,G21001 / 난곡동,미방문,
충남철물상회,서울특별시 송파구,철물점,,서울특별시 송파구 거마로 76,,G21001 / 마천2동,미방문,
일화공업사,서울특별시 중구,공구점,,서울특별시 중구 마장로9길 43-3,,S20699 / 황학동,미방문,
이천전기철물,서울특별시 마포구,철물점,,서울특별시 마포구 토정로17길 36,,G21001 / 신수동,미방문,
풍년철물,서울특별시 종로구,철물점,,서울특별시 종로구 지봉로2길 1,,G21001 / 창신1동,미방문,
모범카공업사,서울특별시 중랑구,공구점,,서울특별시 중랑구 중랑천로 262-1,,S20301 / 묵2동,미방문,
대림철물,서울특별시 용산구,철물점,,서울특별시 용산구 우사단로4길 11-7,,G21001 / 보광동,미방문,
개봉철물,서울특별시 구로구,철물점,,서울특별시 구로구 고척로21나길 32-2,,G21001 / 개봉1동,미방문,
대성철물건재,서울특별시 서대문구,건자재점,,서울특별시 서대문구 응암로 146,,G21001 / 북가좌2동,미방문,
청수철물종합상사,서울특별시 성북구,철물점,,서울특별시 성북구 정릉로 255-1,,G21001 / 정릉2동,미방문,
금성철물,서울특별시 송파구,철물점,,서울특별시 송파구 올림픽로10길 24,,G21001 / 잠실본동,미방문,
우성공업사,서울특별시 종로구,공구점,,서울특별시 종로구 율곡로6길 23,,S20699 / 종로1.2.3.4가동,미방문,
이가철물,서울특별시 은평구,철물점,,서울특별시 은평구 연서로 48,,G21001 / 역촌동,미방문,
영진공업사,서울특별시 중구,공구점,,서울특별시 중구 남대문로1길 45,,G21001 / 소공동,미방문,
강동철물,서울특별시 송파구,철물점,,서울특별시 송파구 거마로 22,,G21001 / 거여2동,미방문,
하나전기철물,서울특별시 은평구,철물점,,서울특별시 은평구 은평로12길 8,,G21001 / 응암1동,미방문,
현대카정비공업사,서울특별시 마포구,공구점,,서울특별시 마포구 희우정로 100,,S20301 / 망원1동,미방문,
동건철물,서울특별시 동작구,철물점,,서울특별시 동작구 노량진로18길 19-1,,G21001 / 노량진1동,미방문,
대륙철물,서울특별시 성북구,철물점,,서울특별시 성북구 오패산로3길 135,,G21001 / 월곡1동,미방문,
대원카공업사,서울특별시 광진구,공구점,,서울특별시 광진구 긴고랑로 88,,S20301 / 중곡2동,미방문,
경성철물,서울특별시 강동구,철물점,,서울특별시 강동구 양재대로 1614,,G21001 / 명일1동,미방문,
호연철물,서울특별시 서초구,철물점,,서울특별시 서초구 서초대로46길 99,,G21001 / 서초3동,미방문,
효창정비공업사,서울특별시 은평구,공구점,,서울특별시 은평구 연서로 82,,S20301 / 역촌동,미방문,
나니철물마트,서울특별시 중랑구,철물점,,서울특별시 중랑구 봉화산로 65,,G21001 / 중화1동,미방문,
현대종합철물건재,서울특별시 중랑구,건자재점,,서울특별시 중랑구 겸재로50길 4,,G21001 / 면목본동,미방문,
태양조명철물,서울특별시 성북구,건자재점,,서울특별시 성북구 북악산로 1061,,G21001 / 종암동,미방문,
한라철물,서울특별시 강서구,철물점,,서울특별시 강서구 방화동로 63,,G21001 / 방화2동,미방문,
대한철물열쇠,서울특별시 은평구,철물점,,서울특별시 은평구 진흥로 65,,G21099 / 역촌동,미방문,
연신철물,서울특별시 은평구,철물점,,서울특별시 은평구 연서로32길 5,,G21001 / 불광1동,미방문,
동광전기철물,서울특별시 관악구,철물점,,서울특별시 관악구 신원로3마길 1,,G21001 / 신원동,미방문,
한성카공업사,서울특별시 서대문구,공구점,,서울특별시 서대문구 북아현로6길 23,,S20301 / 북아현동,미방문,
프로미월드제일카랜드공업사,서울특별시 용산구,공구점,,서울특별시 용산구 원효로 157,,S20301 / 원효로1동,미방문,
오성설비철물,서울특별시 송파구,철물점,,서울특별시 송파구 가락로 77,,S20699 / 석촌동,미방문,
늘좋은공업사,서울특별시 강동구,공구점,,서울특별시 강동구 동남로85길 6,,S20301 / 고덕1동,미방문,
영일철물,서울특별시 성북구,철물점,,서울특별시 성북구 화랑로19가길 3,,G21001 / 장위2동,미방문,
본동철물건재,서울특별시 동작구,건자재점,,서울특별시 동작구 노량진로26길 19,,G21001 / 노량진1동,미방문,
무학철물건재,서울특별시 성동구,건자재점,,서울특별시 성동구 무학봉15길 5,,G21001 / 왕십리2동,미방문,
현대공구철물,서울특별시 구로구,철물점,,서울특별시 구로구 고척로21가길 2,,G21001 / 개봉1동,미방문,
협신건재,서울특별시 강남구,건자재점,,서울특별시 강남구 도산대로99길 19,,G21001 / 청담동,미방문,
종합건재상사,서울특별시 금천구,건자재점,,서울특별시 금천구 벚꽃로14길 14,,G21003 / 독산1동,미방문,
성진인테리어철물,서울특별시 도봉구,건자재점,,서울특별시 도봉구 도봉로169나길 6,,G21001 / 도봉1동,미방문,
경남건재,서울특별시 강북구,건자재점,,서울특별시 강북구 삼양로139길 9,,G21099 / 우이동,미방문,
신현진철물,서울특별시 영등포구,철물점,,서울특별시 영등포구 디지털로51길 1,,G21001 / 대림2동,미방문,
함평철물,서울특별시 관악구,철물점,,서울특별시 관악구 난곡로 140,,G21001 / 난곡동,미방문,
대풍철물,서울특별시 강서구,철물점,,서울특별시 강서구 방화동로5길 33,,G21001 / 방화2동,미방문,
우성철물,서울특별시 동작구,철물점,,서울특별시 동작구 사당로16가길 47,,G21001 / 사당4동,미방문,
대성철물,서울특별시 용산구,철물점,,서울특별시 용산구 보광로 51,,G21001 / 보광동,미방문,
대양철물,서울특별시 성북구,철물점,,서울특별시 성북구 한천로76나길 17,,G21001 / 석관동,미방문,
마쯔오;철물;열쇠,서울특별시 강서구,철물점,,서울특별시 강서구 강서로17다길 8-2,,G21001 / 화곡1동,미방문,
경동철물,서울특별시 송파구,철물점,,서울특별시 송파구 거마로3길 8,,G21001 / 거여1동,미방문,
고분철물,서울특별시 강동구,철물점,,서울특별시 강동구 구천면로34길 45,,G21001 / 천호1동,미방문,
금강철물건재,서울특별시 강남구,건자재점,,서울특별시 강남구 압구정로 216,,G21001 / 압구정동,미방문,
캐슬금속철물,서울특별시 강남구,철물점,,서울특별시 강남구 논현로128길 18,,G21001 / 논현2동,미방문,
현대카오너공업사,서울특별시 노원구,공구점,,서울특별시 노원구 중계로18길 17,,S20301 / 중계본동,미방문,
방배철물,서울특별시 서초구,철물점,,서울특별시 서초구 동광로18길 55,,G21001 / 방배4동,미방문,
왕창철물,서울특별시 성동구,철물점,,서울특별시 성동구 무학봉15길 13,,G21001 / 왕십리2동,미방문,
오성공업사,서울특별시 성동구,공구점,,서울특별시 성동구 마조로 56,,G21001 / 마장동,미방문,
오복공업사,서울특별시 양천구,공구점,,서울특별시 양천구 중앙로48길 66,,S20301 / 신정4동,미방문,
신광철물종합설비,서울특별시 동대문구,철물점,,서울특별시 동대문구 답십리로48길 71-1,,G21001 / 답십리2동,미방문,
정수철물,서울특별시 노원구,철물점,,서울특별시 노원구 한글비석로31길 27,,G21001 / 상계5동,미방문,
이천철물,서울특별시 송파구,철물점,,서울특별시 송파구 가락로 32,,G21001 / 석촌동,미방문,
신성철물건재,서울특별시 강남구,건자재점,,서울특별시 강남구 압구정로 108,,G21001 / 신사동,미방문,
대가철물,서울특별시 구로구,철물점,,서울특별시 구로구 고척로52길 100,,G20499 / 개봉1동,미방문,
한빛철물마트,서울특별시 송파구,철물점,,서울특별시 송파구 석촌호수로 112,,G21001 / 잠실본동,미방문,
봉일건재,서울특별시 관악구,건자재점,,서울특별시 관악구 당곡길 59,,G21001 / 보라매동,미방문,
한림철물장식,서울특별시 강동구,철물점,,서울특별시 강동구 천호대로 1153,,G21101 / 길동,미방문,
진남건재,서울특별시 노원구,건자재점,,서울특별시 노원구 동일로184길 57,,G21099 / 공릉1동,미방문,
중랑현대공업사주,서울특별시 중랑구,공구점,,서울특별시 중랑구 중랑천로 95,,S20301 / 중화2동,미방문,
현대철물,서울특별시 마포구,철물점,,서울특별시 마포구 효창목길 24,,G21001 / 공덕동,미방문,
서울철물,서울특별시 성북구,철물점,,서울특별시 성북구 돌곶이로 173,,G21001 / 장위2동,미방문,
삼성철물,서울특별시 서초구,철물점,,서울특별시 서초구 고무래로 90-7,,G21001 / 서초4동,미방문,
형제철물설비,서울특별시 강동구,철물점,,서울특별시 강동구 상일로7길 29,,G21001 / 상일1동,미방문,
영주공업사,서울특별시 관악구,공구점,,서울특별시 관악구 난곡로26길 67,,S20301 / 난곡동,미방문,
중랑석재공구철물,서울특별시 중랑구,철물점,,서울특별시 중랑구 면목로 251,,G21001 / 면목4동,미방문,
기택공업사,서울특별시 용산구,공구점,,서울특별시 용산구 이촌로 74,,S20301 / 이촌2동,미방문,
동산철물,서울특별시 중랑구,철물점,,서울특별시 중랑구 상봉로 16,,G21001 / 면목3.8동,미방문,
영일철물,서울특별시 중랑구,철물점,,서울특별시 중랑구 동일로95길 4,,G21001 / 면목5동,미방문,
새서울카공업사,서울특별시 송파구,공구점,,서울특별시 송파구 새말로 165,,S20301 / 장지동,미방문,
승원철물전기,서울특별시 중구,철물점,,서울특별시 중구 충무로2길 42-1,,G21201 / 광희동,미방문,
강원철물,서울특별시 강남구,철물점,,서울특별시 강남구 논현로16길 20,,G21001 / 개포4동,미방문,
효창현대공업사,서울특별시 용산구,공구점,,서울특별시 용산구 효창원로 164,,S20301 / 청파동,미방문,
흥신철물설비,서울특별시 강서구,철물점,,서울특별시 강서구 공항대로 351-21,,G21001 / 등촌3동,미방문,
삼성철물,서울특별시 강북구,철물점,,서울특별시 강북구 인수봉로 246,,G21001 / 인수동,미방문,
무궁화공업사,서울특별시 강남구,공구점,,서울특별시 강남구 영동대로 221,,S20302 / 대치2동,미방문,
우신철물상사,서울특별시 강북구,철물점,,서울특별시 강북구 덕릉로40길 17,,G21001 / 번2동,미방문,
우림전기철물,서울특별시 강북구,철물점,,서울특별시 강북구 삼양로 625,,G21001 / 우이동,미방문,
삼성건재,서울특별시 동작구,건자재점,,서울특별시 동작구 노량진로16길 33,,G21001 / 노량진1동,미방문,
세신철물건재,서울특별시 중랑구,건자재점,,서울특별시 중랑구 망우로68길 96,,S20699 / 망우본동,미방문,
화신건재,서울특별시 동작구,건자재점,,서울특별시 동작구 장승배기로 62,,G21001 / 상도2동,미방문,
신월기계공구,서울특별시 양천구,공구점,,서울특별시 양천구 신월로 199,,G21001 / 신월2동,미방문,
동부철물,서울특별시 동작구,철물점,,서울특별시 동작구 사당로27길 12,,G21001 / 사당3동,미방문,
천진공업사,서울특별시 구로구,공구점,,서울특별시 구로구 경인로53길 135,,S20301 / 신도림동,미방문,
신일카공업사,서울특별시 영등포구,공구점,,서울특별시 영등포구 영중로41길 12,,S20301 / 영등포동,미방문,
대성철물보일러,서울특별시 중랑구,철물점,,서울특별시 중랑구 중랑역로 78,,G21001 / 중화2동,미방문,
삼일철물,서울특별시 마포구,철물점,,서울특별시 마포구 신촌로 250,,G21001 / 아현동,미방문,
고도철물인테리어,서울특별시 서초구,건자재점,,서울특별시 서초구 강남대로8길 39-24,,G21001 / 양재2동,미방문,
동영철물,서울특별시 중구,철물점,,서울특별시 중구 청구로14길 23,,G21001 / 신당동,미방문,
서울공업사,서울특별시 양천구,공구점,,서울특별시 양천구 오목로3길 46,,S20301 / 신월4동,미방문,
서울철물,서울특별시 성북구,철물점,,서울특별시 성북구 오패산로4길 20,,G21001 / 월곡2동,미방문,
광덕철물건재,서울특별시 성북구,건자재점,,서울특별시 성북구 지봉로24길 39-1,,G21001 / 보문동,미방문,
철물인테리어,서울특별시 노원구,건자재점,,서울특별시 노원구 동일로 1363,,G21001 / 상계6.7동,미방문,
평화철물,서울특별시 강동구,철물점,,서울특별시 강동구 천중로50길 23,,G21001 / 길동,미방문,
서울철물,서울특별시 광진구,철물점,,서울특별시 광진구 용마산로7길 54,,G21001 / 중곡2동,미방문,
송건재,서울특별시 성북구,건자재점,,서울특별시 성북구 보국문로16길 67-2,,G21001 / 정릉4동,미방문,
매직카공업사,서울특별시 동대문구,공구점,,서울특별시 동대문구 한천로41길 6,,S20301 / 전농2동,미방문,
제일철물,서울특별시 양천구,철물점,,서울특별시 양천구 신목로5길 8,,G21001 / 신정2동,미방문,
교대철물.건재,서울특별시 서초구,건자재점,,서울특별시 서초구 서운로11길 3,,G21001 / 서초2동,미방문,
믿음철물인테리어,서울특별시 동작구,건자재점,,서울특별시 동작구 상도로34길 15,,M11201 / 상도2동,미방문,
지구철물,서울특별시 도봉구,철물점,,서울특별시 도봉구 도봉로125길 52,,G21001 / 쌍문2동,미방문,
만복철물,서울특별시 서대문구,철물점,,서울특별시 서대문구 신촌로1길 7,,G21001 / 신촌동,미방문,
광장철물건재,서울특별시 관악구,건자재점,,서울특별시 관악구 법원단지길 37,,G21001 / 난곡동,미방문,
동원철물건재,서울특별시 강동구,건자재점,,서울특별시 강동구 동남로83길 52,,G21001 / 고덕1동,미방문,
중앙철물,서울특별시 관악구,철물점,,서울특별시 관악구 봉천로 606,,G21001 / 인헌동,미방문,
삼성공업사,서울특별시 양천구,공구점,,서울특별시 양천구 목동중앙남로14가길 3,,G21099 / 목3동,미방문,
삼화철물,서울특별시 강남구,철물점,,서울특별시 강남구 학동로4길 43-16,,G21001 / 논현1동,미방문,
태성철물점,서울특별시 강북구,철물점,,서울특별시 강북구 노해로33길 6,,G21001 / 수유2동,미방문,
그림철물,서울특별시 중랑구,철물점,,서울특별시 중랑구 봉화산로 96,,G21002 / 중화1동,미방문,
수정철물,서울특별시 은평구,철물점,,서울특별시 은평구 통일로85길 6-9,,G21001 / 갈현1동,미방문,
코바철물,서울특별시 송파구,철물점,,서울특별시 송파구 송이로28길 3,,G21001 / 문정1동,미방문,
엘림철물,서울특별시 강동구,철물점,,서울특별시 강동구 구천면로16길 22,,G21001 / 천호2동,미방문,
홍제철물,서울특별시 서대문구,철물점,,서울특별시 서대문구 통일로 402,,G21001 / 홍제2동,미방문,
철물,서울특별시 서대문구,철물점,,서울특별시 서대문구 가좌로 89,,G21001 / 홍은2동,미방문,
형제카공업사,서울특별시 강서구,공구점,,서울특별시 강서구 곰달래로 87,,S20301 / 화곡1동,미방문,
거북철물,서울특별시 강남구,철물점,,서울특별시 강남구 도산대로50길 33,,G21001 / 논현2동,미방문,
덕인철물,서울특별시 송파구,철물점,,서울특별시 송파구 천호대로152길 17,,G21001 / 풍납1동,미방문,
제이제이카정비공업사,서울특별시 강동구,공구점,,서울특별시 강동구 명일로 250,,S20301 / 길동,미방문,
삼신철물,서울특별시 은평구,철물점,,서울특별시 은평구 연서로21길 16,,G21001 / 갈현2동,미방문,
삼화유리철물,서울특별시 강서구,건자재점,,서울특별시 강서구 까치산로 177,,G21202 / 화곡6동,미방문,
대성건재,서울특별시 강북구,건자재점,,서울특별시 강북구 솔샘로67길 125,,G21001 / 송천동,미방문,
현대전기철물,서울특별시 강동구,철물점,,서울특별시 강동구 천호옛길 56,,G21001 / 성내2동,미방문,
건영건재,서울특별시 강북구,건자재점,,서울특별시 강북구 월계로 25,,G21001 / 송중동,미방문,
협동철물,서울특별시 은평구,철물점,,서울특별시 은평구 연서로9길 24,,G21001 / 구산동,미방문,
보성철물,서울특별시 성북구,철물점,,서울특별시 성북구 종암로9길 9-2,,G21001 / 종암동,미방문,
건재활의학과의원,서울특별시 서초구,건자재점,,서울특별시 서초구 사임당로 174,,Q10201 / 서초2동,미방문,
유신철물,서울특별시 강서구,철물점,,서울특별시 강서구 개화동로23길 104,,G21001 / 방화2동,미방문,
행복한공업사,서울특별시 강동구,공구점,,서울특별시 강동구 명일로 249,,S20301 / 길동,미방문,
상일철물건재,서울특별시 노원구,건자재점,,서울특별시 노원구 상계로12길 93,,G21001 / 상계2동,미방문,
건국철물,서울특별시 광진구,철물점,,서울특별시 광진구 광나루로20가길 1,,G21201 / 화양동,미방문,
대한카공업사,서울특별시 중랑구,공구점,,서울특별시 중랑구 중랑천로 34-1,,S20301 / 면목2동,미방문,
이원전기.철물,서울특별시 강북구,철물점,,서울특별시 강북구 도봉로20가길 62,,G21201 / 송중동,미방문,
기산철물점,서울특별시 노원구,철물점,,서울특별시 노원구 월계로55길 4,,G21001 / 월계3동,미방문,
자양건재상사,서울특별시 광진구,건자재점,,서울특별시 광진구 자양로13길 98,,G21001 / 자양1동,미방문,
신도종합철물건재,서울특별시 도봉구,건자재점,,서울특별시 도봉구 도봉산3길 28,,G21001 / 도봉1동,미방문,
다원하수누수철물공구,서울특별시 강북구,철물점,,서울특별시 강북구 한천로 1163,,G21001 / 수유2동,미방문,
한빛철물,서울특별시 금천구,철물점,,서울특별시 금천구 가산디지털1로 5,,G21001 / 가산동,미방문,
동림건축자재,서울특별시 도봉구,건자재점,,서울특별시 도봉구 노해로62길 85,,G21099 / 창1동,미방문,
노원공구철물,서울특별시 양천구,철물점,,서울특별시 양천구 중앙로 254,,G21099 / 신정1동,미방문,
설화철물,서울특별시 동작구,철물점,,서울특별시 동작구 사당로16길 7,,G21001 / 사당4동,미방문,
보람전기철물열쇠,서울특별시 광진구,철물점,,서울특별시 광진구 군자로7길 26,,G21001 / 화양동,미방문,
세운전기철물,서울특별시 관악구,철물점,,서울특별시 관악구 국회단지길 25,,G21001 / 보라매동,미방문,
북부철물,서울특별시 도봉구,철물점,,서울특별시 도봉구 덕릉로 226,,G21001 / 창3동,미방문,
성심철물건재,서울특별시 양천구,건자재점,,서울특별시 양천구 목동중앙북로16길 3,,G21001 / 목2동,미방문,
광포철물,서울특별시 노원구,철물점,,서울특별시 노원구 동일로 1651,,G21001 / 상계1동,미방문,
성수철물전기,서울특별시 동대문구,철물점,,서울특별시 동대문구 한천로40길 11,,G21001 / 장안2동,미방문,
창성설비철물,서울특별시 성북구,철물점,,서울특별시 성북구 돌곶이로22나길 19,,G21001 / 석관동,미방문,
한진철물,서울특별시 은평구,철물점,,서울특별시 은평구 통일로73길 25,,G21001 / 대조동,미방문,
화순철물,서울특별시 강북구,철물점,,서울특별시 강북구 솔매로36길 21,,G21001 / 미아동,미방문,
그린철물점,서울특별시 강서구,철물점,,서울특별시 강서구 강서로47길 73,,G21001 / 발산1동,미방문,
은성철물,서울특별시 중랑구,철물점,,서울특별시 중랑구 망우로 290-1,,G21001 / 상봉2동,미방문,
이안카공업사,서울특별시 성북구,공구점,,서울특별시 성북구 보문로21길 16-2,,S20301 / 보문동,미방문,
서울전기철물,서울특별시 중구,철물점,,서울특별시 중구 명동10길 19-3,,G21201 / 명동,미방문,
창조철물,서울특별시 강남구,철물점,,서울특별시 강남구 도산대로81길 8,,G21001 / 청담동,미방문,
휘경카공업사,서울특별시 동대문구,공구점,,서울특별시 동대문구 휘경로 63,,S20301 / 휘경1동,미방문,
지호카공업사,서울특별시 강동구,공구점,,서울특별시 강동구 올림픽로 731,,S20301 / 천호2동,미방문,
신진철물,서울특별시 노원구,철물점,,서울특별시 노원구 한글비석로 415,,G21001 / 상계5동,미방문,
세진철물설비,서울특별시 노원구,철물점,,서울특별시 노원구 동일로182길 37-16,,G21001 / 공릉1동,미방문,
을지철물,서울특별시 송파구,철물점,,서울특별시 송파구 마천로57길 22-1,,G21001 / 마천1동,미방문,
신성철물인테리어,서울특별시 강서구,건자재점,,서울특별시 강서구 강서로18길 61,,G21001 / 화곡8동,미방문,
금성철물,서울특별시 구로구,철물점,,서울특별시 구로구 구로동로25길 39,,G21001 / 구로2동,미방문,
용성건재,서울특별시 동대문구,건자재점,,서울특별시 동대문구 고산자로 459,,G22199 / 제기동,미방문,
경원철물,서울특별시 구로구,철물점,,서울특별시 구로구 경인로33길 60,,G21001 / 개봉1동,미방문,
신유철물인테리어,서울특별시 강동구,건자재점,,서울특별시 강동구 진황도로 36,,M11201 / 천호3동,미방문,
우진종합철물,서울특별시 도봉구,철물점,,서울특별시 도봉구 도당로 69,,G21001 / 방학2동,미방문,
유진공업사,서울특별시 성동구,공구점,,서울특별시 성동구 고산자로 279,,S20301 / 왕십리도선동,미방문,
친구설비철물,서울특별시 광진구,철물점,,서울특별시 광진구 자양로50길 54,,G21001 / 구의2동,미방문,
부부철물점,서울특별시 구로구,철물점,,서울특별시 구로구 가마산로19길 18,,G21001 / 구로2동,미방문,
대구철물건재,서울특별시 광진구,건자재점,,서울특별시 광진구 뚝섬로 520,,G21001 / 자양4동,미방문,
남성철물,서울특별시 송파구,철물점,,서울특별시 송파구 동남로20길 31,,G21001 / 가락2동,미방문,
행운철물,서울특별시 양천구,철물점,,서울특별시 양천구 오목로4길 21,,G21001 / 신월4동,미방문,
덕수철물,서울특별시 용산구,철물점,,서울특별시 용산구 후암로 30,,G21001 / 후암동,미방문,
홍반장공업사,서울특별시 양천구,공구점,,서울특별시 양천구 곰달래로5길 74-1,,S20301 / 신월1동,미방문,
현대전기철물,서울특별시 강동구,철물점,,서울특별시 강동구 천호대로168나길 26,,G21001 / 성내2동,미방문,
용암철물,서울특별시 용산구,철물점,,서울특별시 용산구 신흥로3길 7,,G21001 / 용산2가동,미방문,
동신공업사,서울특별시 은평구,공구점,,서울특별시 은평구 역말로 27-1,,S20301 / 역촌동,미방문,
현대공업사,서울특별시 마포구,공구점,,서울특별시 마포구 월드컵로 54,,G20201 / 서교동,미방문,
세신철물,서울특별시 광진구,철물점,,서울특별시 광진구 용마산로 160,,G21001 / 중곡4동,미방문,
우리동네맥가이버철물점,서울특별시 은평구,철물점,,서울특별시 은평구 통일로82길 21,,G21099 / 불광2동,미방문,
고려철물건재,서울특별시 강서구,건자재점,,서울특별시 강서구 양천로 52,,G21001 / 방화2동,미방문,
제일카공업사,서울특별시 용산구,공구점,,서울특별시 용산구 서빙고로 369,,S20301 / 보광동,미방문,
대원카공업사,서울특별시 양천구,공구점,,서울특별시 양천구 중앙로32길 75,,S20301 / 신정1동,미방문,
차사랑정비공업사,서울특별시 은평구,공구점,,서울특별시 은평구 가좌로 309,,S20301 / 신사2동,미방문,
신흥철물,서울특별시 용산구,철물점,,서울특별시 용산구 한강대로 159,,G21001 / 한강로동,미방문,
화성철물,서울특별시 중랑구,철물점,,서울특별시 중랑구 동일로144길 31,,G21001 / 묵1동,미방문,
경기철물도매,서울특별시 동대문구,철물점,,서울특별시 동대문구 고미술로 49,,G21001 / 답십리1동,미방문,
연흥철물,서울특별시 용산구,철물점,,서울특별시 용산구 이촌로29길 32,,G21001 / 한강로동,미방문,
남도전기·철물,서울특별시 성북구,철물점,,서울특별시 성북구 화랑로25길 19,,G21001 / 월곡2동,미방문,
대명철물,서울특별시 구로구,철물점,,서울특별시 구로구 고척로27가길 5,,G21001 / 개봉1동,미방문,
삼화건재,서울특별시 은평구,건자재점,,서울특별시 은평구 역말로 15,,G21001 / 역촌동,미방문,
효성철물,서울특별시 강동구,철물점,,서울특별시 강동구 구천면로42길 76,,G21001 / 천호1동,미방문,
남부열쇠철물,서울특별시 강서구,철물점,,서울특별시 강서구 곰달래로53길 18,,G21001 / 화곡4동,미방문,
동신철물,서울특별시 종로구,철물점,,서울특별시 종로구 율곡로 237,,G21001 / 종로5.6가동,미방문,
오토삼륜공업사,서울특별시 종로구,공구점,,서울특별시 종로구 율곡로22길 13,,S20401 / 종로5.6가동,미방문,
스마트철물점;커피,서울특별시 강동구,철물점,,서울특별시 강동구 천호대로157길 14,,G20907 / 천호3동,미방문,
동아건재,서울특별시 송파구,건자재점,,서울특별시 송파구 백제고분로31길 33,,G21001 / 삼전동,미방문,
대교철물,서울특별시 성북구,철물점,,서울특별시 성북구 성북로 145-1,,G21001 / 성북동,미방문,
동아철물건재,서울특별시 서초구,건자재점,,서울특별시 서초구 바우뫼로41길 38-4,,G21001 / 양재1동,미방문,
태광종합건재철물,서울특별시 용산구,건자재점,,서울특별시 용산구 소월로20길 68,,G21099 / 용산2가동,미방문,
해동철물,서울특별시 강동구,철물점,,서울특별시 강동구 풍성로37가길 7,,G21001 / 성내2동,미방문,
현대철물,서울특별시 서초구,철물점,,서울특별시 서초구 논현로11길 17,,G21001 / 양재2동,미방문,
대진건재,서울특별시 서대문구,건자재점,,서울특별시 서대문구 북아현로14나길 20,,G21001 / 충현동,미방문,
동호철물건재,서울특별시 중랑구,건자재점,,서울특별시 중랑구 면목로21길 16,,G21001 / 면목4동,미방문,
창성철물점,서울특별시 종로구,철물점,,서울특별시 종로구 창신6길 9-9,,G21001 / 창신2동,미방문,
천지철물,서울특별시 은평구,철물점,,서울특별시 은평구 갈현로 297,,G21001 / 갈현1동,미방문,
한라철물점,서울특별시 금천구,철물점,,서울특별시 금천구 시흥대로152길 19,,G21001 / 독산3동,미방문,
다철물,서울특별시 강동구,철물점,,서울특별시 강동구 양재대로136길 12,,G21001 / 명일1동,미방문,
금호철물,서울특별시 은평구,철물점,,서울특별시 은평구 갈현로3길 15-2,,G21001 / 신사1동,미방문,
한창공사철물,서울특별시 도봉구,철물점,,서울특별시 도봉구 도당로19가길 14,,G21001 / 도봉1동,미방문,
보령전기·철물,서울특별시 성동구,철물점,,서울특별시 성동구 금호산길 65,,G21001 / 금호2.3가동,미방문,
제일종합철물,서울특별시 양천구,철물점,,서울특별시 양천구 신목로6길 30,,G21001 / 신정2동,미방문,
대일철물,서울특별시 은평구,철물점,,서울특별시 은평구 연서로 310,,G21001 / 불광2동,미방문,
마이카정비공업사,서울특별시 강동구,공구점,,서울특별시 강동구 천중로 174,,S20301 / 길동,미방문,
대경종합철물,서울특별시 강서구,철물점,,서울특별시 강서구 양천로26길 103,,G21001 / 방화1동,미방문,
제중건재한약국,서울특별시 동대문구,건자재점,,서울특별시 동대문구 약령중앙로2길 13,,G21501 / 제기동,미방문,
대성전기철물,서울특별시 중랑구,철물점,,서울특별시 중랑구 중랑역로 78,,G21001 / 중화2동,미방문,
신흥철물,서울특별시 관악구,철물점,,서울특별시 관악구 은천로 123,,G21001 / 성현동,미방문,
혜성철물,서울특별시 성동구,철물점,,서울특별시 성동구 왕십리로14길 28-2,,G21001 / 성수1가2동,미방문,
남도건축설비철물,서울특별시 광진구,철물점,,서울특별시 광진구 뚝섬로49길 28,,S20699 / 자양1동,미방문,
경성철물,서울특별시 성동구,철물점,,서울특별시 성동구 무학봉길 54,,G21001 / 왕십리2동,미방문,
한성철물,서울특별시 성북구,철물점,,서울특별시 성북구 길음로7길 6,,G21001 / 길음1동,미방문,
영남카독크공업사,서울특별시 영등포구,공구점,,서울특별시 영등포구 영신로33길 2,,S20301 / 당산1동,미방문,
태성철물,서울특별시 송파구,철물점,,서울특별시 송파구 올림픽로32길 39,,G21001 / 방이2동,미방문,
대정철물,서울특별시 강서구,철물점,,서울특별시 강서구 강서로33가길 58,,G21001 / 화곡3동,미방문,
개미카공업사,서울특별시 중랑구,공구점,,서울특별시 중랑구 면목로27길 59,,S20301 / 면목4동,미방문,
대우철물,서울특별시 강서구,철물점,,서울특별시 강서구 공항대로8길 56,,G21001 / 공항동,미방문,
전기철물,서울특별시 은평구,철물점,,서울특별시 은평구 증산로3길 12,,G21001 / 증산동,미방문,
가락철물,서울특별시 송파구,철물점,,서울특별시 송파구 중대로9길 33,,G21001 / 가락본동,미방문,
노원전기철물,서울특별시 노원구,철물점,,서울특별시 노원구 동일로237가길 31,,G21201 / 상계1동,미방문,
미성철물,서울특별시 광진구,철물점,,서울특별시 광진구 뚝섬로32길 24,,G21201 / 자양4동,미방문,
형제공업사,서울특별시 도봉구,공구점,,서울특별시 도봉구 덕릉로63가길 4,,S20301 / 창2동,미방문,
도곡공업사주,서울특별시 강남구,공구점,,서울특별시 강남구 남부순환로381길 45,,S20301 / 도곡1동,미방문,
삼진철물건재,서울특별시 서초구,건자재점,,서울특별시 서초구 남부순환로339길 60,,G21001 / 서초1동,미방문,
건설공업사,서울특별시 서대문구,공구점,,서울특별시 서대문구 세검정로 41,,G22199 / 홍제3동,미방문,
신흥공업사,서울특별시 송파구,공구점,,서울특별시 송파구 송파대로22길 4-8,,S20301 / 문정1동,미방문,
제일철물,서울특별시 용산구,철물점,,서울특별시 용산구 청파로 272,,G21001 / 청파동,미방문,
중랑종합철물,서울특별시 중랑구,철물점,,서울특별시 중랑구 동일로 897,,G21001 / 묵2동,미방문,
종합수리충남전기철물,서울특별시 마포구,철물점,,서울특별시 마포구 성미산로 18,,G21001 / 성산1동,미방문,
중앙철물,서울특별시 양천구,철물점,,서울특별시 양천구 지양로7길 15,,G21001 / 신월7동,미방문,
종합철물,서울특별시 영등포구,철물점,,서울특별시 영등포구 도신로58길 15,,G21001 / 신길1동,미방문,
우리철물,서울특별시 중랑구,철물점,,서울특별시 중랑구 사가정로 427-1,,G21001 / 면목7동,미방문,
삼성종합철물,서울특별시 도봉구,철물점,,서울특별시 도봉구 노해로 210,,G21001 / 쌍문3동,미방문,
대림정비공업사,서울특별시 송파구,공구점,,서울특별시 송파구 중대로 204,,S20301 / 가락2동,미방문,
미소철물,서울특별시 중랑구,철물점,,서울특별시 중랑구 면목로54길 44,,G21001 / 면목3.8동,미방문,
중앙건재사,서울특별시 은평구,건자재점,,서울특별시 은평구 통일로68길 25-16,,G21099 / 불광1동,미방문,
대성설비철물,서울특별시 양천구,철물점,,서울특별시 양천구 중앙로43길 27-2,,G21001 / 신정3동,미방문,
현공업사뭉티기,서울특별시 송파구,공구점,,서울특별시 송파구 거마로10길 6,,I20101 / 거여2동,미방문,
명륜철물열쇠,서울특별시 종로구,철물점,,서울특별시 종로구 명륜길 9,,G21099 / 혜화동,미방문,
대경설비철물,서울특별시 도봉구,철물점,,서울특별시 도봉구 도봉로110길 39-16,,G21001 / 창1동,미방문,
백원건재,서울특별시 마포구,건자재점,,서울특별시 마포구 서강로 133,,N10402 / 서교동,미방문,
대림철물건재,서울특별시 서초구,건자재점,,서울특별시 서초구 동산로2길 47,,G21001 / 양재2동,미방문,
양천공업사,서울특별시 강서구,공구점,,서울특별시 강서구 강서로 519-24,,S20301 / 가양1동,미방문,
경림철물,서울특별시 중랑구,철물점,,서울특별시 중랑구 면목로56길 54,,G21001 / 면목3.8동,미방문,
사랑철물,서울특별시 강북구,철물점,,서울특별시 강북구 인수봉로56길 18,,G20404 / 인수동,미방문,
신광철물,서울특별시 강서구,철물점,,서울특별시 강서구 강서로47가길 38,,G21001 / 발산1동,미방문,
옥산철물,서울특별시 강남구,철물점,,서울특별시 강남구 밤고개로24길 42,,G21001 / 세곡동,미방문,
대평종합건재,세종특별자치시,건자재점,,세종특별자치시 세종특별자치시 금남면 성덕영곡길 11-30,,G21001 / 금남면,미방문,
전동철물건재,세종특별자치시,건자재점,,세종특별자치시 세종특별자치시 전동면 전동로 27,,G21001 / 전동면,미방문,
현대공업사,세종특별자치시,공구점,,세종특별자치시 세종특별자치시 조치원읍 충현로 206,,S20301 / 조치원읍,미방문,
황룡철물점,세종특별자치시,철물점,,세종특별자치시 세종특별자치시 금남면 금남구즉로 471-2,,G21001 / 금남면,미방문,
대동건재가설산업,세종특별자치시,건자재점,,세종특별자치시 세종특별자치시 연서면 봉암길 41-6,,M11401 / 연서면,미방문,
경인카공업사,세종특별자치시,공구점,,세종특별자치시 세종특별자치시 연기면 아사디길 41,,S20301 / 연기면,미방문,
대흥공업사,세종특별자치시,공구점,,세종특별자치시 세종특별자치시 부강면 태산길 30,,S20301 / 부강면,미방문,
신남부공업사,세종특별자치시,공구점,,세종특별자치시 세종특별자치시 연서면 당산로 404,,S20301 / 연서면,미방문,
중부공업사,세종특별자치시,공구점,,세종특별자치시 세종특별자치시 전동면 운주산로 232,,S20301 / 전동면,미방문,
중원카공업사,세종특별자치시,공구점,,세종특별자치시 세종특별자치시 부강면 연청로 1149,,S20301 / 부강면,미방문,
대지철물,세종특별자치시,철물점,,세종특별자치시 세종특별자치시 조치원읍 조치원4길 128,,G21001 / 조치원읍,미방문,
동화철물,세종특별자치시,철물점,,세종특별자치시 세종특별자치시 소정면 소정구길 182,,G21001 / 소정면,미방문,
대성종합철물,세종특별자치시,철물점,,세종특별자치시 세종특별자치시 조치원읍 새내8길 17,,G21001 / 조치원읍,미방문,
효성철물전기,세종특별자치시,철물점,,세종특별자치시 세종특별자치시 소정면 궁리길 16-3,,G21201 / 소정면,미방문,
대륜공업사,세종특별자치시,공구점,,세종특별자치시 세종특별자치시 연동면 청연로 384,,S20301 / 연동면,미방문,
신진공업사,세종특별자치시,공구점,,세종특별자치시 세종특별자치시 조치원읍 허만석로 43,,S20301 / 조치원읍,미방문,
한국타이어삼성，삼성공업사,세종특별자치시,공구점,,세종특별자치시 세종특별자치시 연동면 청연로 338,,S20301 / 연동면,미방문,
형제카공업사,세종특별자치시,공구점,,세종특별자치시 세종특별자치시 전의면 운주산로 1239,,S20301 / 전의면,미방문,
흥신공업사,세종특별자치시,공구점,,세종특별자치시 세종특별자치시 부강면 부강외천로 215,,S20301 / 부강면,미방문,
금강건재산업,세종특별자치시,건자재점,,세종특별자치시 세종특별자치시 조치원읍 새내로 66,,G21099 / 조치원읍,미방문,
세종공구철물,세종특별자치시,철물점,,세종특별자치시 세종특별자치시 장군면 장척로 425,,G21001 / 장군면,미방문,
혁신건재철물,세종특별자치시,건자재점,,세종특별자치시 세종특별자치시 금남면 용포로 84,,G21001 / 금남면,미방문,
용복철물건재,세종특별자치시,건자재점,,세종특별자치시 세종특별자치시 연서면 당산로 419,,G21001 / 연서면,미방문,
장기종합건재,세종특별자치시,건자재점,,세종특별자치시 세종특별자치시 장군면 월현윗길 176,,G21001 / 장군면,미방문,
한양공업사,세종특별자치시,공구점,,세종특별자치시 세종특별자치시 부강면 부강신대길 4,,S20301 / 부강면,미방문,
한상공업.세종시공구상가,세종특별자치시,공구점,,세종특별자치시 세종특별자치시 금남면 두만길 1,,G21001 / 금남면,미방문,
삼거리카공업사,세종특별자치시,공구점,,세종특별자치시 세종특별자치시 부강면 오대길 35,,S20301 / 부강면,미방문,
정진철물건재,세종특별자치시,건자재점,,세종특별자치시 세종특별자치시 장군면 장척로 427-1,,G21001 / 장군면,미방문,
전원건재,세종특별자치시,건자재점,,세종특별자치시 세종특별자치시 조치원읍 큰샘길 12-1,,G21001 / 조치원읍,미방문,
동양철물,세종특별자치시,철물점,,세종특별자치시 세종특별자치시 조치원읍 장안로 15,,G21001 / 조치원읍,미방문,
공단공업사,세종특별자치시,공구점,,세종특별자치시 세종특별자치시 연서면 월성로 8,,S20301 / 연서면,미방문,
대성철물,세종특별자치시,철물점,,세종특별자치시 세종특별자치시 전의면 장터길 2,,G21001 / 전의면,미방문,
인동철물공구상사,세종특별자치시,철물점,,세종특별자치시 세종특별자치시 조치원읍 허만석로 85,,G21001 / 조치원읍,미방문,
만도카정비공업사,세종특별자치시,공구점,,세종특별자치시 세종특별자치시 조치원읍 새내로 217,,S20301 / 조치원읍,미방문,
금성철물,세종특별자치시,철물점,,세종특별자치시 세종특별자치시 금남면 용포로 101,,G21001 / 금남면,미방문,
봉암철물,세종특별자치시,철물점,,세종특별자치시 세종특별자치시 연서면 당산로 351,,G21001 / 연서면,미방문,
세종아름철물,세종특별자치시,철물점,,세종특별자치시 세종특별자치시 보듬3로 73,,G21001 / 아름동,미방문,
지오정비공업사,울산광역시 북구,공구점,,울산광역시 북구 진장유통1로 63-8,,S20301 / 효문동,미방문,
울산하수구씽크대;변기뚫어전문;수전철물공구,울산광역시 중구,건자재점,,울산광역시 중구 내황15길 23,,N10201 / 반구1동,미방문,
태영철물,울산광역시 중구,철물점,,울산광역시 중구 다운로 42-1,,G21001 / 다운동,미방문,
산전카부분정비공업사,울산광역시 중구,공구점,,울산광역시 중구 곽남길 64,,S20301 / 병영1동,미방문,
한양카정비공업사,울산광역시 북구,공구점,,울산광역시 북구 화정2길 5-1,,S20301 / 농소2동,미방문,
문성철물,울산광역시,철물점,,울산광역시 울주군 상북면 상북로 280,,G21001 / 상북면,미방문,
원풍공업사,울산광역시 남구,공구점,,울산광역시 남구 상개로 204,,S20301 / 선암동,미방문,
포드카정비공업사,울산광역시 남구,공구점,,울산광역시 남구 신정로33번길 15,,S20301 / 달동,미방문,
민속철물,울산광역시,철물점,,울산광역시 울주군 언양읍 옛장터3길 7,,G21001 / 언양읍,미방문,
동창공업사,울산광역시 북구,공구점,,울산광역시 북구 진장1길 7,,S20301 / 효문동,미방문,
문수철물설비전기건재,울산광역시 남구,건자재점,,울산광역시 남구 신복로 35,,G21001 / 무거동,미방문,
대륙정비공업사,울산광역시 남구,공구점,,울산광역시 남구 남산로 15,,S20301 / 삼호동,미방문,
처용공업사,울산광역시,공구점,,울산광역시 울주군 온산읍 공단로 439,,S20301 / 온산읍,미방문,
벽산건재철물,울산광역시 중구,건자재점,,울산광역시 중구 학성로 33,,G21001 / 중앙동,미방문,
현대철물,울산광역시,철물점,,울산광역시 울주군 두동면 대밀길 65,,G21001 / 두동면,미방문,
한스부분정비공업사,울산광역시 남구,공구점,,울산광역시 남구 갈밭로46번길 20,,S20301 / 삼산동,미방문,
한국오토정비공업사,울산광역시 남구,공구점,,울산광역시 남구 삼산로402번길 21,,S20301 / 삼산동,미방문,
동명철물,울산광역시 남구,철물점,,울산광역시 남구 팔등로 2,,G21001 / 신정1동,미방문,
전하철물,울산광역시 동구,철물점,,울산광역시 동구 월봉6길 51,,G21001 / 화정동,미방문,
송학전기철물,울산광역시,철물점,,울산광역시 울주군 범서읍 울밀로 2832,,G21201 / 범서읍,미방문,
한일철물설비공사,울산광역시,철물점,,울산광역시 울주군 서생면 천산로 231,,G21001 / 서생면,미방문,
오케이정비공업사,울산광역시 북구,공구점,,울산광역시 북구 효천1길 19,,S20301 / 효문동,미방문,
태화부분정비공업사,울산광역시 남구,공구점,,울산광역시 남구 삼산로402번길 39,,S20301 / 삼산동,미방문,
제일공업사주,울산광역시 북구,공구점,,울산광역시 북구 염포로 248-2,,S20301 / 효문동,미방문,
신흥철물건재보일러,울산광역시 북구,건자재점,,울산광역시 북구 천곡길 128,,G21001 / 농소3동,미방문,
학성종합정비공업사,울산광역시 중구,공구점,,울산광역시 중구 학산로 26,,S20301 / 학성동,미방문,
생활설비철물,울산광역시 동구,철물점,,울산광역시 동구 월봉로 58-1,,G21001 / 화정동,미방문,
선암카공업사,울산광역시 남구,공구점,,울산광역시 남구 두왕로190번길 73-1,,S20301 / 선암동,미방문,
호남전기철물,울산광역시 동구,철물점,,울산광역시 동구 진성6길 22,,G21001 / 전하2동,미방문,
남창철물,울산광역시,철물점,,울산광역시 울주군 온양읍 남창장터길 28,,G21001 / 온양읍,미방문,
승리전기철물,울산광역시 중구,철물점,,울산광역시 중구 다운로 71,,G21001 / 다운동,미방문,
보라종합철물건재,울산광역시 중구,건자재점,,울산광역시 중구 시원길 7,,G21001 / 우정동,미방문,
강원철물공사,울산광역시 동구,철물점,,울산광역시 동구 방어진순환도로 675,,G21001 / 일산동,미방문,
영광공업사,울산광역시 남구,공구점,,울산광역시 남구 산업로 633,,S20301 / 삼산동,미방문,
황금팜종묘;농자재,울산광역시 남구,농자재점,,울산광역시 남구 남부순환도로433번길 12,,G22199 / 옥동,미방문,
대신공업사,울산광역시 북구,공구점,,울산광역시 북구 염포로 260-1,,S20301 / 효문동,미방문,
영산공업사,울산광역시 북구,공구점,,울산광역시 북구 염포로 268,,S20301 / 효문동,미방문,
효문공업사,울산광역시 북구,공구점,,울산광역시 북구 효자로 2,,S20301 / 효문동,미방문,
승창공업사,울산광역시,공구점,,울산광역시 울주군 청량읍 화창6길 8,,S20301 / 청량읍,미방문,
왕신철물설비,울산광역시 남구,철물점,,울산광역시 남구 중앙로258번길 13-1,,G21001 / 신정3동,미방문,
태광전기철물,울산광역시 남구,철물점,,울산광역시 남구 중앙로223번길 19,,G21001 / 신정1동,미방문,
원철물,울산광역시,철물점,,울산광역시 울주군 웅촌면 삼동로 1624,,G21001 / 웅촌면,미방문,
동방한약건재방,울산광역시 남구,건자재점,,울산광역시 남구 월평로37번길 7-1,,G22199 / 신정1동,미방문,
흥진공업사,울산광역시 북구,공구점,,울산광역시 북구 염포로 266,,S20301 / 효문동,미방문,
스파크라인부분정비공업사,울산광역시,공구점,,울산광역시 울주군 삼남읍 동향교4길 11,,S20301 / 삼남읍,미방문,
지예철물,울산광역시 중구,철물점,,울산광역시 중구 태화로 214,,G21001 / 태화동,미방문,
우림종합정비공업사,울산광역시,공구점,,울산광역시 울주군 삼남읍 봉당골2길 7,,S20301 / 삼남읍,미방문,
학성한빛철물마트,울산광역시 중구,철물점,,울산광역시 중구 구교로 108,,G21001 / 학성동,미방문,
오토카정비부분공업사,울산광역시 북구,공구점,,울산광역시 북구 매곡로 138-3,,S20302 / 농소1동,미방문,
원샷정비공업사,울산광역시 남구,공구점,,울산광역시 남구 월평로171번길 29,,S20301 / 신정5동,미방문,
영남소방철물,울산광역시 동구,철물점,,울산광역시 동구 화진길 142,,G21001 / 화정동,미방문,
웅촌농자재,울산광역시,농자재점,,울산광역시 울주군 웅촌면 웅촌로 385-1,,G22199 / 웅촌면,미방문,
롯데설비철물,울산광역시 동구,철물점,,울산광역시 동구 진성2길 41,,G21201 / 전하2동,미방문,
언양제일종합정비공업사,울산광역시,공구점,,울산광역시 울주군 언양읍 언양로 130,,S20301 / 언양읍,미방문,
경동건재한약방,울산광역시 중구,건자재점,,울산광역시 중구 구교로 32,,G22199 / 중앙동,미방문,
다운건재철물,울산광역시,건자재점,,울산광역시 울주군 범서읍 점촌5길 26,,G21201 / 범서읍,미방문,
대성정비공업사,울산광역시 북구,공구점,,울산광역시 북구 진장10길 3,,S20301 / 효문동,미방문,
도성철물설비,울산광역시 남구,철물점,,울산광역시 남구 왕생로 12,,G21001 / 삼산동,미방문,
21C정비공업사,울산광역시 중구,공구점,,울산광역시 중구 반구정9길 9,,S20301 / 반구1동,미방문,
동신공업사,울산광역시 북구,공구점,,울산광역시 북구 효자로 146,,S20301 / 효문동,미방문,
그린정비공업사,울산광역시 동구,공구점,,울산광역시 동구 방어진순환도로 494,,S20301 / 방어동,미방문,
동일유리샷시철물,울산광역시 남구,건자재점,,울산광역시 남구 월평로 134,,G21001 / 신정5동,미방문,
주공철물,울산광역시 남구,철물점,,울산광역시 남구 신선로 71,,G21001 / 수암동,미방문,
신광정비공업사,울산광역시 남구,공구점,,울산광역시 남구 삼산로83번길 11,,S20301 / 달동,미방문,
세븐정비공업사,울산광역시 남구,공구점,,울산광역시 남구 정동로42번길 12,,S20301 / 삼산동,미방문,
부성건축자재,울산광역시,건자재점,,울산광역시 울주군 상북면 못안1길 107,,N11101 / 상북면,미방문,
진하종합건재,울산광역시,건자재점,,울산광역시 울주군 서생면 해맞이로 1598,,G21001 / 서생면,미방문,
그린철물건재,울산광역시,건자재점,,울산광역시 울주군 언양읍 읍성로 199,,G21001 / 언양읍,미방문,
울산철물,울산광역시 남구,철물점,,울산광역시 남구 수암로116번길 6,,G21001 / 신정4동,미방문,
베드로카정비공업사,울산광역시 남구,공구점,,울산광역시 남구 번영로233번길 14,,S20301 / 신정5동,미방문,
가가철물상사,울산광역시 중구,철물점,,울산광역시 중구 병영로 65-1,,G21001 / 병영2동,미방문,
우리철물전기설비,울산광역시 남구,철물점,,울산광역시 남구 대학로 23,,G21001 / 무거동,미방문,
한일철물,울산광역시 동구,철물점,,울산광역시 동구 월봉3길 3,,G21001 / 방어동,미방문,
아현공업사,울산광역시 남구,공구점,,울산광역시 남구 장생포고래로 292,,S20301 / 야음장생포동,미방문,
명촌종합정비공업사,울산광역시 북구,공구점,,울산광역시 북구 명촌2길 13,,S20301 / 효문동,미방문,
영동공업사,울산광역시 남구,공구점,,울산광역시 남구 정동로 95,,S20301 / 삼산동,미방문,
문화철물,울산광역시 중구,철물점,,울산광역시 중구 해오름4길 10,,G21001 / 병영1동,미방문,
종합전기철물,울산광역시 남구,철물점,,울산광역시 남구 거마로 109,,G21001 / 신정1동,미방문,
명품1급정비공업사,울산광역시 북구,공구점,,울산광역시 북구 진장18길 7,,S20301 / 효문동,미방문,
광역부분정비공업사,울산광역시 북구,공구점,,울산광역시 북구 무룡로 57,,S20301 / 효문동,미방문,
대성공업사,울산광역시,공구점,,울산광역시 울주군 온산읍 공단로 429,,S20301 / 온산읍,미방문,
방어진철물점,울산광역시 동구,철물점,,울산광역시 동구 내진3길 2,,G21001 / 방어동,미방문,
신정부분정비공업사,울산광역시 남구,공구점,,울산광역시 남구 월평로85번길 12,,S20301 / 신정3동,미방문,
성도한약건재약업사,울산광역시 남구,건자재점,,울산광역시 남구 문수로 443,,G22199 / 신정2동,미방문,
경주철물건재상사,울산광역시 중구,건자재점,,울산광역시 중구 해오름9길 2,,G21001 / 병영1동,미방문,
우리마루건재,울산광역시 북구,건자재점,,울산광역시 북구 양정6길 6-1,,G21002 / 양정동,미방문,
성웅종합정비공업사,울산광역시 남구,공구점,,울산광역시 남구 돋질로 312,,S20301 / 삼산동,미방문,
성실정비공업사,울산광역시 중구,공구점,,울산광역시 중구 학산로 13,,S20301 / 학성동,미방문,
대송철물&디자인,울산광역시 동구,철물점,,울산광역시 동구 대송2길 29,,G21001 / 대송동,미방문,
중앙철물점,울산광역시 동구,철물점,,울산광역시 동구 문현로 61,,G21001 / 방어동,미방문,
한성부분정비공업사,울산광역시,공구점,,울산광역시 울주군 범서읍 굴화2길 11-3,,S20301 / 범서읍,미방문,
1급고래공업사,울산광역시,공구점,,울산광역시 울주군 웅촌면 웅촌로 582,,S20301 / 웅촌면,미방문,
우리종합철물공구,울산광역시 북구,철물점,,울산광역시 북구 진장로 80,,G21001 / 효문동,미방문,
태영카공업사,울산광역시 남구,공구점,,울산광역시 남구 산업로 63,,S20301 / 선암동,미방문,
대성철물,울산광역시 남구,철물점,,울산광역시 남구 팔등로 120,,G21001 / 신정5동,미방문,
유성철물,울산광역시 중구,철물점,,울산광역시 중구 도화골길 28,,G21001 / 복산동,미방문,
감초당한약건재상사,울산광역시 남구,건자재점,,울산광역시 남구 문수로463번길 13,,G22199 / 신정2동,미방문,
경남철물,울산광역시 동구,철물점,,울산광역시 동구 대송로 74,,G21001 / 대송동,미방문,
세마공업사,울산광역시 북구,공구점,,울산광역시 북구 효자로 34,,S20301 / 효문동,미방문,
효성철물,울산광역시 북구,철물점,,울산광역시 북구 통샘10길 9,,G21001 / 송정동,미방문,
신풍철물·인테리어,울산광역시 북구,건자재점,,울산광역시 북구 동해안로 1455-2,,G21001 / 강동동,미방문,
한국종합카공업사,울산광역시 남구,공구점,,울산광역시 남구 대암로129번길 5,,S20301 / 대현동,미방문,
철물/공구소매업,울산광역시 남구,철물점,,울산광역시 남구 왕생로36번길 5,,G21001 / 삼산동,미방문,
성광공업사,울산광역시,공구점,,울산광역시 울주군 청량읍 온산로 339,,S20301 / 청량읍,미방문,
정원정비공업사,울산광역시,공구점,,울산광역시 울주군 청량읍 온산로 605,,S20301 / 청량읍,미방문,
화정정비공업사,울산광역시 동구,공구점,,울산광역시 동구 대송로 98,,S20301 / 대송동,미방문,
전하철물,울산광역시 동구,철물점,,울산광역시 동구 월봉로 64,,G21001 / 화정동,미방문,
기능장공업사,울산광역시 동구,공구점,,울산광역시 동구 문재1길 57,,S20301 / 방어동,미방문,
KCC종합건축자재,울산광역시,건자재점,,울산광역시 울주군 웅촌면 고연공단2길 147,,G21099 / 웅촌면,미방문,
이화철물,울산광역시 중구,철물점,,울산광역시 중구 병영로 5,,G21001 / 병영1동,미방문,
남영철물,울산광역시 남구,철물점,,울산광역시 남구 두왕로174번길 21,,G21001 / 선암동,미방문,
수민정비공업사,울산광역시 동구,공구점,,울산광역시 동구 꽃바위로 238,,S20301 / 방어동,미방문,
학성철물,울산광역시 중구,철물점,,울산광역시 중구 학성로 195,,G21001 / 학성동,미방문,
호계건재,울산광역시 북구,건자재점,,울산광역시 북구 동대로 65-1,,G21001 / 농소1동,미방문,
파워정비공업사,울산광역시,공구점,,울산광역시 울주군 청량읍 온산로 684,,S20301 / 청량읍,미방문,
성안철물건재상사,울산광역시 중구,건자재점,,울산광역시 중구 성안로 179-1,,G21001 / 성안동,미방문,
동해철물,울산광역시 중구,철물점,,울산광역시 중구 우정2길 17,,G21001 / 우정동,미방문,
보쉬공업사,울산광역시 북구,공구점,,울산광역시 북구 진장1길 13,,S20301 / 효문동,미방문,
양지공업사,울산광역시 북구,공구점,,울산광역시 북구 진장3길 7-6,,S20301 / 효문동,미방문,
동래종합철물상사,울산광역시,철물점,,울산광역시 울주군 웅촌면 곡천검단로 71,,G21001 / 웅촌면,미방문,
태극정비공업사,울산광역시 북구,공구점,,울산광역시 북구 진장1길 25,,S20301 / 효문동,미방문,
동남정비공업사주,울산광역시 북구,공구점,,울산광역시 북구 무룡로 34,,S20301 / 효문동,미방문,
서울밧데리부분정비공업사,울산광역시,공구점,,울산광역시 울주군 청량읍 상남1길 32,,S20301 / 청량읍,미방문,
경서전문정비공업사,울산광역시 동구,공구점,,울산광역시 동구 꽃바위로 282,,S20301 / 방어동,미방문,
동진철물공구종합상사,울산광역시 남구,철물점,,울산광역시 남구 봉월로114번길 9,,G21001 / 신정1동,미방문,
경주철물,울산광역시 동구,철물점,,울산광역시 동구 동해안로 29,,G21001 / 남목3동,미방문,
구역전철물천막,울산광역시 중구,철물점,,울산광역시 중구 구역전1길 47,,G21001 / 학성동,미방문,
오토피아정비공업사,울산광역시 북구,공구점,,울산광역시 북구 명촌2길 15,,S20301 / 효문동,미방문,
덕성철물,울산광역시 동구,철물점,,울산광역시 동구 화진2가길 25,,G21001 / 방어동,미방문,
경상철물,울산광역시 남구,철물점,,울산광역시 남구 월평로37번길 5,,G21001 / 신정1동,미방문,
동영1급종합정비공업사,울산광역시 남구,공구점,,울산광역시 남구 화합로 14,,S20301 / 야음장생포동,미방문,
금강정비공업사,울산광역시 북구,공구점,,울산광역시 북구 진장3길 12,,S20301 / 효문동,미방문,
두천공업사,울산광역시,공구점,,울산광역시 울주군 두동면 봉계농공길 8,,N11199 / 두동면,미방문,
수정철물,울산광역시,철물점,,울산광역시 울주군 범서읍 구영로 132,,G21001 / 범서읍,미방문,
고려당한약건재방,울산광역시 중구,건자재점,,울산광역시 중구 중앙시장길 17-13,,G22199 / 중앙동,미방문,
여명공업사도장부,울산광역시 북구,공구점,,울산광역시 북구 효죽3길 12,,S20301 / 효문동,미방문,
울산철물,울산광역시 남구,철물점,,울산광역시 남구 동산로68번길 18,,G21001 / 신정2동,미방문,
대호철물,울산광역시 북구,철물점,,울산광역시 북구 새장터6길 8-1,,G21001 / 염포동,미방문,
모나코정비공업사,울산광역시 남구,공구점,,울산광역시 남구 봉월로114번길 3,,S20301 / 신정1동,미방문,
평화철물,울산광역시 동구,철물점,,울산광역시 동구 월봉12길 24,,G21001 / 화정동,미방문,
동현부분정비공업사,울산광역시 남구,공구점,,울산광역시 남구 번영로84번길 15,,S20301 / 삼산동,미방문,
경동철물,울산광역시 북구,철물점,,울산광역시 북구 양정6길 6-4,,G21001 / 양정동,미방문,
대흥철물,울산광역시 남구,철물점,,울산광역시 남구 수암로224번길 7,,G21001 / 야음장생포동,미방문,
강남정비공업사,울산광역시 남구,공구점,,울산광역시 남구 삼산로67번길 24,,S20301 / 달동,미방문,
덕성부분정비공업사,울산광역시 북구,공구점,,울산광역시 북구 동대로 65-7,,S20301 / 농소1동,미방문,
대원철물열쇠,울산광역시 동구,철물점,,울산광역시 동구 꽃바위로 343,,G21001 / 방어동,미방문,
종합밧데리전문정비공업사,울산광역시 북구,공구점,,울산광역시 북구 상연암길 14,,S20301 / 효문동,미방문,
만능정비공업사,울산광역시 북구,공구점,,울산광역시 북구 농서로 160,,S20301 / 농소3동,미방문,
유성전기철물,울산광역시 남구,철물점,,울산광역시 남구 신복로6번길 20,,G21001 / 무거동,미방문,
뉴동신정비공업사,울산광역시 남구,공구점,,울산광역시 남구 화합로178번길 28,,S20301 / 삼산동,미방문,
울산히아브종합정비공업사,울산광역시 북구,공구점,,울산광역시 북구 숙보로 17,,S20301 / 효문동,미방문,
경원카공업사,울산광역시 중구,공구점,,울산광역시 중구 반구정1안길 43,,S20301 / 반구1동,미방문,
수영카부분정비공업사,울산광역시,공구점,,울산광역시 울주군 온산읍 온산로 280,,S20301 / 온산읍,미방문,
중앙건재골재상사,울산광역시,건자재점,,울산광역시 울주군 삼남읍 강당로 111,,G21001 / 삼남읍,미방문,
독일철물,울산광역시 남구,철물점,,울산광역시 남구 문수로321번길 3-1,,G20803 / 옥동,미방문,
원샷정비공업사,울산광역시 남구,공구점,,울산광역시 남구 삼산로346번길 4,,S20301 / 삼산동,미방문,
조은정비공업사,울산광역시 북구,공구점,,울산광역시 북구 진장4길 25-7,,S20301 / 효문동,미방문,
강원철물앵글,울산광역시 중구,철물점,,울산광역시 중구 중앙길 220,,G21001 / 중앙동,미방문,
행운철물점,울산광역시 남구,철물점,,울산광역시 남구 월평로47번길 18,,G21001 / 신정1동,미방문,
동강열쇠철물,울산광역시 남구,철물점,,울산광역시 남구 문수로369번길 10-1,,G21001 / 옥동,미방문,
곡천전문정비공업사,울산광역시,공구점,,울산광역시 울주군 웅촌면 곡천검단로 55,,S20301 / 웅촌면,미방문,
대진부분정비공업사,울산광역시 남구,공구점,,울산광역시 남구 삼산로317번길 26,,S20301 / 삼산동,미방문,
평화종합철물건재,울산광역시 중구,건자재점,,울산광역시 중구 태화로 106-1,,G21001 / 다운동,미방문,
로타리정비공업사,울산광역시 남구,공구점,,울산광역시 남구 신정로203번길 47,,S20301 / 신정3동,미방문,
대영전기철물,울산광역시 동구,철물점,,울산광역시 동구 녹수길 30,,G21001 / 전하1동,미방문,
삼화정비공업사,울산광역시,공구점,,울산광역시 울주군 웅촌면 고연로 122,,S20301 / 웅촌면,미방문,
상용철물마트,울산광역시 중구,철물점,,울산광역시 중구 태화로 56,,G21001 / 다운동,미방문,
명천철물,울산광역시 중구,철물점,,울산광역시 중구 반구정14길 34,,G21001 / 반구1동,미방문,
금강부분정비공업사,울산광역시 남구,공구점,,울산광역시 남구 상개로 222,,S20301 / 선암동,미방문,
은성철물,울산광역시 동구,철물점,,울산광역시 동구 진성6길 38,,G21001 / 전하2동,미방문,
젠틀카부분정비공업사,울산광역시 중구,공구점,,울산광역시 중구 다운로 66,,S20301 / 다운동,미방문,
대왕카공업사,울산광역시 동구,공구점,,울산광역시 동구 월봉로 35,,S20301 / 화정동,미방문,
달동열쇠&철물,울산광역시 남구,철물점,,울산광역시 남구 신정로20번길 19,,G21001 / 달동,미방문,
문수철물,울산광역시,철물점,,울산광역시 울주군 온양읍 터실2길 3,,G21001 / 온양읍,미방문,
공구상사,울산광역시,공구점,,울산광역시 울주군 청량읍 온산로 727,,G21001 / 청량읍,미방문,
바로바로정비공업사,울산광역시,공구점,,울산광역시 울주군 삼남읍 반구대로 335,,S20301 / 삼남읍,미방문,
중앙부속철물,울산광역시 중구,철물점,,울산광역시 중구 화합로 416-1,,G21001 / 반구2동,미방문,
양산철물,울산광역시 북구,철물점,,울산광역시 북구 화봉로 119,,G21001 / 효문동,미방문,
베어정비공업사,울산광역시 동구,공구점,,울산광역시 동구 방어진순환도로 831,,S20301 / 전하1동,미방문,
동해철물전기,울산광역시 중구,철물점,,울산광역시 중구 다운로 110,,G21001 / 다운동,미방문,
대한철물,울산광역시,철물점,,울산광역시 울주군 삼남읍 울산역로 378,,G21001 / 삼남읍,미방문,
양남정비공업사,울산광역시 남구,공구점,,울산광역시 남구 월평로 239,,S20301 / 삼산동,미방문,
호성철물,울산광역시 동구,철물점,,울산광역시 동구 양지5길 59,,G21001 / 화정동,미방문,
천상철물,울산광역시,철물점,,울산광역시 울주군 범서읍 천상4길 26,,G21001 / 범서읍,미방문,
금성전기.철물,울산광역시,철물점,,울산광역시 울주군 온산읍 덕신로 275-2,,G21001 / 온산읍,미방문,
대흥공업사,울산광역시 북구,공구점,,울산광역시 북구 무룡1로 51,,S20301 / 효문동,미방문,
정일공업사,울산광역시 북구,공구점,,울산광역시 북구 염포로 275,,S20301 / 효문동,미방문,
삼원철물,울산광역시 동구,철물점,,울산광역시 동구 녹수길 18,,G21001 / 전하1동,미방문,
미광종합장식철물,울산광역시 동구,철물점,,울산광역시 동구 화문로 49,,G21001 / 방어동,미방문,
온산철물,울산광역시,철물점,,울산광역시 울주군 온산읍 덕신로 285,,G21001 / 온산읍,미방문,
태화철물,울산광역시 남구,철물점,,울산광역시 남구 꽃대나리로 29,,G21001 / 삼산동,미방문,
덕성건재철물,울산광역시 동구,건자재점,,울산광역시 동구 바드래4길 33-1,,G21001 / 전하1동,미방문,
철물이야기,울산광역시 북구,철물점,,울산광역시 북구 명촌23길 1,,G21001 / 효문동,미방문,
태왕부분정비공업사,울산광역시,공구점,,울산광역시 울주군 상북면 봉화로 258-43,,S20301 / 상북면,미방문,
만장공업사,울산광역시,공구점,,울산광역시 울주군 온양읍 덕망로 290,,S20301 / 온양읍,미방문,
벧엘철물,울산광역시 중구,철물점,,울산광역시 중구 신기2길 11,,G21001 / 태화동,미방문,
명진정비공업사,울산광역시 북구,공구점,,울산광역시 북구 동대8길 5,,S20301 / 농소1동,미방문,
다운건재철물,울산광역시 중구,건자재점,,울산광역시 중구 다운8길 17,,G20701 / 다운동,미방문,
태일한약건재사,울산광역시 중구,건자재점,,울산광역시 중구 번영로 575,,Q10211 / 병영1동,미방문,
투맨정비공업사,울산광역시 북구,공구점,,울산광역시 북구 진장로 90,,S20301 / 효문동,미방문,
애니카부분정비공업사,울산광역시 남구,공구점,,울산광역시 남구 신정로 120,,S20301 / 신정5동,미방문,
강남건재건강원,울산광역시 중구,건자재점,,울산광역시 중구 반구정14길 34,,G20508 / 반구1동,미방문,
지오정비공업사,울산광역시 동구,공구점,,울산광역시 동구 봉수로 310,,S20301 / 전하1동,미방문,
현대철물,울산광역시 남구,철물점,,울산광역시 남구 신정로116번길 38,,G22199 / 신정5동,미방문,
세현공구철물전기안전총판,울산광역시 북구,철물점,,울산광역시 북구 매곡로 51,,G21001 / 농소2동,미방문,
명성전문정비공업사,울산광역시,공구점,,울산광역시 울주군 범서읍 굴화1길 46,,S20301 / 범서읍,미방문,
상용철물상사,울산광역시 동구,철물점,,울산광역시 동구 동해안로 40,,G21001 / 남목1동,미방문,
골드앤트부분정비공업사,울산광역시 남구,공구점,,울산광역시 남구 돋질로311번길 22,,S20301 / 삼산동,미방문,
울산화랑표구사철물,울산광역시 북구,철물점,,울산광역시 북구 호계3길 17-11,,G21802 / 농소1동,미방문,
프로건재,울산광역시,건자재점,,울산광역시 울주군 서생면 해맞이로 1598,,G21001 / 서생면,미방문,
스타모터스정비공업사,울산광역시 북구,공구점,,울산광역시 북구 명촌18길 12,,S20301 / 효문동,미방문,
경주철물건재,울산광역시 동구,건자재점,,울산광역시 동구 고늘로 12,,G21001 / 일산동,미방문,
가나철물안전종합상사,울산광역시,철물점,,울산광역시 울주군 웅촌면 곡천검단로 62-1,,G21001 / 웅촌면,미방문,
작천종합정비공업사,울산광역시,공구점,,울산광역시 울주군 삼남읍 화림정1길 7,,S20301 / 삼남읍,미방문,
만민철물,울산광역시 남구,철물점,,울산광역시 남구 수암로 58,,G21001 / 신정4동,미방문,
대상철물인테리어,인천광역시 계양구,건자재점,,인천광역시 계양구 벌말로 567,,G21001 / 계양3동,미방문,
아주공업사,인천광역시 계양구,공구점,,인천광역시 계양구 아나지로 111,,S20301 / 효성2동,미방문,
대양열쇠철물전기,인천광역시 미추홀구,철물점,,인천광역시 미추홀구 주승로 240,,G21001 / 관교동,미방문,
승민카공업사,인천광역시 남동구,공구점,,인천광역시 남동구 앵고개로941번길 3-20,,S20301 / 논현1동,미방문,
태을철물건재,인천광역시 미추홀구,건자재점,,인천광역시 미추홀구 석정로323번길 12,,G21001 / 도화2.3동,미방문,
경서철물,인천광역시 서구,철물점,,인천광역시 서구 도요지로 40,,G21001 / 검암경서동,미방문,
완정공업사,인천광역시 서구,공구점,,인천광역시 서구 원당대로 530,,S20301 / 오류왕길동,미방문,
건준공업사,인천광역시 서구,공구점,,인천광역시 서구 원당대로246번길 34,,S20101 / 오류왕길동,미방문,
동네철물,인천광역시 남동구,철물점,,인천광역시 남동구 간석로72번길 33,,G21001 / 간석3동,미방문,
인홍철물,인천광역시 미추홀구,철물점,,인천광역시 미추홀구 연송로 72-1,,G21001 / 도화2.3동,미방문,
꿈돌이문구，철물,인천광역시 남동구,철물점,,인천광역시 남동구 이화로30번길 15,,G21001 / 간석1동,미방문,
민영철물전기설비,인천광역시 계양구,철물점,,인천광역시 계양구 봉오대로691번길 30,,G21001 / 작전2동,미방문,
창원철물,인천광역시 미추홀구,철물점,,인천광역시 미추홀구 소성로 93-1,,G21001 / 학익1동,미방문,
화창철물,인천광역시,철물점,,인천광역시 강화군 강화읍 강화대로 447,,G21001 / 강화읍,미방문,
미도철물,인천광역시 부평구,철물점,,인천광역시 부평구 경원대로 1061,,G21001 / 십정1동,미방문,
공구상사,인천광역시 부평구,공구점,,인천광역시 부평구 평천로255번길 13,,G21001 / 청천2동,미방문,
비젼카공업사,인천광역시 남동구,공구점,,인천광역시 남동구 남동대로916번길 81,,S20301 / 간석2동,미방문,
영진철물,인천광역시 서구,철물점,,인천광역시 서구 원창로 160,,G21001 / 신현원창동,미방문,
교동농기구,인천광역시,농자재점,,인천광역시 강화군 교동면 교동남로 17-1,,G21001 / 교동면,미방문,
경일공구.철물,인천광역시 계양구,철물점,,인천광역시 계양구 아나지로 374,,G21001 / 작전서운동,미방문,
선우철물,인천광역시 부평구,철물점,,인천광역시 부평구 길주남로113번길 12-14,,G21001 / 부개3동,미방문,
와이지건재,인천광역시 연수구,건자재점,,인천광역시 연수구 용담로 97,,G21099 / 청학동,미방문,
인천보링공업사,인천광역시 서구,공구점,,인천광역시 서구 석남로 20,,S20301 / 석남2동,미방문,
서구철물,인천광역시 서구,철물점,,인천광역시 서구 세자봉로 59,,G21001 / 검단동,미방문,
인천철물건재,인천광역시 중구,건자재점,,인천광역시 중구 참외전로 12,,G21001 / 개항동,미방문,
태림철물,인천광역시 부평구,철물점,,인천광역시 부평구 경인로1046번길 23,,G21001 / 부개1동,미방문,
철물세상,인천광역시 미추홀구,철물점,,인천광역시 미추홀구 인주대로 274,,G21001 / 용현1.4동,미방문,
마화쿵부마라탕8공구점,인천광역시 연수구,공구점,,인천광역시 연수구 아트센터대로168번길 101,,I20202 / 송도2동,미방문,
한라카공업사,인천광역시 부평구,공구점,,인천광역시 부평구 평천로 346,,S20301 / 갈산1동,미방문,
신동아공업사전기차A/S쎈타,인천광역시 미추홀구,공구점,,인천광역시 미추홀구 미추홀대로 488,,S20301 / 문학동,미방문,
당진철물건재,인천광역시 서구,건자재점,,인천광역시 서구 율도로 49,,G21001 / 신현원창동,미방문,
인송철물,인천광역시 연수구,철물점,,인천광역시 연수구 한나루로 159,,G21001 / 옥련1동,미방문,
대우인테리어철물,인천광역시 연수구,건자재점,,인천광역시 연수구 학나래로5번길 46,,G21001 / 선학동,미방문,
영동정비공업사,인천광역시 부평구,공구점,,인천광역시 부평구 장제로340번길 22,,S20301 / 삼산2동,미방문,
남향카３급정비공업사,인천광역시,공구점,,인천광역시 옹진군 영흥면 영흥남로 423,,S20301 / 영흥면,미방문,
세성철물인테리어,인천광역시 미추홀구,건자재점,,인천광역시 미추홀구 동주길 72,,M11201 / 주안4동,미방문,
성진철물,인천광역시 남동구,철물점,,인천광역시 남동구 장아산로 133,,G21001 / 장수서창동,미방문,
한진종합건재,인천광역시 서구,건자재점,,인천광역시 서구 심곡로 195,,G21001 / 연희동,미방문,
포케올데이송도1공구점,인천광역시 연수구,공구점,,인천광역시 연수구 신송로 170,,I21005 / 송도2동,미방문,
한양철물설비,인천광역시 계양구,철물점,,인천광역시 계양구 계양대로120번길 11,,G21001 / 작전2동,미방문,
우성공업사,인천광역시 연수구,공구점,,인천광역시 연수구 능허대로149번길 24,,S20301 / 옥련1동,미방문,
진등철물,인천광역시 동구,철물점,,인천광역시 동구 송화로 30,,G21001 / 화수1.화평동,미방문,
성인공업사,인천광역시,공구점,,인천광역시 옹진군 영흥면 영흥로 246,,S20301 / 영흥면,미방문,
유진철물,인천광역시 중구,철물점,,인천광역시 중구 참외전로72번길 3-2,,G21001 / 동인천동,미방문,
좋은카정비공업사,인천광역시 연수구,공구점,,인천광역시 연수구 한나루로 161,,S20301 / 옥련1동,미방문,
지원카공업사,인천광역시 서구,공구점,,인천광역시 서구 염곡로327번길 40-1,,S20301 / 신현원창동,미방문,
진성철물상사,인천광역시 남동구,철물점,,인천광역시 남동구 오봉로 2,,G21001 / 남촌도림동,미방문,
에덴카공업사,인천광역시 연수구,공구점,,인천광역시 연수구 학나래로 67,,S20301 / 선학동,미방문,
도성철물전기,인천광역시 계양구,철물점,,인천광역시 계양구 봉오대로691번길 4,,G21001 / 작전2동,미방문,
태원오토공업사,인천광역시 남동구,공구점,,인천광역시 남동구 성리로 5,,S20301 / 구월1동,미방문,
정석공업사,인천광역시 중구,공구점,,인천광역시 중구 서해대로180번길 40,,S20301 / 신흥동,미방문,
부평세공철물,인천광역시 부평구,철물점,,인천광역시 부평구 경원대로 1372-1,,G21001 / 부평1동,미방문,
금강건재,인천광역시,건자재점,,인천광역시 강화군 강화읍 강화대로 464,,G21099 / 강화읍,미방문,
삼성종합철물,인천광역시 계양구,철물점,,인천광역시 계양구 임학서로 22,,G21001 / 계양2동,미방문,
믿음열쇠전기철물,인천광역시 미추홀구,철물점,,인천광역시 미추홀구 낙섬중로 3,,G21001 / 용현5동,미방문,
대광설비철물,인천광역시 연수구,철물점,,인천광역시 연수구 먼우금로264번길 16,,G21001 / 연수1동,미방문,
신용철물,인천광역시 남동구,철물점,,인천광역시 남동구 구월로336번길 42,,G21001 / 만수5동,미방문,
동서철물,인천광역시 계양구,철물점,,인천광역시 계양구 장제로 881,,G21001 / 계양2동,미방문,
스마트공업사,인천광역시 미추홀구,공구점,,인천광역시 미추홀구 주안로 197,,S20301 / 주안6동,미방문,
대성철물건재,인천광역시,건자재점,,인천광역시 강화군 교동면 대룡안길 37,,G21001 / 교동면,미방문,
서구건재철물,인천광역시 서구,건자재점,,인천광역시 서구 승학로 245,,G21001 / 연희동,미방문,
박사철물,인천광역시 연수구,철물점,,인천광역시 연수구 원인재로 212,,G21001 / 연수2동,미방문,
신신종합건재,인천광역시 미추홀구,건자재점,,인천광역시 미추홀구 낙섬중로94번길 20,,G21001 / 용현2동,미방문,
창성，조명，전기，철물,인천광역시 동구,건자재점,,인천광역시 동구 송현로 35-1,,G21001 / 송현1.2동,미방문,
현대전기철물,인천광역시 서구,철물점,,인천광역시 서구 길주로75번길 29,,G21001 / 석남1동,미방문,
에바다철물점,인천광역시 남동구,철물점,,인천광역시 남동구 남동대로370번길 119,,G21001 / 논현2동,미방문,
현대철물,인천광역시 부평구,철물점,,인천광역시 부평구 후정동로 54,,G21201 / 삼산1동,미방문,
보람전기전자철물,인천광역시 남동구,철물점,,인천광역시 남동구 용천로201번길 89,,G21001 / 간석3동,미방문,
경인공업사,인천광역시 서구,공구점,,인천광역시 서구 석곶로22번길 13,,S20302 / 가정1동,미방문,
팔팔현대공업사,인천광역시 연수구,공구점,,인천광역시 연수구 독배로 33,,S20302 / 옥련1동,미방문,
동일공업사,인천광역시 서구,공구점,,인천광역시 서구 대평로 61-1,,S20301 / 연희동,미방문,
국제철물,인천광역시 서구,철물점,,인천광역시 서구 검단로 493,,G21001 / 검단동,미방문,
만도카공업사,인천광역시 서구,공구점,,인천광역시 서구 건지로218번길 13,,S20301 / 석남2동,미방문,
분도공업사,인천광역시,공구점,,인천광역시 옹진군 백령면 백령로297번길 18,,S20301 / 백령면,미방문,
영성철물건재,인천광역시 미추홀구,건자재점,,인천광역시 미추홀구 독정이로 14,,G21001 / 용현1.4동,미방문,
태양전기철물설비,인천광역시 미추홀구,철물점,,인천광역시 미추홀구 구월로 36-1,,G21001 / 주안6동,미방문,
부강공구철물,인천광역시 부평구,철물점,,인천광역시 부평구 마장로 407,,G21001 / 청천1동,미방문,
세기카공업사,인천광역시 미추홀구,공구점,,인천광역시 미추홀구 장천로 22,,S20301 / 숭의2동,미방문,
충북건재,인천광역시 미추홀구,건자재점,,인천광역시 미추홀구 석정로433번길 11,,G21001 / 주안5동,미방문,
대청공업사,인천광역시,공구점,,인천광역시 옹진군 대청면 대청북로 91,,S20301 / 대청면,미방문,
우정오토카공업사,인천광역시 서구,공구점,,인천광역시 서구 염곡로 289,,S20302 / 석남1동,미방문,
덕적철물,인천광역시,철물점,,인천광역시 옹진군 덕적면 덕적북로 140-1,,G21001 / 덕적면,미방문,
충무전기철물,인천광역시 미추홀구,철물점,,인천광역시 미추홀구 주안로 173,,G21001 / 주안6동,미방문,
신동아철물,인천광역시 미추홀구,철물점,,인천광역시 미추홀구 노적산로 36,,G21001 / 학익1동,미방문,
현대철물,인천광역시 부평구,철물점,,인천광역시 부평구 주부토로 267,,G21001 / 갈산1동,미방문,
그린카공업사,인천광역시 계양구,공구점,,인천광역시 계양구 경명대로 1149,,S20301 / 계양2동,미방문,
미건철물인테리어,인천광역시 부평구,건자재점,,인천광역시 부평구 영성서로 10,,M11201 / 삼산1동,미방문,
성공철물건재,인천광역시 서구,건자재점,,인천광역시 서구 거북로119번길 30,,G21001 / 석남2동,미방문,
금성전기공사철물,인천광역시 미추홀구,철물점,,인천광역시 미추홀구 새천년로 3-2,,G21001 / 숭의1.3동,미방문,
현대카공업사세차장,인천광역시 부평구,공구점,,인천광역시 부평구 시장로 80,,S20301 / 부평5동,미방문,
유로카공업사,인천광역시 중구,공구점,,인천광역시 중구 제물량로32번길 5,,S20301 / 신흥동,미방문,
공단건재,인천광역시 남동구,건자재점,,인천광역시 남동구 남촌동로 39,,G21001 / 남촌도림동,미방문,
효성종합정비공업사,인천광역시 계양구,공구점,,인천광역시 계양구 아나지로 183,,S20301 / 효성2동,미방문,
대한정비공업사,인천광역시 서구,공구점,,인천광역시 서구 원창로 233-1,,S20301 / 가정1동,미방문,
청룡철물,인천광역시 동구,철물점,,인천광역시 동구 보세로 8-3,,G21001 / 만석동,미방문,
제로카공업사,인천광역시 중구,공구점,,인천광역시 중구 참외전로158번길 8,,S20301 / 동인천동,미방문,
만수전기철물,인천광역시 남동구,철물점,,인천광역시 남동구 구월말로58번길 56,,G21001 / 만수5동,미방문,
서산철물건재,인천광역시 미추홀구,건자재점,,인천광역시 미추홀구 인하로 168-3,,G21001 / 용현1.4동,미방문,
극동공업사,인천광역시 부평구,공구점,,인천광역시 부평구 무네미로 418-1,,S20301 / 일신동,미방문,
일류벧엘카공업사,인천광역시 서구,공구점,,인천광역시 서구 용두산로14번길 5,,S20301 / 연희동,미방문,
희망전기철물,인천광역시 미추홀구,철물점,,인천광역시 미추홀구 소성로135번길 19,,G21201 / 학익1동,미방문,
대원전기철물,인천광역시 남동구,철물점,,인천광역시 남동구 석산로 56,,G21001 / 간석1동,미방문,
차사랑공업사,인천광역시 중구,공구점,,인천광역시 중구 운중로 209,,S20302 / 영종동,미방문,
대성건재,인천광역시 부평구,건자재점,,인천광역시 부평구 부흥로334번길 63,,G22199 / 부평4동,미방문,
예일공구상사,인천광역시 서구,공구점,,인천광역시 서구 원석로196번안길 12-6,,G21001 / 신현원창동,미방문,
부광전기철물,인천광역시 부평구,철물점,,인천광역시 부평구 장제로126번길 36,,G21001 / 부평5동,미방문,
대장간공구할인마트,인천광역시 서구,공구점,,인천광역시 서구 봉수대로 1354,,G21001 / 오류왕길동,미방문,
인천전기철물,인천광역시 서구,철물점,,인천광역시 서구 원적로 75,,G21001 / 가좌3동,미방문,
강원철물공사,인천광역시 연수구,철물점,,인천광역시 연수구 청학로16번길 100,,G21001 / 청학동,미방문,
태양공구철물,인천광역시 서구,철물점,,인천광역시 서구 단봉로 20,,G21001 / 오류왕길동,미방문,
낙곱새부대장부대찌개송도8공구점,인천광역시 중구,공구점,,인천광역시 중구 두미포로 112,,I20112 / 영종2동,미방문,
현대철물,인천광역시 미추홀구,철물점,,인천광역시 미추홀구 소성로135번길 23,,G21001 / 학익1동,미방문,
대광철물,인천광역시 부평구,철물점,,인천광역시 부평구 청중로 66,,G21001 / 청천2동,미방문,
경인로카공업사,인천광역시 서구,공구점,,인천광역시 서구 서달로 4,,S20301 / 석남3동,미방문,
정수건재,인천광역시 서구,건자재점,,인천광역시 서구 고래울로28번길 3,,G21001 / 가좌4동,미방문,
서울철물,인천광역시,철물점,,인천광역시 강화군 강화읍 강화대로 438,,G21001 / 강화읍,미방문,
동남공구철물,인천광역시 부평구,철물점,,인천광역시 부평구 마장로 370,,G21001 / 청천2동,미방문,
태양튜닝월드공업사,인천광역시 미추홀구,공구점,,인천광역시 미추홀구 석정로 342,,S20302 / 도화2.3동,미방문,
대도철물샷시,인천광역시 미추홀구,건자재점,,인천광역시 미추홀구 인하로 327-1,,G21001 / 주안8동,미방문,
현대일급카공업사,인천광역시 미추홀구,공구점,,인천광역시 미추홀구 한나루로 576,,S20301 / 도화1동,미방문,
명진철물설비,인천광역시 연수구,철물점,,인천광역시 연수구 계림로 87,,G21001 / 청학동,미방문,
신기철물,인천광역시 미추홀구,철물점,,인천광역시 미추홀구 신기길 57,,G21001 / 주안7동,미방문,
신원철물,인천광역시 부평구,철물점,,인천광역시 부평구 경인로 953-1,,G21001 / 부평6동,미방문,
금성철물,인천광역시 부평구,철물점,,인천광역시 부평구 경인로 859,,G21001 / 부평2동,미방문,
예스모터스공업사,인천광역시 남동구,공구점,,인천광역시 남동구 앵고개로941번길 8,,S20301 / 논현1동,미방문,
스피드카공업사,인천광역시 서구,공구점,,인천광역시 서구 대평로 61,,S20301 / 연희동,미방문,
서울철물,인천광역시 서구,철물점,,인천광역시 서구 율도로42번길 16,,G21001 / 석남1동,미방문,
국제종합철물건재전기공구,인천광역시 계양구,건자재점,,인천광역시 계양구 양지로 12,,G21001 / 계양3동,미방문,
창조철물건재,인천광역시 연수구,건자재점,,인천광역시 연수구 한나루로 177,,G21001 / 옥련1동,미방문,
인천기계공구상사,인천광역시 남동구,공구점,,인천광역시 남동구 은청로 4-7,,G21001 / 논현고잔동,미방문,
유창철물,인천광역시,철물점,,인천광역시 강화군 강화읍 강화대로436번길 3,,G21001 / 강화읍,미방문,
삼진철물,인천광역시 미추홀구,철물점,,인천광역시 미추홀구 동주길 106,,G21001 / 주안4동,미방문,
가가대우샷다공업사,인천광역시 미추홀구,공구점,,인천광역시 미추홀구 독정이로74번길 2,,S20601 / 숭의4동,미방문,
태창정비공업사,인천광역시 서구,공구점,,인천광역시 서구 경명대로659번길 2,,S20301 / 연희동,미방문,
삼익철물,인천광역시 부평구,철물점,,인천광역시 부평구 부평대로167번길 43,,G21001 / 청천2동,미방문,
강남철물,인천광역시 부평구,철물점,,인천광역시 부평구 부평대로38번길 17,,G21001 / 부평4동,미방문,
태성종합공구.철물,인천광역시 계양구,철물점,,인천광역시 계양구 장제로 927,,G21001 / 계양2동,미방문,
신성공업사,인천광역시 서구,공구점,,인천광역시 서구 드림로 147-1,,S20301 / 오류왕길동,미방문,
명동철물공구점,인천광역시,철물점,,인천광역시 강화군 강화읍 강화산단로 178,,G21001 / 강화읍,미방문,
코스모스카공업사,인천광역시 계양구,공구점,,인천광역시 계양구 효서로 90,,S20301 / 효성2동,미방문,
건영철물,인천광역시 미추홀구,철물점,,인천광역시 미추홀구 수봉안길13번길 14,,G21001 / 숭의4동,미방문,
박문건재,인천광역시 동구,건자재점,,인천광역시 동구 동산로 24,,G21001 / 송림3.5동,미방문,
반도철물,인천광역시,철물점,,인천광역시 강화군 강화읍 강화대로 456,,G21001 / 강화읍,미방문,
용현철물설비,인천광역시 계양구,철물점,,인천광역시 계양구 임학동로 12,,G21001 / 계양2동,미방문,
이가네철물,인천광역시 부평구,철물점,,인천광역시 부평구 수변로 66,,G21001 / 부개2동,미방문,
평화철물,인천광역시 미추홀구,철물점,,인천광역시 미추홀구 경인로 486,,G21001 / 주안6동,미방문,
신현대공업사,인천광역시 서구,공구점,,인천광역시 서구 대평로 36-1,,S20302 / 연희동,미방문,
화성철물,인천광역시 미추홀구,철물점,,인천광역시 미추홀구 인주대로445번길 79,,G21001 / 주안4동,미방문,
충남철물,인천광역시 서구,철물점,,인천광역시 서구 신석로112번길 18,,G21001 / 석남1동,미방문,
은혜카공업사,인천광역시 계양구,공구점,,인천광역시 계양구 봉오대로477번길 1,,S20301 / 효성1동,미방문,
길상정비공업사,인천광역시,공구점,,인천광역시 강화군 길상면 마니산로 20,,S20301 / 길상면,미방문,
국제철물,인천광역시 남동구,철물점,,인천광역시 남동구 구월말로 18,,G21001 / 구월4동,미방문,
번창공업사,인천광역시,공구점,,인천광역시 강화군 화도면 마니산로844번길 60-35,,S20699 / 화도면,미방문,
태광카공업사,인천광역시 계양구,공구점,,인천광역시 계양구 서운산업로47번길 24,,S20301 / 작전서운동,미방문,
현대건재,인천광역시 중구,건자재점,,인천광역시 중구 남북로109번길 3,,G21001 / 용유동,미방문,
공주철물,인천광역시 계양구,철물점,,인천광역시 계양구 계양산로 175,,G21001 / 계양2동,미방문,
장수철물,인천광역시 남동구,철물점,,인천광역시 남동구 장자로 24,,G21001 / 장수서창동,미방문,
송도국제철물,인천광역시 연수구,철물점,,인천광역시 연수구 송도과학로28번길 50,,G21001 / 송도3동,미방문,
세진철물건재,인천광역시 부평구,건자재점,,인천광역시 부평구 주부토로145번길 17,,G21001 / 갈산2동,미방문,
동아건재,인천광역시 남동구,건자재점,,인천광역시 남동구 구월말로92번길 30,,G21001 / 만수5동,미방문,
김가철물,인천광역시 미추홀구,철물점,,인천광역시 미추홀구 경인로 448,,G21001 / 주안4동,미방문,
중앙종합철물,인천광역시,철물점,,인천광역시 강화군 길상면 온수길 31,,G21001 / 길상면,미방문,
월드카３급공업사,인천광역시 계양구,공구점,,인천광역시 계양구 용종로96번길 21,,S20301 / 계산4동,미방문,
기광철물，공구,인천광역시 남동구,철물점,,인천광역시 남동구 구월로 323,,G21001 / 만수5동,미방문,
하신철물,인천광역시 동구,철물점,,인천광역시 동구 금곡로 54,,G21001 / 금창동,미방문,
만물전기철물,인천광역시 중구,철물점,,인천광역시 중구 도원로 32,,G21001 / 도원동,미방문,
경충철물,인천광역시 부평구,철물점,,인천광역시 부평구 마장로319번길 47,,G21001 / 산곡1동,미방문,
동연카공업사,인천광역시 남동구,공구점,,인천광역시 남동구 앵고개로941번길 11-1,,S20301 / 논현1동,미방문,
교촌치킨송도8공구점,인천광역시 연수구,공구점,,인천광역시 연수구 센트럴로 415,,I21006 / 송도5동,미방문,
부흥공업사,인천광역시 부평구,공구점,,인천광역시 부평구 마장로410번길 7-10,,S20699 / 청천2동,미방문,
성암철물건재,인천광역시 서구,건자재점,,인천광역시 서구 석남로 107,,G21001 / 석남2동,미방문,
삼일철물건재사,인천광역시 미추홀구,건자재점,,인천광역시 미추홀구 능해길 52,,G21001 / 용현2동,미방문,
유성철물,인천광역시 남동구,철물점,,인천광역시 남동구 구월로 54,,G21001 / 간석1동,미방문,
보성철물,인천광역시 미추홀구,철물점,,인천광역시 미추홀구 주안동로 30,,G21001 / 주안6동,미방문,
현대전기철물,인천광역시 부평구,철물점,,인천광역시 부평구 경원대로1240번길 6,,G21001 / 부평3동,미방문,
더안철물·설비,인천광역시 서구,철물점,,인천광역시 서구 원당대로839번길 31,,G21001 / 원당동,미방문,
돼지카공업사,인천광역시 부평구,공구점,,인천광역시 부평구 동수천로 60,,S20301 / 부개2동,미방문,
희망건재사,인천광역시 동구,건자재점,,인천광역시 동구 송림로 84,,G21001 / 송림2동,미방문,
서해공업사,인천광역시 계양구,공구점,,인천광역시 계양구 효서로 198,,S20301 / 효성2동,미방문,
종합카공업사,인천광역시 남동구,공구점,,인천광역시 남동구 인주대로 702,,S20301 / 구월1동,미방문,
씨엠에스철물건재,인천광역시 연수구,건자재점,,인천광역시 연수구 비류대로 150,,G21001 / 옥련2동,미방문,
금강철물,인천광역시 계양구,철물점,,인천광역시 계양구 계산로 44,,G21001 / 계산1동,미방문,
이수철물열쇠전기,인천광역시 계양구,철물점,,인천광역시 계양구 향교로 32-1,,G21001 / 계산1동,미방문,
삼성철물,인천광역시,철물점,,인천광역시 옹진군 자월면 자월서로174번길 63,,G21001 / 자월면,미방문,
명진건재,인천광역시 동구,건자재점,,인천광역시 동구 염전로 84,,G21099 / 송림4동,미방문,
점핑하이송도4공구점,인천광역시 연수구,공구점,,인천광역시 연수구 인천타워대로54번길 9,,R10307 / 송도1동,미방문,
경일사철물누수탐지,인천광역시 미추홀구,철물점,,인천광역시 미추홀구 낙섬서로 53-1,,G21001 / 용현5동,미방문,
세븐일레븐인천숭의공구점,인천광역시 미추홀구,공구점,,인천광역시 미추홀구 인중로 16,,G20405 / 숭의1.3동,미방문,
중앙전기철물,인천광역시 연수구,철물점,,인천광역시 연수구 용담로 78,,G21001 / 청학동,미방문,
오류공구철물마트,인천광역시 서구,철물점,,인천광역시 서구 완정로10번길 5,,G21001 / 마전동,미방문,
논현전기.철물.열쇠,인천광역시 남동구,철물점,,인천광역시 남동구 논고개로123번길 22,,G21001 / 논현2동,미방문,
삼성철물,인천광역시 남동구,철물점,,인천광역시 남동구 남동대로733번길 4,,G21001 / 구월3동,미방문,
오케이철물,인천광역시 서구,철물점,,인천광역시 서구 고산후로 97,,G21001 / 원당동,미방문,
만물철물,인천광역시 계양구,철물점,,인천광역시 계양구 경명대로1029번길 17,,G21001 / 계산2동,미방문,
부여건재.철물,인천광역시 연수구,건자재점,,인천광역시 연수구 새말로 49,,G21001 / 연수1동,미방문,
길경카공업사,인천광역시 부평구,공구점,,인천광역시 부평구 마장로204번길 10,,S20301 / 산곡3동,미방문,
맥가이버철물인테리어,인천광역시 중구,건자재점,,인천광역시 중구 제물량로 123,,G21001 / 신포동,미방문,
새한카공업사,인천광역시 서구,공구점,,인천광역시 서구 승학로271번길 4,,S20301 / 연희동,미방문,
현대열쇠.철물,인천광역시 계양구,철물점,,인천광역시 계양구 효서로 57,,G21001 / 효성2동,미방문,
석희철물,인천광역시 미추홀구,철물점,,인천광역시 미추홀구 석바위로 135,,G21001 / 주안6동,미방문,
금성공업사,인천광역시 동구,공구점,,인천광역시 동구 화도진로 86-1,,S20601 / 화수1.화평동,미방문,
장흥철물,인천광역시 부평구,철물점,,인천광역시 부평구 동수로 117,,G21001 / 부평6동,미방문,
우일종합철물,인천광역시 계양구,철물점,,인천광역시 계양구 아나지로 443,,G21001 / 작전서운동,미방문,
효명전기철물편의점,인천광역시 미추홀구,철물점,,인천광역시 미추홀구 소성로 125,,G21001 / 학익1동,미방문,
신신철물전기,인천광역시 서구,철물점,,인천광역시 서구 가정로352번길 18,,G21001 / 가정1동,미방문,
충남건재인테리어,인천광역시 미추홀구,건자재점,,인천광역시 미추홀구 토금북로 39-1,,M11201 / 용현5동,미방문,
인일기계공구,인천광역시 미추홀구,공구점,,인천광역시 미추홀구 인중로26번길 52,,G21001 / 숭의1.3동,미방문,
유명카공업사,인천광역시 연수구,공구점,,인천광역시 연수구 능허대로149번길 6,,S20301 / 옥련1동,미방문,
삼흥카공업사,인천광역시 남동구,공구점,,인천광역시 남동구 논현고잔로 44,,S20301 / 논현고잔동,미방문,
대성열쇠철물,인천광역시 부평구,철물점,,인천광역시 부평구 충선로 121,,G21001 / 부개3동,미방문,
덕인라디에타공업사,인천광역시 동구,공구점,,인천광역시 동구 중봉대로68번길 21,,S20301 / 송현3동,미방문,
삼성철물,인천광역시 미추홀구,철물점,,인천광역시 미추홀구 미추홀대로578번길 80,,G21001 / 주안8동,미방문,
광근철물,인천광역시 남동구,철물점,,인천광역시 남동구 호구포로 780,,G21001 / 구월4동,미방문,
동아철물,인천광역시 계양구,철물점,,인천광역시 계양구 주부토로 518,,G21201 / 계산3동,미방문,
양구철물,인천광역시,철물점,,인천광역시 강화군 내가면 강화서로 222,,G21001 / 내가면,미방문,
건우전기철물,인천광역시 미추홀구,철물점,,인천광역시 미추홀구 석바위로 17,,G21001 / 도화1동,미방문,
진성철물열쇠사,인천광역시 남동구,철물점,,인천광역시 남동구 포구로 35,,G21001 / 논현1동,미방문,
수정철물,인천광역시 미추홀구,철물점,,인천광역시 미추홀구 주안동로 22,,G21001 / 주안6동,미방문,
금성철물,인천광역시 미추홀구,철물점,,인천광역시 미추홀구 신기길 40,,G21001 / 주안7동,미방문,
강원인삼약초건재,인천광역시 계양구,건자재점,,인천광역시 계양구 새벌로 132,,G22199 / 효성1동,미방문,
형제철물,인천광역시 서구,철물점,,인천광역시 서구 승학로506번길 33,,G21001 / 검암경서동,미방문,
우리철물,인천광역시 부평구,철물점,,인천광역시 부평구 마장로426번길 14,,G21001 / 청천2동,미방문,
평택공구철물,인천광역시 계양구,철물점,,인천광역시 계양구 장제로 922,,G21001 / 계양2동,미방문,
현대설비철물,인천광역시 계양구,철물점,,인천광역시 계양구 효서로 273,,G21001 / 작전1동,미방문,
동아철물,인천광역시 연수구,철물점,,인천광역시 연수구 넘말로79번길 5,,G21001 / 선학동,미방문,
마이카공업사,인천광역시 서구,공구점,,인천광역시 서구 백범로 920-1,,S20301 / 가좌1동,미방문,
한국철물,인천광역시 서구,철물점,,인천광역시 서구 서달로163번길 4,,G21001 / 가정3동,미방문,
금강철물점,인천광역시 부평구,철물점,,인천광역시 부평구 하정로 11,,G21001 / 십정2동,미방문,
효성철물,인천광역시 계양구,철물점,,인천광역시 계양구 안남로 498,,G21201 / 효성2동,미방문,
맘스터치송도8공구점,인천광역시 연수구,공구점,,인천광역시 연수구 센트럴로 415,,I21004 / 송도5동,미방문,
경기종합철물,인천광역시 중구,철물점,,인천광역시 중구 서해대로454번길 15-1,,G21001 / 신흥동,미방문,
우성전기철물,인천광역시 남동구,철물점,,인천광역시 남동구 구월남로327번길 4,,G21001 / 만수5동,미방문,
현대공업사,인천광역시 남동구,공구점,,인천광역시 남동구 문화로 157,,S20301 / 구월3동,미방문,
남동제2공구상가조합주,인천광역시 남동구,공구점,,인천광역시 남동구 논현고잔로109번길 106,,R10311 / 논현고잔동,미방문,
삼성종합철물,인천광역시 미추홀구,철물점,,인천광역시 미추홀구 신기길 49,,G21001 / 주안7동,미방문,
원우공업사,인천광역시 중구,공구점,,인천광역시 중구 서해대로180번길 40,,S20301 / 신흥동,미방문,
용현철물건재,인천광역시 미추홀구,건자재점,,인천광역시 미추홀구 미추로 62,,G21001 / 숭의1.3동,미방문,
제일철물,인천광역시 중구,철물점,,인천광역시 중구 우현로35번길 15-1,,G21001 / 신포동,미방문,
만수철물,인천광역시 남동구,철물점,,인천광역시 남동구 만수로 17,,G21001 / 만수2동,미방문,
남주건재자원,인천광역시 중구,건자재점,,인천광역시 중구 인중로34번길 10,,G21099 / 신흥동,미방문,
철물대장,인천광역시 미추홀구,철물점,,인천광역시 미추홀구 소성로 188-1,,G21001 / 학익1동,미방문,
믿음철물,인천광역시 남동구,철물점,,인천광역시 남동구 석산로 235,,G21001 / 간석2동,미방문,
형제공구할인마트,인천광역시 계양구,공구점,,인천광역시 계양구 경명대로 1016,,G21001 / 계산1동,미방문,
종합공구철물,인천광역시 부평구,철물점,,인천광역시 부평구 마장로 421,,G21001 / 청천1동,미방문,
장기철물건재,인천광역시 계양구,건자재점,,인천광역시 계양구 장기로10번길 3,,G21001 / 계양1동,미방문,
공진카공업사,인천광역시 부평구,공구점,,인천광역시 부평구 새갈로 25,,S20301 / 갈산1동,미방문,
거성철물상사,인천광역시 미추홀구,철물점,,인천광역시 미추홀구 한나루로 405-1,,G21001 / 학익1동,미방문,
동화철물공구,인천광역시 계양구,철물점,,인천광역시 계양구 계양대로 140,,G21001 / 작전2동,미방문,
미래전기철물장식,인천광역시 미추홀구,철물점,,인천광역시 미추홀구 구월로40번길 28,,G21001 / 주안6동,미방문,
달구지카공업사,인천광역시 서구,공구점,,인천광역시 서구 승학로 438,,S20301 / 검암경서동,미방문,
우리철물,인천광역시 부평구,철물점,,인천광역시 부평구 경인로1104번길 38-6,,G21001 / 부개1동,미방문,
성종카공업사,인천광역시 부평구,공구점,,인천광역시 부평구 배곶로 34,,S20301 / 십정2동,미방문,
철물바다,인천광역시 남동구,철물점,,인천광역시 남동구 복개서로 31,,G21001 / 구월4동,미방문,
한진카공업사,인천광역시 계양구,공구점,,인천광역시 계양구 봉오대로 531,,S20301 / 효성1동,미방문,
도깨비냉장고아이스크림할인점1공구점,인천광역시 연수구,공구점,,인천광역시 연수구 신송로 165-14,,G20507 / 송도2동,미방문,
청수카공업사세차장,인천광역시 계양구,공구점,,인천광역시 계양구 까치말로 21,,S20302 / 작전서운동,미방문,
강서철물,인천광역시,철물점,,인천광역시 강화군 하점면 강화대로 1283,,G21001 / 하점면,미방문,
현대카공업사,인천광역시 중구,공구점,,인천광역시 중구 연안부두로75번길 41,,S20301 / 연안동,미방문,
바우철물.자전거수리,인천광역시 계양구,철물점,,인천광역시 계양구 안남로 540,,G21001 / 효성1동,미방문,
현대철물,인천광역시 서구,철물점,,인천광역시 서구 염곡로 293,,G21001 / 석남1동,미방문,
만석현대공업사,인천광역시 동구,공구점,,인천광역시 동구 보세로 65,,S20301 / 만석동,미방문,
동아철물,인천광역시 미추홀구,철물점,,인천광역시 미추홀구 매소홀로 436,,G21001 / 학익1동,미방문,
제일공업사,인천광역시 부평구,공구점,,인천광역시 부평구 장제로 151,,S20301 / 부평4동,미방문,
충북철물,인천광역시 서구,철물점,,인천광역시 서구 건지로284번길 53-1,,G21001 / 가좌1동,미방문,
남문철물,인천광역시,철물점,,인천광역시 강화군 강화읍 부조고개길 1,,G21001 / 강화읍,미방문,
강원철물전기조명,인천광역시 계양구,건자재점,,인천광역시 계양구 계양산로215번길 11,,G21201 / 계양2동,미방문,
동산공업사,인천광역시 중구,공구점,,인천광역시 중구 도원로8번길 67,,S20301 / 도원동,미방문,
드림카공업사,인천광역시 동구,공구점,,인천광역시 동구 송화로42번길 16-1,,S20301 / 화수2동,미방문,
삼성철물점,인천광역시 미추홀구,철물점,,인천광역시 미추홀구 주안서로 8,,G21001 / 주안1동,미방문,
서구농자재,인천광역시,농자재점,,인천광역시 강화군 교동면 교동남로 5,,G21099 / 교동면,미방문,
영진공업사,인천광역시 서구,공구점,,인천광역시 서구 백범로934번길 8,,S20301 / 가좌1동,미방문,
현대조명철물,인천광역시 서구,건자재점,,인천광역시 서구 도요지로 186,,G21201 / 검암경서동,미방문,
동광공업사,인천광역시 부평구,공구점,,인천광역시 부평구 항동로 147,,S20301 / 일신동,미방문,
만물공업사,인천광역시 미추홀구,공구점,,인천광역시 미추홀구 남주길125번길 27,,G21001 / 주안2동,미방문,
형제전기열쇠철물,인천광역시 미추홀구,철물점,,인천광역시 미추홀구 인하로 295,,G21001 / 주안8동,미방문,
LINE기계공구,인천광역시,공구점,,인천광역시 강화군 강화읍 강화대로 322,,G21001 / 강화읍,미방문,
주민전기철물,인천광역시 남동구,철물점,,인천광역시 남동구 인하로411번길 30-6,,G21001 / 구월3동,미방문,
강남철물,인천광역시 남동구,철물점,,인천광역시 남동구 남촌로 83,,G21001 / 남촌도림동,미방문,
한국종합철물,인천광역시 부평구,철물점,,인천광역시 부평구 주부토로172번길 32,,G21001 / 갈산2동,미방문,
원광공업사,인천광역시 동구,공구점,,인천광역시 동구 염전로 58,,S20301 / 송림6동,미방문,
남동구우리정비공업사,인천광역시 남동구,공구점,,인천광역시 남동구 복개동로 8-1,,S20301 / 만수1동,미방문,
제일공업사,인천광역시 미추홀구,공구점,,인천광역시 미추홀구 용오로 6,,S20301 / 용현5동,미방문,
대영카공업사,인천광역시 남동구,공구점,,인천광역시 남동구 소래역동로 11,,S20301 / 논현1동,미방문,
대풍건재,인천광역시 동구,건자재점,,인천광역시 동구 화도진로 57,,G21099 / 송현1.2동,미방문,
현대철물,인천광역시 계양구,철물점,,인천광역시 계양구 효서로 210,,G21001 / 효성2동,미방문,
팔복철물종합설비,인천광역시 부평구,철물점,,인천광역시 부평구 세월천로 194-6,,G21001 / 청천1동,미방문,
경인건재,인천광역시 미추홀구,건자재점,,인천광역시 미추홀구 연송로 56,,G21099 / 도화2.3동,미방문,
돌고래카공업사,인천광역시 남동구,공구점,,인천광역시 남동구 만월로 22,,S20301 / 간석3동,미방문,
동서울카공업사,인천광역시 부평구,공구점,,인천광역시 부평구 평천로 170,,S20301 / 청천2동,미방문,
대룡종합전기철물,인천광역시 남동구,철물점,,인천광역시 남동구 모래내로25번길 12,,G21001 / 구월4동,미방문,
케이비공업사,인천광역시 미추홀구,공구점,,인천광역시 미추홀구 숙골로 52-5,,S20302 / 도화2.3동,미방문,
수영공업사,인천광역시 계양구,공구점,,인천광역시 계양구 계산새로33번길 3,,S20301 / 계산3동,미방문,
수석공업사,인천광역시 서구,공구점,,인천광역시 서구 건지로318번길 17,,S20301 / 가좌3동,미방문,
현대그린공업사,인천광역시 부평구,공구점,,인천광역시 부평구 안남로434번길 23,,S20301 / 청천2동,미방문,
쌍용철물건재,인천광역시 미추홀구,건자재점,,인천광역시 미추홀구 인주대로408번길 18,,G21001 / 주안8동,미방문,
정성카공업사,인천광역시 계양구,공구점,,인천광역시 계양구 계양대로 108,,S20301 / 작전2동,미방문,
북항공구철물종합상사,인천광역시 서구,철물점,,인천광역시 서구 북항로 49,,G21001 / 석남2동,미방문,
삼성건재상사,인천광역시 부평구,건자재점,,인천광역시 부평구 원적로471번길 36,,G21003 / 부평1동,미방문,
차사랑공업사,인천광역시 서구,공구점,,인천광역시 서구 염곡로 52,,S20301 / 가좌1동,미방문,
주안철물점,인천광역시 미추홀구,철물점,,인천광역시 미추홀구 경인로326번길 6,,G21001 / 도화1동,미방문,
신포철물,인천광역시 중구,철물점,,인천광역시 중구 우현로49번길 26,,G21001 / 동인천동,미방문,
현대카공업사,인천광역시 서구,공구점,,인천광역시 서구 거북로 39,,S20301 / 석남2동,미방문,
한양철물,인천광역시 미추홀구,철물점,,인천광역시 미추홀구 토금남로 53,,G21001 / 용현5동,미방문,
닌자철물,인천광역시 미추홀구,철물점,,인천광역시 미추홀구 인하로134번길 24-23,,G21001 / 용현1.4동,미방문,
정훈카공업사,인천광역시 중구,공구점,,인천광역시 중구 신포로15번길 42,,S20301 / 신포동,미방문,
정원철물,인천광역시,철물점,,인천광역시 옹진군 영흥면 선재로 102,,N11101 / 영흥면,미방문,
남동철물전기조명,인천광역시 남동구,건자재점,,인천광역시 남동구 포구로 75,,G21001 / 논현1동,미방문,
정석카공업사,인천광역시 서구,공구점,,인천광역시 서구 열우물로197번길 8,,S20301 / 가좌4동,미방문,
다있다철물,인천광역시 부평구,철물점,,인천광역시 부평구 경인로999번길 15,,G21001 / 부평6동,미방문,
복있는공업사,인천광역시 중구,공구점,,인천광역시 중구 연안부두로43번길 23-1,,S20301 / 연안동,미방문,
동현철물집수리,인천광역시 서구,철물점,,인천광역시 서구 서달로137번길 12-13,,G21001 / 석남3동,미방문,
금강철물점,인천광역시,철물점,,인천광역시 강화군 강화읍 중앙로 31,,G21001 / 강화읍,미방문,
진성철물,인천광역시 서구,철물점,,인천광역시 서구 길주로76번길 18,,G21001 / 석남2동,미방문,
철물,인천광역시 남동구,철물점,,인천광역시 남동구 논현로 165,,G21001 / 논현1동,미방문,
금강중기공업사,인천광역시 중구,공구점,,인천광역시 중구 서해대로94번길 11,,S20301 / 신흥동,미방문,
돌쇠철물전기편의점,인천광역시 미추홀구,철물점,,인천광역시 미추홀구 한나루로357번길 5-32,,G21001 / 학익1동,미방문,
오토세븐카공업사,인천광역시 서구,공구점,,인천광역시 서구 승학로 587,,S20301 / 검암경서동,미방문,
신용철물,인천광역시 미추홀구,철물점,,인천광역시 미추홀구 동주길 139,,G21001 / 주안4동,미방문,
송도종합철물,인천광역시 연수구,철물점,,인천광역시 연수구 컨벤시아대로 81,,G21001 / 송도1동,미방문,
다복철물,인천광역시 서구,철물점,,인천광역시 서구 석남로109번길 4,,G21001 / 석남2동,미방문,
약손명가에스테틱송도일공구점,인천광역시 연수구,공구점,,인천광역시 연수구 신송로 154,,S20702 / 송도2동,미방문,
믿음철물공사,인천광역시 남동구,철물점,,인천광역시 남동구 서판로6번길 21,,G21001 / 만수3동,미방문,
삼산철물,인천광역시 부평구,철물점,,인천광역시 부평구 영성서로 10,,G21001 / 삼산1동,미방문,
계양카공업사세차장,인천광역시 계양구,공구점,,인천광역시 계양구 봉오대로698번길 6-1,,S20301 / 작전1동,미방문,
정비마을준카공업사,인천광역시 연수구,공구점,,인천광역시 연수구 청량로185번길 5,,S20301 / 옥련1동,미방문,
휴대폰공업사,인천광역시 서구,공구점,,인천광역시 서구 승학로 528,,G20802 / 검암경서동,미방문,
논현철물건재,인천광역시 남동구,건자재점,,인천광역시 남동구 소래역서로 5,,G21001 / 논현1동,미방문,
이천철물,인천광역시 남동구,철물점,,인천광역시 남동구 구월남로342번길 27,,G21001 / 만수1동,미방문,
류성철물점,인천광역시 중구,철물점,,인천광역시 중구 홍예문로68번길 28,,G21001 / 동인천동,미방문,
영동전기철물,인천광역시 미추홀구,철물점,,인천광역시 미추홀구 석정로 371,,G21001 / 주안5동,미방문,
중앙철물,인천광역시 서구,철물점,,인천광역시 서구 서곶로 788,,G21001 / 당하동,미방문,
명문공업사,인천광역시 남동구,공구점,,인천광역시 남동구 구월남로 356,,S20301 / 만수1동,미방문,
하나철물,인천광역시 부평구,철물점,,인천광역시 부평구 장제로 367,,G21001 / 갈산1동,미방문,
대우철물,인천광역시 부평구,철물점,,인천광역시 부평구 세월천로 34,,G21001 / 청천2동,미방문,
부평로카공업사,인천광역시 부평구,공구점,,인천광역시 부평구 부평북로 143,,S20301 / 청천2동,미방문,
대원공업사,인천광역시,공구점,,인천광역시 옹진군 대청면 대청북로 61,,S20301 / 대청면,미방문,
미래종합건재,인천광역시 부평구,건자재점,,인천광역시 부평구 장제로221번길 36,,G21001 / 부평4동,미방문,
서해카공업사,인천광역시 부평구,공구점,,인천광역시 부평구 평천로 357,,S20301 / 갈산1동,미방문,
원영철물,인천광역시,철물점,,인천광역시 강화군 강화읍 강화대로 446,,G21001 / 강화읍,미방문,
용인카공업사,인천광역시 연수구,공구점,,인천광역시 연수구 청량로194번길 16-1,,S20301 / 옥련1동,미방문,
강한가설건재,인천광역시 서구,건자재점,,인천광역시 서구 봉오대로318번길 23,,N11199 / 가정2동,미방문,
부흥카공업사,인천광역시,공구점,,인천광역시 강화군 선원면 강화동로 914,,S20301 / 선원면,미방문,
진영카공업사,인천광역시 동구,공구점,,인천광역시 동구 방축로37번길 30,,S20301 / 송현3동,미방문,
뉴종합1급공업사주,인천광역시 서구,공구점,,인천광역시 서구 봉수대로277번길 3,,S20301 / 석남2동,미방문,
영진공구상사,인천광역시 남동구,공구점,,인천광역시 남동구 남동대로 682,,G21001 / 구월1동,미방문,
대흥카공업사,인천광역시 서구,공구점,,인천광역시 서구 건지로284번길 90,,S20301 / 가좌1동,미방문,
원할머니보쌈족발송도8공구점,인천광역시 연수구,공구점,,인천광역시 연수구 센트럴로 415,,I20103 / 송도5동,미방문,
원진철물상사,인천광역시 미추홀구,철물점,,인천광역시 미추홀구 인주대로 312,,G21001 / 주안3동,미방문,
강화현대공업사,인천광역시,공구점,,인천광역시 강화군 선원면 강화동로 994,,S20301 / 선원면,미방문,
미추홀현대카공업사,인천광역시 미추홀구,공구점,,인천광역시 미추홀구 장천로 69,,S20301 / 숭의2동,미방문,
청농모터스카공업사,인천광역시 부평구,공구점,,인천광역시 부평구 청농로 35,,S20301 / 청천1동,미방문,
신흥철물,인천광역시 남동구,철물점,,인천광역시 남동구 백범로157번길 5,,G21001 / 만수5동,미방문,
강화철물건재,인천광역시 연수구,건자재점,,인천광역시 연수구 한나루로 186,,G21001 / 옥련1동,미방문,
서해건재,인천광역시 연수구,건자재점,,인천광역시 연수구 용담로 54,,G21001 / 청학동,미방문,
운연공업사,인천광역시 남동구,공구점,,인천광역시 남동구 운연로 148-18,,S20301 / 장수서창동,미방문,
세현건재설비,인천광역시 서구,건자재점,,인천광역시 서구 건지로334번길 10,,G21001 / 가좌3동,미방문,
연수종합철물,인천광역시 연수구,철물점,,인천광역시 연수구 샘말로 95-2,,G21001 / 연수2동,미방문,
두정철물점,인천광역시 중구,철물점,,인천광역시 중구 운남로248번길 73,,G21001 / 영종동,미방문,
부천공업사,인천광역시 미추홀구,공구점,,인천광역시 미추홀구 염전로201번길 80,,N10202 / 도화2.3동,미방문,
태평양건재,인천광역시 동구,건자재점,,인천광역시 동구 화도진로 106,,G21001 / 화수1.화평동,미방문,
이가철물전기,인천광역시 부평구,철물점,,인천광역시 부평구 길주로 639,,G21001 / 삼산2동,미방문,
윤성공구철물마켓,인천광역시 서구,철물점,,인천광역시 서구 봉수대로 1354,,G21001 / 오류왕길동,미방문,
철물홈마트,인천광역시 부평구,철물점,,인천광역시 부평구 평천로142번길 49-1,,G21001 / 청천2동,미방문,
대흥건재,인천광역시 미추홀구,건자재점,,인천광역시 미추홀구 토금북로 25,,G21001 / 용현5동,미방문,
성주공업사,인천광역시 서구,공구점,,인천광역시 서구 거첨로 295,,S20301 / 오류왕길동,미방문,
인천전기철물,인천광역시 남동구,철물점,,인천광역시 남동구 소래로 707,,G21001 / 만수1동,미방문,
블루오토공업사,인천광역시 남동구,공구점,,인천광역시 남동구 인주대로 772,,S20301 / 구월4동,미방문,
미래카공업사,인천광역시 미추홀구,공구점,,인천광역시 미추홀구 능해길 55,,S20301 / 용현2동,미방문,
남동설비철물,인천광역시,철물점,,인천광역시 옹진군 영흥면 영흥로 256,,G21001 / 영흥면,미방문,
21세기모터스공업사,인천광역시 계양구,공구점,,인천광역시 계양구 까치말로49번길 1,,S20301 / 작전서운동,미방문,
유진공업사,인천광역시 부평구,공구점,,인천광역시 부평구 영성중로15번길 2,,S20301 / 삼산1동,미방문,
씨유송림공구상가,인천광역시 동구,공구점,,인천광역시 동구 봉수대로 98,,G20405 / 송림4동,미방문,
명품철물,인천광역시 계양구,철물점,,인천광역시 계양구 임학동로 37,,G21001 / 계양2동,미방문,
세계철물,인천광역시 서구,철물점,,인천광역시 서구 검단로501번안길 28,,G21001 / 검단동,미방문,
제왕철물,인천광역시 중구,철물점,,인천광역시 중구 연안부두로 35,,G21001 / 연안동,미방문,
청담동순도리 송도5공구점,인천광역시 연수구,공구점,,인천광역시 연수구 첨단대로 40,,I20101 / 송도3동,미방문,
청라제일철물건재공구,인천광역시 서구,건자재점,,인천광역시 서구 보석로12번안길 22,,G21001 / 청라3동,미방문,
대영철물공구상사,인천광역시 부평구,철물점,,인천광역시 부평구 부평대로 103,,G21001 / 부평1동,미방문,
중앙철물,인천광역시,철물점,,인천광역시 강화군 길상면 온수길 31,,G21001 / 길상면,미방문,
양지전기철물,인천광역시 연수구,철물점,,인천광역시 연수구 원인재로 59,,G21001 / 동춘2동,미방문,
구일철물,인천광역시 남동구,철물점,,인천광역시 남동구 남동대로 719,,G21001 / 구월3동,미방문,
인천종합건재,인천광역시 남동구,건자재점,,인천광역시 남동구 논고개로136번길 11,,G21099 / 논현1동,미방문,
딱풀리는수학송도3공구점기탄사고력교실송도학원,인천광역시 연수구,공구점,,인천광역시 연수구 컨벤시아대로230번길 54,,P10501 / 송도4동,미방문,
심쿵공구마트,인천광역시 남동구,공구점,,인천광역시 남동구 백범로 358,,G20905 / 간석3동,미방문,
송도주먹고기송도8공구점,인천광역시 연수구,공구점,,인천광역시 연수구 랜드마크로 20,,I20107 / 송도5동,미방문,
전주현대옥송도5공구점,인천광역시 연수구,공구점,,인천광역시 연수구 첨단대로 40,,I20102 / 송도3동,미방문,
오세요철물,인천광역시 부평구,철물점,,인천광역시 부평구 마장로 192-1,,G21001 / 산곡3동,미방문,
윤성철물,인천광역시 남동구,철물점,,인천광역시 남동구 인주대로763번길 33,,G21001 / 구월4동,미방문,
탕화쿵푸마라탕송도5공구점,인천광역시 연수구,공구점,,인천광역시 연수구 첨단대로 40,,I20202 / 송도3동,미방문,
동신카공업사,인천광역시 남동구,공구점,,인천광역시 남동구 예술로352번길 1,,S20301 / 간석4동,미방문,
청라태영철물공구,인천광역시 서구,철물점,,인천광역시 서구 청라커낼로319번길 7,,G21001 / 청라2동,미방문,
삼보종합철물,인천광역시 계양구,철물점,,인천광역시 계양구 주부토로472번길 36,,G21001 / 작전1동,미방문,
신현대기아공업사,인천광역시 남동구,공구점,,인천광역시 남동구 인주대로850번길 31-15,,S20301 / 만수6동,미방문,
정민철물인테리어,인천광역시 계양구,건자재점,,인천광역시 계양구 작전시장로 17,,M11201 / 작전2동,미방문,
충남철물,인천광역시 미추홀구,철물점,,인천광역시 미추홀구 길파로28번길 22,,G21001 / 주안5동,미방문,
열린철물,인천광역시 남동구,철물점,,인천광역시 남동구 청능대로718번길 7,,G21001 / 논현1동,미방문,
대신건재상사,인천광역시 남동구,건자재점,,인천광역시 남동구 예술로268번길 32,,G21001 / 간석1동,미방문,
계산동1급공업사,인천광역시 계양구,공구점,,인천광역시 계양구 계양문화로 54,,G20202 / 계산4동,미방문,
동아철물,인천광역시 남동구,철물점,,인천광역시 남동구 인주대로676번길 9,,G21001 / 구월1동,미방문,
천일전기조명철물,인천광역시 남동구,건자재점,,인천광역시 남동구 간석로72번길 49,,G21201 / 간석3동,미방문,
당하카공업사,인천광역시 서구,공구점,,인천광역시 서구 고산후로95번안길 31,,S20301 / 원당동,미방문,
우진공업사위탁급식소,인천광역시 남동구,공구점,,인천광역시 남동구 남동대로410번길 43,,I20701 / 남촌도림동,미방문,
라벨르봄송도8공구점,인천광역시 연수구,공구점,,인천광역시 연수구 랜드마크로 113,,S20701 / 송도5동,미방문,
오성철물전기슈퍼,인천광역시 부평구,철물점,,인천광역시 부평구 백운로 18,,G20404 / 부평3동,미방문,
남양전기철물,인천광역시 미추홀구,철물점,,인천광역시 미추홀구 주안로 48-1,,G21001 / 주안1동,미방문,
영신종합철물,인천광역시 부평구,철물점,,인천광역시 부평구 대정로 77,,G21001 / 부평5동,미방문,
영성철물건재,인천광역시 부평구,건자재점,,인천광역시 부평구 일신로 6,,G21001 / 일신동,미방문,
함박철물집수리,인천광역시 연수구,철물점,,인천광역시 연수구 함박로92번길 4,,G21001 / 연수1동,미방문,
두산철물,인천광역시 부평구,철물점,,인천광역시 부평구 갈월서로 45,,G21001 / 갈산2동,미방문,
명승인테리어철물,인천광역시 남동구,건자재점,,인천광역시 남동구 벽돌말로 6,,M11201 / 간석4동,미방문,
부일농자재,인천광역시,농자재점,,인천광역시 옹진군 영흥면 선재로 158,,G21001 / 영흥면,미방문,
마라공방3공구점,인천광역시 연수구,공구점,,인천광역시 연수구 컨벤시아대로230번길 54,,I20202 / 송도4동,미방문,
태건철물전기,인천광역시 미추홀구,철물점,,인천광역시 미추홀구 주승로 195,,G21099 / 관교동,미방문,
대성카공업사,인천광역시 미추홀구,공구점,,인천광역시 미추홀구 인하로 213,,S20301 / 주안3동,미방문,
나이스카공업사,인천광역시 중구,공구점,,인천광역시 중구 도원로 19,,S20301 / 신흥동,미방문,
현대공구철물종합상사,인천광역시 서구,철물점,,인천광역시 서구 북항로 30,,G21001 / 신현원창동,미방문,
케이비공업사,인천광역시 서구,공구점,,인천광역시 서구 건지로318번길 32,,S20302 / 가좌3동,미방문,
금별맥주송도8공구점,인천광역시 연수구,공구점,,인천광역시 연수구 랜드마크로 20,,I21103 / 송도5동,미방문,
동명공업사,인천광역시 미추홀구,공구점,,인천광역시 미추홀구 아암대로227번길 70-17,,S20301 / 학익1동,미방문,
비비큐송도8공구점,인천광역시 연수구,공구점,,인천광역시 연수구 랜드마크로 68,,I21006 / 송도5동,미방문,
안동국밥곰탕송도8공구점,인천광역시 연수구,공구점,,인천광역시 연수구 아트센터대로168번길 101,,I20101 / 송도2동,미방문,
인천공업사카컨,인천광역시 남동구,공구점,,인천광역시 남동구 문화서로49번길 40,,S20301 / 구월3동,미방문,
북촌철물,인천광역시 미추홀구,철물점,,인천광역시 미추홀구 길파로35번길 41,,G21001 / 주안5동,미방문,
현대전기철물,인천광역시 서구,철물점,,인천광역시 서구 율도로77번길 27,,G21001 / 신현원창동,미방문,
대성철물,인천광역시 연수구,철물점,,인천광역시 연수구 함박로 64,,G21001 / 연수1동,미방문,
형제철물,인천광역시,철물점,,인천광역시 강화군 내가면 강화서로 244,,G21099 / 내가면,미방문,
경동건재,인천광역시 미추홀구,건자재점,,인천광역시 미추홀구 인주대로197번길 4,,G21001 / 용현1.4동,미방문,
백오공구철물,인천광역시 서구,철물점,,인천광역시 서구 고산후로 198,,G21001 / 원당동,미방문,
영광철물,인천광역시 부평구,철물점,,인천광역시 부평구 경인로 1105,,G21001 / 일신동,미방문,
꽈뜨봉치킨송도68공구점,인천광역시 연수구,공구점,,인천광역시 연수구 센트럴로 415,,I21006 / 송도5동,미방문,
빵꾸똥꾸문구야송도3공구점,인천광역시 연수구,공구점,,인천광역시 연수구 컨벤시아대로230번길 54,,G21302 / 송도4동,미방문,
한강철물;설비,인천광역시 부평구,철물점,,인천광역시 부평구 안남로222번길 27,,G21001 / 산곡4동,미방문,
충남전기철물전자조명,인천광역시 남동구,건자재점,,인천광역시 남동구 만수로 95,,G21001 / 만수2동,미방문,
인천1급공업사태양모터스,인천광역시 서구,공구점,,인천광역시 서구 봉수대로161번길 30,,G20202 / 가좌1동,미방문,
춘리마라탕송도8공구점,인천광역시 연수구,공구점,,인천광역시 연수구 랜드마크로 20,,I20202 / 송도5동,미방문,
청라1급공업사태양모터스,인천광역시 서구,공구점,,인천광역시 서구 길주로 6,,S20301 / 석남2동,미방문,
간석철물페인트,인천광역시 남동구,건자재점,,인천광역시 남동구 호구포로 859,,G21001 / 구월2동,미방문,
인천1급공업사신송모터스,인천광역시 중구,공구점,,인천광역시 중구 축항대로296번길 16,,S20301 / 신흥동,미방문,
대일철물,인천광역시 서구,철물점,,인천광역시 서구 파랑로 240,,G21001 / 신현원창동,미방문,
현재공업사,인천광역시 서구,공구점,,인천광역시 서구 북항로31번길 38,,S20302 / 석남2동,미방문,
부평공업사태양모터스,인천광역시 부평구,공구점,,인천광역시 부평구 부흥로294번길 4,,G20202 / 부평4동,미방문,
이삭공업사,인천광역시 서구,공구점,,인천광역시 서구 북항로31번길 38,,S20302 / 석남2동,미방문,
엘케이검단공업사,인천광역시 서구,공구점,,인천광역시 서구 반월로 117,,S20301 / 오류왕길동,미방문,
대부모터스공업사,인천광역시 미추홀구,공구점,,인천광역시 미추홀구 참외전로 349,,S20301 / 숭의1.3동,미방문,
종합전기철물,인천광역시 남동구,철물점,,인천광역시 남동구 구월말로 114,,G21001 / 만수5동,미방문,
철물박사,인천광역시 계양구,철물점,,인천광역시 계양구 봉오대로 706,,G21001 / 작전1동,미방문,
칠성건재상,인천광역시,건자재점,,인천광역시 옹진군 영흥면 영흥북로35번길 99,,G21001 / 영흥면,미방문,
제일카공업사,인천광역시 남동구,공구점,,인천광역시 남동구 장승로 74,,S20301 / 만수6동,미방문,
충북철물건재,인천광역시 남동구,건자재점,,인천광역시 남동구 석산로 214,,G21001 / 구월2동,미방문,
솥고집송도8공구점,인천광역시 연수구,공구점,,인천광역시 연수구 랜드마크로 20,,I20107 / 송도5동,미방문,
씨유호반8공구점,인천광역시 연수구,공구점,,인천광역시 연수구 랜드마크로 20,,G20405 / 송도5동,미방문,
미성공구철물,인천광역시 동구,철물점,,인천광역시 동구 방축로37번길 30,,G21001 / 송현3동,미방문,
고려철물,전라남도 장성군,철물점,,전라남도 장성군 장성읍 역전로 143,,G21001 / 장성읍,미방문,
삼거리철물점,전라남도 여수시,철물점,,전라남도 여수시 소라면 주삼덕양로 16,,G21001 / 소라면,미방문,
신월부분정비공업사,전라남도 여수시,공구점,,전라남도 여수시 신월2길 7,,S20301 / 월호동,미방문,
백련카부분정비공업사,전라남도 목포시,공구점,,전라남도 목포시 백년대로 85,,S20301 / 용당2동,미방문,
대성공업사,전라남도 완도군,공구점,,전라남도 완도군 군외면 청해진로 136,,S20301 / 군외면,미방문,
대신종합건재,전라남도 여수시,건자재점,,전라남도 여수시 화산로 46,,G21001 / 여천동,미방문,
금덕철물,전라남도 여수시,철물점,,전라남도 여수시 어항단지로 53,,G20404 / 국동,미방문,
광양친환경농자재,전라남도 광양시,농자재점,,전라남도 광양시 진상면 옥진로 1129,,G22199 / 진상면,미방문,
정부분정비공업사,전라남도 해남군,공구점,,전라남도 해남군 문내면 명량로 155,,S20301 / 문내면,미방문,
능주부분정비공업사,전라남도 화순군,공구점,,전라남도 화순군 능주면 학포로 1859,,S20301 / 능주면,미방문,
황금농자재할인마트,전라남도 무안군,농자재점,,전라남도 무안군 운남면 운해로 596,,G22199 / 운남면,미방문,
운남농자재유통,전라남도 무안군,농자재점,,전라남도 무안군 운남면 운해로 558,,G22199 / 운남면,미방문,
농기구보일러,전라남도 순천시,농자재점,,전라남도 순천시 주암면 용촌2길 16,,S20601 / 주암면,미방문,
영신철물건재,전라남도 여수시,건자재점,,전라남도 여수시 율촌면 율촌로 71,,G21001 / 율촌면,미방문,
선진친환경농자재,전라남도 해남군,농자재점,,전라남도 해남군 해남읍 명량로 2995-1,,G22199 / 해남읍,미방문,
새농원농자재마트,전라남도 나주시,농자재점,,전라남도 나주시 남평읍 지석로 25,,G21001 / 남평읍,미방문,
예당건재사,전라남도 보성군,건자재점,,전라남도 보성군 득량면 예당중앙길 25,,G21001 / 득량면,미방문,
신비카전문정비공업사,전라남도 신안군,공구점,,전라남도 신안군 비금면 서남문로 801,,S20301 / 비금면,미방문,
종합공업사,전라남도 순천시,공구점,,전라남도 순천시 해룡면 발흥길 5-1,,S20301 / 해룡면,미방문,
남창철물점,전라남도 해남군,철물점,,전라남도 해남군 북평면 달량진길 58,,G21001 / 북평면,미방문,
광주공구철물,전라남도 구례군,철물점,,전라남도 구례군 구례읍 구례로 498,,G21001 / 구례읍,미방문,
제일철물,전라남도 담양군,철물점,,전라남도 담양군 담양읍 계동길 9,,G21001 / 담양읍,미방문,
삼영농자재,전라남도 나주시,농자재점,,전라남도 나주시 예향로 3958,,G21001 / 영강동,미방문,
광주철물,전라남도 무안군,철물점,,전라남도 무안군 해제면 봉대로 50,,G21001 / 해제면,미방문,
한얼카부분정비공업사,전라남도 여수시,공구점,,전라남도 여수시 대통2길 68,,S20301 / 여천동,미방문,
농기구수리센타,전라남도 보성군,농자재점,,전라남도 보성군 득량면 녹색로 3447,,S20301 / 득량면,미방문,
신한건재,전라남도 곡성군,건자재점,,전라남도 곡성군 석곡면 석곡로 72,,G21001 / 석곡면,미방문,
금성설비사;금성농자재,전라남도 고흥군,농자재점,,전라남도 고흥군 고흥읍 고흥로 1749-2,,G21001 / 고흥읍,미방문,
산포철물,전라남도 나주시,철물점,,전라남도 나주시 산포면 산포로 461,,G21001 / 산포면,미방문,
호남냉동공업사,전라남도 여수시,공구점,,전라남도 여수시 어항로 41-1,,S20501 / 대교동,미방문,
연산철물공구전기,전라남도 목포시,철물점,,전라남도 목포시 원산중앙로 74,,G21001 / 원산동,미방문,
담양철물,전라남도 담양군,철물점,,전라남도 담양군 창평면 의병로 210,,G21001 / 창평면,미방문,
다리목철물,전라남도 목포시,철물점,,전라남도 목포시 북항로 35,,G21001 / 목원동,미방문,
제일카부분정비공업사,전라남도 여수시,공구점,,전라남도 여수시 무선로 249-4,,S20301 / 여천동,미방문,
대성건재철물공구,전라남도 장흥군,건자재점,,전라남도 장흥군 대덕읍 도청신월로 173,,G21001 / 대덕읍,미방문,
삼성종합철물,전라남도 담양군,철물점,,전라남도 담양군 담양읍 죽향문화로 222,,G21001 / 담양읍,미방문,
우정카정비공업사,전라남도 담양군,공구점,,전라남도 담양군 담양읍 무정로 24,,S20301 / 담양읍,미방문,
영신철물점,전라남도 고흥군,철물점,,전라남도 고흥군 고흥읍 여산당촌길 18-1,,G21001 / 고흥읍,미방문,
서이종합철물,전라남도 순천시,철물점,,전라남도 순천시 해룡면 조례못등3길 4-9,,G21001 / 해룡면,미방문,
태양부분정비공업사,전라남도 여수시,공구점,,전라남도 여수시 좌수영로 249,,S20301 / 광림동,미방문,
그랜드부분정비공업사,전라남도 목포시,공구점,,전라남도 목포시 비파로108번길 6,,S20301 / 하당동,미방문,
형제카부분정비공업사,전라남도 해남군,공구점,,전라남도 해남군 산이면 비석길 79,,S20301 / 산이면,미방문,
대형공업사,전라남도 여수시,공구점,,전라남도 여수시 소라면 덕양로 406,,S20301 / 소라면,미방문,
삼일전기철물,전라남도 목포시,철물점,,전라남도 목포시 당가두로38번길 12-2,,G21201 / 부주동,미방문,
정민카전문정비공업사,전라남도 해남군,공구점,,전라남도 해남군 화원면 신덕호길 30,,S20301 / 화원면,미방문,
황금철물,전라남도 고흥군,철물점,,전라남도 고흥군 도양읍 비봉로 167,,G21001 / 도양읍,미방문,
한남종합건재,전라남도 화순군,건자재점,,전라남도 화순군 화순읍 충의로 89,,G21001 / 화순읍,미방문,
호남철물,전라남도 강진군,철물점,,전라남도 강진군 성전면 시천길 21-1,,G21001 / 성전면,미방문,
신일부분정비공업사,전라남도 해남군,공구점,,전라남도 해남군 해남읍 명량로 2988,,S20301 / 해남읍,미방문,
우성공업사,전라남도 광양시,공구점,,전라남도 광양시 항만11로 22,,S20301 / 중마동,미방문,
베스트공업사,전라남도 광양시,공구점,,전라남도 광양시 용장길 4,,S20301 / 골약동,미방문,
순천건축자재,전라남도 순천시,건자재점,,전라남도 순천시 서면 청소년수련원길 5,,N11101 / 서면,미방문,
신태인공업사,전라남도 광양시,공구점,,전라남도 광양시 제철로 1396,,S20301 / 골약동,미방문,
중앙철물,전라남도 광양시,철물점,,전라남도 광양시 광양읍 인서중앙길 16,,G21001 / 광양읍,미방문,
진성공업사,전라남도 순천시,공구점,,전라남도 순천시 주암면 주암오산길 67-29,,S20699 / 주암면,미방문,
평화공업사,전라남도 목포시,공구점,,전라남도 목포시 삼학로 144,,S20301 / 동명동,미방문,
대동철물,전라남도 고흥군,철물점,,전라남도 고흥군 과역면 고흥로 2986,,G21001 / 과역면,미방문,
현대철물건재,전라남도 화순군,건자재점,,전라남도 화순군 화순읍 자치샘로 87,,G21001 / 화순읍,미방문,
금성부분정비공업사,전라남도 여수시,공구점,,전라남도 여수시 장군산길 90,,S20301 / 광림동,미방문,
태산부분정비공업사,전라남도 목포시,공구점,,전라남도 목포시 원산로69번길 38,,S20301 / 원산동,미방문,
산도철물점,전라남도 해남군,철물점,,전라남도 해남군 황산면 시등로 97-4,,G21001 / 황산면,미방문,
금성철물건재상사,전라남도 장흥군,건자재점,,전라남도 장흥군 장흥읍 남부관광로 29,,G21001 / 장흥읍,미방문,
능주철물,전라남도 화순군,철물점,,전라남도 화순군 능주면 석고길 17,,G21001 / 능주면,미방문,
자양전기철물,전라남도 신안군,철물점,,전라남도 신안군 지도읍 해제지도로 1298,,G21001 / 지도읍,미방문,
대성건재,전라남도 고흥군,건자재점,,전라남도 고흥군 도양읍 비봉로 121,,G21099 / 도양읍,미방문,
카매니저정비공업사,전라남도 광양시,공구점,,전라남도 광양시 옥곡면 신금산단5길 31-20,,S20301 / 옥곡면,미방문,
동부철물점,전라남도 완도군,철물점,,전라남도 완도군 신지면 신지로 882,,G21001 / 신지면,미방문,
오우리철물,전라남도 나주시,철물점,,전라남도 나주시 대호길 15,,G21001 / 성북동,미방문,
세운전기철물,전라남도 목포시,철물점,,전라남도 목포시 입암로42번길 31,,G21201 / 신흥동,미방문,
풍덕철물공구건재,전라남도 순천시,건자재점,,전라남도 순천시 남산로 151,,G21001 / 풍덕동,미방문,
현대철물,전라남도 장흥군,철물점,,전라남도 장흥군 안양면 수문용곡로 130-2,,G21001 / 안양면,미방문,
로켓트공업사,전라남도 강진군,공구점,,전라남도 강진군 강진읍 중앙로 45-11,,S20301 / 강진읍,미방문,
고려부분정비공업사,전라남도 목포시,공구점,,전라남도 목포시 하당로 84,,S20301 / 신흥동,미방문,
일진철물,전라남도 목포시,철물점,,전라남도 목포시 삼학로 91,,G21001 / 동명동,미방문,
승평공업사,전라남도 순천시,공구점,,전라남도 순천시 황전면 순천로 1508,,S20301 / 황전면,미방문,
이천철물,전라남도 목포시,철물점,,전라남도 목포시 신지마을1길 17,,G21001 / 삼향동,미방문,
삼영카전문정비공업사,전라남도 영암군,공구점,,전라남도 영암군 영암읍 예향로 1670-5,,S20301 / 영암읍,미방문,
광주카정비공업사,전라남도 곡성군,공구점,,전라남도 곡성군 곡성읍 중앙로 7,,S20301 / 곡성읍,미방문,
황금철물,전라남도 신안군,철물점,,전라남도 신안군 비금면 읍동길 30-19,,G21001 / 비금면,미방문,
요한부분정비공업사카센타,전라남도 목포시,공구점,,전라남도 목포시 옥암로 42,,S20301 / 부흥동,미방문,
형제철물공구,전라남도 화순군,철물점,,전라남도 화순군 화순읍 충의로 125,,G21001 / 화순읍,미방문,
서진철물,전라남도 여수시,철물점,,전라남도 여수시 돌산읍 남외길 24,,G21001 / 돌산읍,미방문,
현대오토밋션부분정비공업사,전라남도 목포시,공구점,,전라남도 목포시 삼향천로 106-1,,S20301 / 옥암동,미방문,
명성철물장식,전라남도 순천시,철물점,,전라남도 순천시 장평로 7,,G21001 / 남제동,미방문,
미르오토모빌부분정비공업사,전라남도 목포시,공구점,,전라남도 목포시 양을로 149,,S20301 / 산정동,미방문,
광주카공업사,전라남도 장흥군,공구점,,전라남도 장흥군 장흥읍 외평길 6,,S20301 / 장흥읍,미방문,
순천농자재,전라남도 순천시,농자재점,,전라남도 순천시 북문길 40,,G21001 / 중앙동,미방문,
신의부분정비공업사,전라남도 신안군,공구점,,전라남도 신안군 신의면 상서길 26,,S20301 / 신의면,미방문,
제일종합건재,전라남도 장흥군,건자재점,,전라남도 장흥군 장흥읍 남부관광로 8,,G21001 / 장흥읍,미방문,
임자부분정비공업사,전라남도 신안군,공구점,,전라남도 신안군 임자면 임자로 133,,S20301 / 임자면,미방문,
1004공업사,전라남도 신안군,공구점,,전라남도 신안군 장산면 장산로 530-21,,S20301 / 장산면,미방문,
청계철물상사,전라남도 무안군,철물점,,전라남도 무안군 청계면 영산로 1700,,G21001 / 청계면,미방문,
신성부분정비공업사,전라남도 목포시,공구점,,전라남도 목포시 옥암로 60,,S20301 / 옥암동,미방문,
성문부분정비공업사,전라남도 목포시,공구점,,전라남도 목포시 옥암로96번길 10,,S20301 / 옥암동,미방문,
봉산철물,전라남도 보성군,철물점,,전라남도 보성군 보성읍 현충로 33,,G21001 / 보성읍,미방문,
전진철물공구,전라남도 곡성군,철물점,,전라남도 곡성군 옥과면 천변로 9,,G21001 / 옥과면,미방문,
동남건재,전라남도 목포시,건자재점,,전라남도 목포시 산정로 8-1,,G21099 / 동명동,미방문,
우리카전문정비공업사,전라남도 해남군,공구점,,전라남도 해남군 해남읍 명량로 3005,,S20301 / 해남읍,미방문,
병영철물,전라남도 강진군,철물점,,전라남도 강진군 병영면 병영성로 128,,G21001 / 병영면,미방문,
덕수철물,전라남도 장성군,철물점,,전라남도 장성군 장성읍 문화로 35,,G21001 / 장성읍,미방문,
최고전기철물,전라남도 목포시,철물점,,전라남도 목포시 양을로 250,,G21201 / 용해동,미방문,
덕양철물,전라남도 여수시,철물점,,전라남도 여수시 소라면 덕양로 438,,G21001 / 소라면,미방문,
상암철물공구볼트,전라남도 여수시,철물점,,전라남도 여수시 상암로 630,,G21001 / 삼일동,미방문,
거성부분정비공업사,전라남도 여수시,공구점,,전라남도 여수시 봉산2로 49,,S20301 / 대교동,미방문,
흥농철물,전라남도 곡성군,철물점,,전라남도 곡성군 곡성읍 중앙로 146,,G21001 / 곡성읍,미방문,
태양3급부분정비공업사,전라남도 무안군,공구점,,전라남도 무안군 현경면 현해로 64,,S20301 / 현경면,미방문,
해남철물,전라남도 목포시,철물점,,전라남도 목포시 해안로229번길 5-2,,G21001 / 만호동,미방문,
구봉건재사,전라남도 여수시,건자재점,,전라남도 여수시 신월로 724,,G21099 / 대교동,미방문,
생목부분정비공업사,전라남도 순천시,공구점,,전라남도 순천시 대석4길 12,,S20301 / 덕연동,미방문,
손불3급공업사,전라남도 함평군,공구점,,전라남도 함평군 손불면 손무로 765-8,,S20301 / 손불면,미방문,
한양카전문정비공업사,전라남도 순천시,공구점,,전라남도 순천시 하풍새길 65,,S20301 / 풍덕동,미방문,
해성철물농자재,전라남도 해남군,농자재점,,전라남도 해남군 황산면 시등로 95,,G21099 / 황산면,미방문,
호남철물건재,전라남도 영광군,건자재점,,전라남도 영광군 영광읍 중앙로 151,,G21001 / 영광읍,미방문,
대성철물점,전라남도 순천시,철물점,,전라남도 순천시 황전면 괴목길 16,,G21001 / 황전면,미방문,
동명카부분정비공업사,전라남도 순천시,공구점,,전라남도 순천시 남산로 150,,S20301 / 풍덕동,미방문,
동부부분정비공업사,전라남도 무안군,공구점,,전라남도 무안군 해제면 회안길 3,,S20301 / 해제면,미방문,
제일농자재농기계,전라남도 고흥군,농자재점,,전라남도 고흥군 고흥읍 봉동주공길 36,,G21001 / 고흥읍,미방문,
현대농자재,전라남도 함평군,농자재점,,전라남도 함평군 월야면 문화로 460-16,,G20509 / 월야면,미방문,
철물만돌이,전라남도 구례군,철물점,,전라남도 구례군 구례읍 수달생태로 19,,G21001 / 구례읍,미방문,
장미부분정비공업사,전라남도 무안군,공구점,,전라남도 무안군 해제면 현해로 1684,,S20301 / 해제면,미방문,
봉황농협농기구써비스센터,전라남도 나주시,농자재점,,전라남도 나주시 봉황면 봉황로 708,,N11199 / 봉황면,미방문,
천일부분정비공업사,전라남도 해남군,공구점,,전라남도 해남군 현산면 시등리길 87,,S20301 / 현산면,미방문,
현대종합공구철물,전라남도 목포시,철물점,,전라남도 목포시 북항로 116,,G21001 / 죽교동,미방문,
고서종합철물,전라남도 담양군,철물점,,전라남도 담양군 고서면 가사문학로 342,,G21001 / 고서면,미방문,
일성철물공구,전라남도 목포시,철물점,,전라남도 목포시 원산로 97,,G21001 / 원산동,미방문,
풍성부분정비공업사,전라남도 여수시,공구점,,전라남도 여수시 둔덕7길 46-1,,S20301 / 둔덕동,미방문,
금강종합건재,전라남도 해남군,건자재점,,전라남도 해남군 산이면 비석길 128,,G21001 / 산이면,미방문,
전국철물마트,전라남도 고흥군,철물점,,전라남도 고흥군 도양읍 목넘가는길 46,,G21001 / 도양읍,미방문,
도곡철물점,전라남도 화순군,철물점,,전라남도 화순군 도곡면 지석로 1124,,G21001 / 도곡면,미방문,
여수철물,전라남도 여수시,철물점,,전라남도 여수시 돌산읍 돌산로 3553-1,,G21001 / 돌산읍,미방문,
벤처공구철물,전라남도 영암군,철물점,,전라남도 영암군 영암읍 서문로 12-1,,G21001 / 영암읍,미방문,
남도건재,전라남도 고흥군,건자재점,,전라남도 고흥군 과역면 송학큰길 46,,G21001 / 과역면,미방문,
영진건재사,전라남도 나주시,건자재점,,전라남도 나주시 다시면 무숙로 795-2,,G21001 / 다시면,미방문,
탐진안전기계공구,전라남도 장흥군,공구점,,전라남도 장흥군 장흥읍 예양1길 25-1,,G21001 / 장흥읍,미방문,
한양철물,전라남도 나주시,철물점,,전라남도 나주시 남교1길 6-4,,G21001 / 이창동,미방문,
염산철물,전라남도 영광군,철물점,,전라남도 영광군 염산면 천년로 15-5,,G21001 / 염산면,미방문,
산이철물,전라남도 해남군,철물점,,전라남도 해남군 산이면 비석길 75,,G21001 / 산이면,미방문,
전농농자재유통,전라남도 무안군,농자재점,,전라남도 무안군 운남면 운해로 598,,G21001 / 운남면,미방문,
태평건재,전라남도 함평군,건자재점,,전라남도 함평군 손불면 손불중앙길 26,,G21001 / 손불면,미방문,
동방부분정비공업사,전라남도 무안군,공구점,,전라남도 무안군 청계면 해안로 16,,S20301 / 청계면,미방문,
스타공구마트,전라남도 영암군,공구점,,전라남도 영암군 삼호읍 대불주거9로 42,,G21001 / 삼호읍,미방문,
광덕철물,전라남도 여수시,철물점,,전라남도 여수시 이순신광장로 27,,G21001 / 중앙동,미방문,
세븐부분정비공업사,전라남도 목포시,공구점,,전라남도 목포시 백년대로 379,,S20301 / 옥암동,미방문,
대한철물,전라남도 보성군,철물점,,전라남도 보성군 벌교읍 시장1길 1-1,,G21001 / 벌교읍,미방문,
해제종합모타철물,전라남도 무안군,철물점,,전라남도 무안군 해제면 현해로 1720,,G21001 / 해제면,미방문,
대성철물,전라남도 순천시,철물점,,전라남도 순천시 북문길 40,,G21001 / 중앙동,미방문,
영창철물,전라남도 무안군,철물점,,전라남도 무안군 해제면 양간로 26,,G21001 / 해제면,미방문,
해룡승평부분정비공업사,전라남도 순천시,공구점,,전라남도 순천시 해룡면 해룡로 1130,,S20301 / 해룡면,미방문,
무현부분정비공업사,전라남도 목포시,공구점,,전라남도 목포시 복산길6번길 20-1,,S20301 / 부흥동,미방문,
송광철물,전라남도 순천시,철물점,,전라남도 순천시 주암면 주목로 5,,G21001 / 주암면,미방문,
신도시카부분정비공업사,전라남도 순천시,공구점,,전라남도 순천시 장자보1길 17,,S20301 / 덕연동,미방문,
호남철물,전라남도 해남군,철물점,,전라남도 해남군 해남읍 중앙2로 95,,G21001 / 해남읍,미방문,
다운타운부분정비공업사,전라남도 목포시,공구점,,전라남도 목포시 용당로 12-1,,S20301 / 삼학동,미방문,
덕창철물점,전라남도 여수시,철물점,,전라남도 여수시 교동남1길 6-17,,G21001 / 중앙동,미방문,
하나농자재,전라남도 진도군,농자재점,,전라남도 진도군 의신면 진도대로 2455,,G21001 / 의신면,미방문,
썬조명전기철물,전라남도 화순군,건자재점,,전라남도 화순군 화순읍 충의로 93,,G21001 / 화순읍,미방문,
현대부분정비공업사,전라남도 목포시,공구점,,전라남도 목포시 하당로 52,,S20301 / 신흥동,미방문,
나산철물점,전라남도 함평군,철물점,,전라남도 함평군 나산면 나산길 27-10,,G21001 / 나산면,미방문,
남평철물,전라남도 나주시,철물점,,전라남도 나주시 남평읍 남평2로 44-1,,G21001 / 남평읍,미방문,
서호농기구센타,전라남도 영암군,농자재점,,전라남도 영암군 서호면 길촌길 7,,S20699 / 서호면,미방문,
동아철물,전라남도 장흥군,철물점,,전라남도 장흥군 장흥읍 남부관광로 73,,G21201 / 장흥읍,미방문,
천포철물,전라남도 보성군,철물점,,전라남도 보성군 회천면 공룡로 72,,G21001 / 회천면,미방문,
형제부분정비공업사,전라남도 완도군,공구점,,전라남도 완도군 고금면 고금동로2번길 30-2,,S20301 / 고금면,미방문,
해도기계공구,전라남도 목포시,공구점,,전라남도 목포시 삼학로 107,,G21001 / 동명동,미방문,
형제부분정비공업사,전라남도 무안군,공구점,,전라남도 무안군 망운면 운해로 1461,,S20301 / 망운면,미방문,
대전철물,전라남도 담양군,철물점,,전라남도 담양군 대전면 추성1로 173,,G21001 / 대전면,미방문,
문화부분정비공업사,전라남도 무안군,공구점,,전라남도 무안군 청계면 해안로 7,,S20301 / 청계면,미방문,
한국철물점,전라남도 해남군,철물점,,전라남도 해남군 화산면 해남화산로 1063,,G21001 / 화산면,미방문,
좋은카전문정비공업사,전라남도 해남군,공구점,,전라남도 해남군 해남읍 명량로 2997,,S20301 / 해남읍,미방문,
정남진전문정비공업사,전라남도 장흥군,공구점,,전라남도 장흥군 관산읍 관산로 18-3,,S20301 / 관산읍,미방문,
신안철물농기계,전라남도 신안군,농자재점,,전라남도 신안군 팔금면 중부로 1154,,G21001 / 팔금면,미방문,
명성철물,전라남도 여수시,철물점,,전라남도 여수시 오림2길 5,,G21001 / 광림동,미방문,
왕자철물낚시,전라남도 영암군,철물점,,전라남도 영암군 영암읍 여중고길 3,,G21001 / 영암읍,미방문,
제일공업사,전라남도 완도군,공구점,,전라남도 완도군 완도읍 장보고대로28번길 6-31,,S20301 / 완도읍,미방문,
신진세차부분정비공업사,전라남도 여수시,공구점,,전라남도 여수시 미평3길 50-8,,S20302 / 미평동,미방문,
지연농약농자재할인마트,전라남도 무안군,농자재점,,전라남도 무안군 운남면 운해로 619,,G22199 / 운남면,미방문,
3급흰돌부분정비공업사,전라남도 순천시,공구점,,전라남도 순천시 순광로 31,,S20301 / 왕조1동,미방문,
부분정비공업사,전라남도 목포시,공구점,,전라남도 목포시 교육로41번길 15,,S20301 / 신흥동,미방문,
담빛철물공구상사,전라남도 담양군,철물점,,전라남도 담양군 담양읍 태왕3로 88-13,,G21001 / 담양읍,미방문,
KS철물,전라남도 화순군,철물점,,전라남도 화순군 능주면 정암길 16,,G21001 / 능주면,미방문,
서울공업사,전라남도 해남군,공구점,,전라남도 해남군 북평면 감정골길 2,,S20301 / 북평면,미방문,
유일공업사,전라남도 영암군,공구점,,전라남도 영암군 삼호읍 대불산단4로 306,,S20301 / 삼호읍,미방문,
대창건재,전라남도 장성군,건자재점,,전라남도 장성군 장성읍 영천로 91,,G21001 / 장성읍,미방문,
신우농자재,전라남도 담양군,농자재점,,전라남도 담양군 고서면 원등2길 87,,G21001 / 고서면,미방문,
한국철물,전라남도 완도군,철물점,,전라남도 완도군 완도읍 장보고대로 160-5,,G21001 / 완도읍,미방문,
대일철물공구,전라남도 목포시,철물점,,전라남도 목포시 삼학로 109,,G21001 / 동명동,미방문,
상진농기구오토바이수리센타,전라남도 순천시,농자재점,,전라남도 순천시 주암면 동주로 2477,,S20401 / 주암면,미방문,
구례공구철물,전라남도 구례군,철물점,,전라남도 구례군 구례읍 중앙로 59-1,,G21001 / 구례읍,미방문,
득량오토바이농기구종합수리쎈타,전라남도 보성군,농자재점,,전라남도 보성군 득량면 공룡로 1751,,S20401 / 득량면,미방문,
현대3급부분정비공업사,전라남도 나주시,공구점,,전라남도 나주시 세지면 동창로 158,,S20301 / 세지면,미방문,
해남철물점,전라남도 해남군,철물점,,전라남도 해남군 해남읍 남부순환로 2,,G21001 / 해남읍,미방문,
고향공업사,전라남도 광양시,공구점,,전라남도 광양시 제철로 1416,,S20301 / 골약동,미방문,
호남건재사,전라남도 고흥군,건자재점,,전라남도 고흥군 고흥읍 고흥로 1766,,G21099 / 고흥읍,미방문,
동아철물점,전라남도 장흥군,철물점,,전라남도 장흥군 장흥읍 동교1길 29,,G21001 / 장흥읍,미방문,
중앙철물,전라남도 담양군,철물점,,전라남도 담양군 고서면 원등1길 10,,G21001 / 고서면,미방문,
한국철물,전라남도 순천시,철물점,,전라남도 순천시 장평로 60,,G21001 / 풍덕동,미방문,
호남공구철물,전라남도 목포시,철물점,,전라남도 목포시 삼학로 199,,G21001 / 삼학동,미방문,
종성철물공구,전라남도 여수시,철물점,,전라남도 여수시 여객선터미널길 6,,G21001 / 중앙동,미방문,
충남건재,전라남도 해남군,건자재점,,전라남도 해남군 송지면 산정1길 10,,G21099 / 송지면,미방문,
중앙철물,전라남도 진도군,철물점,,전라남도 진도군 진도읍 남문길 36,,G21001 / 진도읍,미방문,
문수건재사,전라남도 여수시,건자재점,,전라남도 여수시 문수북6길 6-1,,G21099 / 문수동,미방문,
삼성앵글철물,전라남도 광양시,철물점,,전라남도 광양시 중마로 259,,G21001 / 중마동,미방문,
태산건재,전라남도 해남군,건자재점,,전라남도 해남군 황산면 시등로 93,,G21001 / 황산면,미방문,
남면종합철물,전라남도 담양군,철물점,,전라남도 담양군 가사문학면 가사문학로 1126,,G21001 / 가사문학면,미방문,
강남카부분정비공업사,전라남도 순천시,공구점,,전라남도 순천시 풍덕8길 5,,S20301 / 풍덕동,미방문,
학동철물점,전라남도 고흥군,철물점,,전라남도 고흥군 도덕면 학동2길 8-1,,G21001 / 도덕면,미방문,
한솔공업사,전라남도 신안군,공구점,,전라남도 신안군 암태면 중부로 1797,,S20301 / 암태면,미방문,
원등철물,전라남도 장흥군,철물점,,전라남도 장흥군 유치면 유치로 34,,G21001 / 유치면,미방문,
협심건재사,전라남도 영광군,건자재점,,전라남도 영광군 홍농읍 동부로 12,,G21001 / 홍농읍,미방문,
새마을종합철물건재사,전라남도 화순군,건자재점,,전라남도 화순군 화순읍 칠충로 164,,G21001 / 화순읍,미방문,
삼일공업사,전라남도 강진군,공구점,,전라남도 강진군 강진읍 중앙로 18-2,,S20699 / 강진읍,미방문,
종합광고공업사만산,전라남도 장성군,공구점,,전라남도 장성군 장성읍 역전로 117,,M11401 / 장성읍,미방문,
광주선구철물,전라남도 완도군,철물점,,전라남도 완도군 노화읍 이포길 27-2,,G21001 / 노화읍,미방문,
승지부분정비공업사,전라남도 목포시,공구점,,전라남도 목포시 옥암로46번길 33,,S20301 / 부흥동,미방문,
만물철물,전라남도 해남군,철물점,,전라남도 해남군 북평면 달량진길 56,,G21001 / 북평면,미방문,
유성종합철물건재,전라남도 순천시,건자재점,,전라남도 순천시 중앙로 331,,G21001 / 삼산동,미방문,
광신철물,전라남도 구례군,철물점,,전라남도 구례군 광의면 구만제로 342,,G21001 / 광의면,미방문,
유진부분정비공업사,전라남도 목포시,공구점,,전라남도 목포시 교육로66번길 33,,S20301 / 신흥동,미방문,
대우설비건재철물,전라남도 여수시,건자재점,,전라남도 여수시 돌산읍 동문안길 2,,G21001 / 돌산읍,미방문,
혜성철물,전라남도 해남군,철물점,,전라남도 해남군 해남읍 중앙2로 115,,G21001 / 해남읍,미방문,
명성공구철물,전라남도 순천시,철물점,,전라남도 순천시 순천만길 17-1,,G21001 / 도사동,미방문,
은성카공업사,전라남도 영광군,공구점,,전라남도 영광군 염산면 칠산로2길 43,,S20301 / 염산면,미방문,
흥일철물,전라남도 완도군,철물점,,전라남도 완도군 완도읍 개포로114번길 43,,G21001 / 완도읍,미방문,
춘양건재,전라남도 화순군,건자재점,,전라남도 화순군 춘양면 춘양로 100,,G21001 / 춘양면,미방문,
뉴상암부분정비공업사,전라남도 여수시,공구점,,전라남도 여수시 좌수영로 948-3,,S20301 / 주삼동,미방문,
성도철물,전라남도 무안군,철물점,,전라남도 무안군 해제면 양간로 33,,G21001 / 해제면,미방문,
대성건재사,전라남도 영광군,건자재점,,전라남도 영광군 염산면 천년로 14,,G21001 / 염산면,미방문,
덕인철물건재,전라남도 해남군,건자재점,,전라남도 해남군 북일면 백도로 804,,G21001 / 북일면,미방문,
현대공구철물,전라남도 강진군,철물점,,전라남도 강진군 강진읍 보은로3길 14,,G21001 / 강진읍,미방문,
우리공업사,전라남도 광양시,공구점,,전라남도 광양시 삼봉산로 11,,S20301 / 태인동,미방문,
태검공업사,전라남도 여수시,공구점,,전라남도 여수시 어항로 49-1,,S20101 / 대교동,미방문,
강진철물,전라남도 강진군,철물점,,전라남도 강진군 강진읍 영랑로3길 25-2,,G21001 / 강진읍,미방문,
다운철물,전라남도 고흥군,철물점,,전라남도 고흥군 도양읍 녹동5구길 16,,G21001 / 도양읍,미방문,
휴대폰성지공구몰,전라남도 목포시,공구점,,전라남도 목포시 비파로43번길 26,,G20802 / 신흥동,미방문,
만생카부분정비공업사,전라남도 진도군,공구점,,전라남도 진도군 진도읍 동외1길 24,,S20301 / 진도읍,미방문,
홍교철물설비,전라남도 보성군,철물점,,전라남도 보성군 벌교읍 채동선로 208,,G21001 / 벌교읍,미방문,
대광철물,전라남도 강진군,철물점,,전라남도 강진군 강진읍 보은로4길 13,,G21001 / 강진읍,미방문,
성광기업철물공구,전라남도 완도군,철물점,,전라남도 완도군 완도읍 농공단지길 37,,G21001 / 완도읍,미방문,
대전철물,전라남도 영광군,철물점,,전라남도 영광군 백수읍 백수로 794,,G21001 / 백수읍,미방문,
함평사료건재,전라남도 함평군,건자재점,,전라남도 함평군 함평읍 영수길 229-6,,G21099 / 함평읍,미방문,
365부분정비공업사,전라남도 목포시,공구점,,전라남도 목포시 하당로 211,,S20301 / 하당동,미방문,
현대부분정비공업사,전라남도 해남군,공구점,,전라남도 해남군 송지면 땅끝해안로 1134-8,,S20301 / 송지면,미방문,
모터풀３급정비공업사,전라남도 화순군,공구점,,전라남도 화순군 화순읍 칠충로 83-8,,S20301 / 화순읍,미방문,
성안기계철물공구,전라남도 화순군,철물점,,전라남도 화순군 화순읍 충의로 56,,G21001 / 화순읍,미방문,
향림공업사,전라남도 순천시,공구점,,전라남도 순천시 석현길 81,,S20301 / 삼산동,미방문,
대구철물점,전라남도 강진군,철물점,,전라남도 강진군 대구면 수동길 28,,G21001 / 대구면,미방문,
나로도선구철물,전라남도 고흥군,철물점,,전라남도 고흥군 봉래면 축정2길 123,,G21001 / 봉래면,미방문,
우영공업사,전라남도 광양시,공구점,,전라남도 광양시 백운1로 251,,S20301 / 태인동,미방문,
현대철물,전라남도 완도군,철물점,,전라남도 완도군 고금면 고금동로 12,,G21001 / 고금면,미방문,
화원철물,전라남도 해남군,철물점,,전라남도 해남군 화원면 청용길 31,,G21001 / 화원면,미방문,
장미철물,전라남도 담양군,철물점,,전라남도 담양군 담양읍 담주4길 4,,G21001 / 담양읍,미방문,
성광철물,전라남도 강진군,철물점,,전라남도 강진군 마량면 마량5길 8,,G21001 / 마량면,미방문,
무안철물,전라남도 무안군,철물점,,전라남도 무안군 무안읍 무안중앙로 54,,G21001 / 무안읍,미방문,
대진부분정비공업사,전라남도 신안군,공구점,,전라남도 신안군 지도읍 해제지도로 1180,,S20301 / 지도읍,미방문,
현대철물,전라남도 순천시,철물점,,전라남도 순천시 주암면 동주로 2495,,G21001 / 주암면,미방문,
동명카프라자부분정비공업사,전라남도 목포시,공구점,,전라남도 목포시 용당로 20,,S20301 / 삼학동,미방문,
진용철물,전라남도 목포시,철물점,,전라남도 목포시 백년대로 91-2,,G21001 / 용당2동,미방문,
흑산호남철물상회,전라남도 신안군,철물점,,전라남도 신안군 흑산면 예리1길 52,,G21001 / 흑산면,미방문,
광주공업사,전라남도 장흥군,공구점,,전라남도 장흥군 용산면 장흥대로 2612-5,,S20699 / 용산면,미방문,
남도농자재,전라남도 해남군,농자재점,,전라남도 해남군 마산면 산이로 293,,G21001 / 마산면,미방문,
성원카공업사,전라남도 담양군,공구점,,전라남도 담양군 금성면 담순로 15,,S20301 / 금성면,미방문,
해룡종합부분정비공업사,전라남도 순천시,공구점,,전라남도 순천시 해룡면 여순로 1273,,S20301 / 해룡면,미방문,
부강３급부분정비공업사,전라남도 여수시,공구점,,전라남도 여수시 무선6길 23,,S20301 / 여천동,미방문,
현대종합철물,전라남도 순천시,철물점,,전라남도 순천시 삼산로 29,,G21001 / 삼산동,미방문,
시너바철물공구,전라남도 목포시,철물점,,전라남도 목포시 통일대로 50,,G21001 / 신흥동,미방문,
영창공업사,전라남도 목포시,공구점,,전라남도 목포시 남악로58번길 6-7,,S20301 / 부주동,미방문,
대성철물,전라남도 나주시,철물점,,전라남도 나주시 문평면 체암로 18,,G21001 / 문평면,미방문,
장공업사,전라남도 해남군,공구점,,전라남도 해남군 해남읍 읍관동길 15,,S20301 / 해남읍,미방문,
호남부분정비공업사,전라남도 목포시,공구점,,전라남도 목포시 옥암로124번길 27-1,,S20301 / 옥암동,미방문,
도화공업사,전라남도 고흥군,공구점,,전라남도 고흥군 도화면 중심길 51,,S20301 / 도화면,미방문,
천지농자재유통,전라남도 함평군,농자재점,,전라남도 함평군 함평읍 함장로 1202-83,,G21001 / 함평읍,미방문,
월드정비공업사,전라남도 순천시,공구점,,전라남도 순천시 중앙로 339,,S20301 / 삼산동,미방문,
세계카부분정비공업사,전라남도 함평군,공구점,,전라남도 함평군 대동면 학동로 494,,S20301 / 대동면,미방문,
지예스보자기칼라타올공업사,전라남도 화순군,공구점,,전라남도 화순군 화순읍 화보로 4110,,M11401 / 화순읍,미방문,
제일부분정비공업사,전라남도 영광군,공구점,,전라남도 영광군 영광읍 옥당로 132,,S20301 / 영광읍,미방문,
동백카부분정비공업사,전라남도 해남군,공구점,,전라남도 해남군 해남읍 남부순환로 106,,S20301 / 해남읍,미방문,
모든인력&모든기계공구조경,전라남도 순천시,공구점,,전라남도 순천시 우석로 133,,G21001 / 남제동,미방문,
영남건재,전라남도 나주시,건자재점,,전라남도 나주시 풍물시장2길 47,,G21001 / 이창동,미방문,
산들공업사,전라남도 장성군,공구점,,전라남도 장성군 장성읍 기산부동길 2,,S20301 / 장성읍,미방문,
천지공업사,전라남도 광양시,공구점,,전라남도 광양시 광양읍 백운로 378,,S20301 / 광양읍,미방문,
우수영철물점,전라남도 해남군,철물점,,전라남도 해남군 문내면 우수영로 10-16,,G21001 / 문내면,미방문,
정성카오디오부분정비공업사,전라남도 여수시,공구점,,전라남도 여수시 덕양로 152,,S20301 / 여천동,미방문,
여문종합철물,전라남도 여수시,철물점,,전라남도 여수시 화산로 4,,G21001 / 여천동,미방문,
강진공업사,전라남도 강진군,공구점,,전라남도 강진군 강진읍 해강로 1404,,S20301 / 강진읍,미방문,
부성카부분정비공업사,전라남도 순천시,공구점,,전라남도 순천시 이수1길 19,,S20301 / 조곡동,미방문,
옥곡철물,전라남도 광양시,철물점,,전라남도 광양시 옥곡면 옥진로 688,,G21001 / 옥곡면,미방문,
현대철물,전라남도 나주시,철물점,,전라남도 나주시 세지면 동창로 132-1,,G21001 / 세지면,미방문,
선일철물,전라남도 여수시,철물점,,전라남도 여수시 교동남1길 6-17,,G21001 / 중앙동,미방문,
일신공업사,전라남도 광양시,공구점,,전라남도 광양시 제철로 906,,S20301 / 골약동,미방문,
상동전기재료철물,전라남도 목포시,철물점,,전라남도 목포시 상리로9번길 7,,G21001 / 상동,미방문,
칠성철물,전라남도 광양시,철물점,,전라남도 광양시 광양읍 칠성로 61-1,,G21001 / 광양읍,미방문,
미래공업사,전라남도 광양시,공구점,,전라남도 광양시 진월면 백운1로 514,,S20301 / 진월면,미방문,
삼일건재,전라남도 여수시,건자재점,,전라남도 여수시 도원로 168,,G21001 / 쌍봉동,미방문,
동서앵글건재,전라남도 순천시,건자재점,,전라남도 순천시 강남로 10,,G21001 / 풍덕동,미방문,
태양철물공구,전라남도 여수시,철물점,,전라남도 여수시 소라면 죽림중앙로 7-8,,G21001 / 소라면,미방문,
고향부분정비공업사,전라남도 곡성군,공구점,,전라남도 곡성군 곡성읍 곡성로 746,,S20301 / 곡성읍,미방문,
현경철물,전라남도 무안군,철물점,,전라남도 무안군 현경면 운해로 1606,,G21001 / 현경면,미방문,
화양건축자재,전라남도 여수시,건자재점,,전라남도 여수시 화양면 화동로 189,,N11101 / 화양면,미방문,
동양농기계원리공업사,전라남도 화순군,농자재점,,전라남도 화순군 백아면 오산로 6,,S20699 / 백아면,미방문,
월곡철물,전라남도 함평군,철물점,,전라남도 함평군 월야면 문화로 589,,G21001 / 월야면,미방문,
삽진공업사유,전라남도 목포시,공구점,,전라남도 목포시 대양로13번길 12,,S20301 / 연산동,미방문,
동화부분정비공업사,전라남도 장성군,공구점,,전라남도 장성군 동화면 삼동로 691,,S20301 / 동화면,미방문,
아파트건재,전라남도 여수시,건자재점,,전라남도 여수시 신월로 662-1,,G21099 / 국동,미방문,
보성공업사,전라남도 화순군,공구점,,전라남도 화순군 동복면 김삿갓로 824,,S20301 / 동복면,미방문,
범창철물,전라남도 고흥군,철물점,,전라남도 고흥군 도화면 동신길 16,,G21001 / 도화면,미방문,
TBX전문정비공업사,전라남도 여수시,공구점,,전라남도 여수시 삼동로 97,,S20301 / 주삼동,미방문,
대성철물,전라남도 목포시,철물점,,전라남도 목포시 삼일로 31-3,,G21001 / 목원동,미방문,
종합철물,전라남도 보성군,철물점,,전라남도 보성군 보성읍 흥성로 2337-22,,G21001 / 보성읍,미방문,
부산철물,전라남도 순천시,철물점,,전라남도 순천시 북문길 40,,G21001 / 중앙동,미방문,
전일부분정비공업사,전라남도 나주시,공구점,,전라남도 나주시 문평면 영산로 4342,,S20301 / 문평면,미방문,
천우부분정비공업사,전라남도 해남군,공구점,,전라남도 해남군 해남읍 남부순환로 290,,S20301 / 해남읍,미방문,
진광공구철물,전라남도 여수시,철물점,,전라남도 여수시 학동서5길 6,,G21001 / 쌍봉동,미방문,
오거리철물,전라남도 진도군,철물점,,전라남도 진도군 진도읍 남문길 60-1,,G21001 / 진도읍,미방문,
연향공업사,전라남도 순천시,공구점,,전라남도 순천시 해룡면 서가길 202,,S20301 / 해룡면,미방문,
대풍농자재마트,전라남도 장성군,농자재점,,전라남도 장성군 장성읍 역전로 133,,G21001 / 장성읍,미방문,
신통철물,전라남도 곡성군,철물점,,전라남도 곡성군 석곡면 석곡로 43-1,,G21001 / 석곡면,미방문,
철도철물,전라남도 순천시,철물점,,전라남도 순천시 이수로 131,,G21001 / 조곡동,미방문,
국민철물유리,전라남도 목포시,건자재점,,전라남도 목포시 북항로78번길 2,,G21202 / 죽교동,미방문,
청명부분정비공업사,전라남도 무안군,공구점,,전라남도 무안군 운남면 운해로 626,,S20301 / 운남면,미방문,
대한안전철물,전라남도 화순군,철물점,,전라남도 화순군 이양면 이양농공길 16,,G22199 / 이양면,미방문,
곡성철물,전라남도 곡성군,철물점,,전라남도 곡성군 곡성읍 중앙로 155-1,,G21001 / 곡성읍,미방문,
신월철물대장간,전라남도 장흥군,철물점,,전라남도 장흥군 장흥읍 토요시장1길 49,,G21001 / 장흥읍,미방문,
한성전문정비공업사,전라남도 해남군,공구점,,전라남도 해남군 해남읍 영빈로 77,,S20301 / 해남읍,미방문,
한진종합철물,전라남도 담양군,철물점,,전라남도 담양군 담양읍 중앙로 48,,G21001 / 담양읍,미방문,
다모아철물,전라남도 무안군,철물점,,전라남도 무안군 현경면 현해로 79-1,,G21001 / 현경면,미방문,
카마트정비공업사,전라남도 목포시,공구점,,전라남도 목포시 연동로 1-1,,S20301 / 연동,미방문,
광진건축자재,전라남도 순천시,건자재점,,전라남도 순천시 백연길 65,,N11101 / 왕조2동,미방문,
경동철물,전라남도 구례군,철물점,,전라남도 구례군 구례읍 5일시장작은길 20,,G21001 / 구례읍,미방문,
일로철물,전라남도 무안군,철물점,,전라남도 무안군 일로읍 삼일로 518,,G21001 / 일로읍,미방문,
호남건축자재,전라남도 구례군,건자재점,,전라남도 구례군 구례읍 양정5길 5,,N11101 / 구례읍,미방문,
회진농기구,전라남도 장흥군,농자재점,,전라남도 장흥군 회진면 회진선창길 12,,G21001 / 회진면,미방문,
오성카부분정비공업사,전라남도 해남군,공구점,,전라남도 해남군 해남읍 남부순환로 210,,S20301 / 해남읍,미방문,
알피엠부분정비공업사,전라남도 목포시,공구점,,전라남도 목포시 산정로 88-1,,S20301 / 연동,미방문,
대성철물,전라남도 영광군,철물점,,전라남도 영광군 영광읍 물무로 106-2,,G21001 / 영광읍,미방문,
제일세차부분정비공업사,전라남도 여수시,공구점,,전라남도 여수시 좌수영로 81-1,,S20302 / 충무동,미방문,
문영공업사주,전라남도 완도군,공구점,,전라남도 완도군 완도읍 농공단지1길 44,,S20301 / 완도읍,미방문,
회원부분정비공업사,전라남도 여수시,공구점,,전라남도 여수시 만성로 32,,S20301 / 둔덕동,미방문,
현대종합철물철재건재골재,전라남도 고흥군,건자재점,,전라남도 고흥군 과역면 고흥로 2931,,G21001 / 과역면,미방문,
정현카공업사,전라남도 담양군,공구점,,전라남도 담양군 담양읍 추성로 1382,,S20301 / 담양읍,미방문,
대성철물건재,전라남도 영광군,건자재점,,전라남도 영광군 염산면 천년로 18,,G21001 / 염산면,미방문,
중동공업사,전라남도 광양시,공구점,,전라남도 광양시 제철로 1374,,S20301 / 골약동,미방문,
조성종합건재사,전라남도 보성군,건자재점,,전라남도 보성군 조성면 조성로 101,,G21001 / 조성면,미방문,
중앙철물,전라남도 장흥군,철물점,,전라남도 장흥군 장흥읍 중앙로 7-1,,G21001 / 장흥읍,미방문,
여수건축자재,전라남도 여수시,건자재점,,전라남도 여수시 여수산단로 273-10,,N11101 / 삼일동,미방문,
현대수도철물,전라남도 여수시,철물점,,전라남도 여수시 학동1길 12-7,,G21001 / 쌍봉동,미방문,
광성공업사,전라남도 무안군,공구점,,전라남도 무안군 운남면 운해로 568-23,,S20699 / 운남면,미방문,
대동철물,전라남도 나주시,철물점,,전라남도 나주시 남평읍 남평2로 6-1,,G21001 / 남평읍,미방문,
연성철물,전라남도 영암군,철물점,,전라남도 영암군 학산면 영산로 18,,G21001 / 학산면,미방문,
푸른3급부분정비공업사,전라남도 해남군,공구점,,전라남도 해남군 현산면 현산북평로 135,,S20301 / 현산면,미방문,
성안공업사,전라남도 고흥군,공구점,,전라남도 고흥군 과역면 고흥로 3020,,S20699 / 과역면,미방문,
다솜부분정비공업사,전라남도 목포시,공구점,,전라남도 목포시 용당로 35,,S20301 / 삼학동,미방문,
시종철물,전라남도 영암군,철물점,,전라남도 영암군 시종면 쌍구길 8,,G21001 / 시종면,미방문,
대성철물건재,전라남도 여수시,건자재점,,전라남도 여수시 신월로 593,,G21001 / 월호동,미방문,
창성정비공업사,전라남도 여수시,공구점,,전라남도 여수시 묘도1길 135,,S20301 / 묘도동,미방문,
동림카３급공업사,전라남도 장성군,공구점,,전라남도 장성군 장성읍 역전로 14-1,,S20301 / 장성읍,미방문,
동남공업사,전라남도 목포시,공구점,,전라남도 목포시 삼학로 55-2,,G21001 / 동명동,미방문,
영일건축자재,전라남도 광양시,건자재점,,전라남도 광양시 광양읍 동주1길 2,,N11101 / 광양읍,미방문,
청용철물설비,전라남도 해남군,철물점,,전라남도 해남군 화원면 청용길 32,,G21001 / 화원면,미방문,
세일부분정비공업사,전라남도 해남군,공구점,,전라남도 해남군 해남읍 남부순환로 38,,S20301 / 해남읍,미방문,
부민공구철물,전라남도 목포시,철물점,,전라남도 목포시 삼학로 208,,G21001 / 삼학동,미방문,
벌교캠핑카공업사,전라남도 보성군,공구점,,전라남도 보성군 벌교읍 원동길 48,,S20301 / 벌교읍,미방문,
호남철물,전라남도 곡성군,철물점,,전라남도 곡성군 곡성읍 읍내18길 2,,G21001 / 곡성읍,미방문,
화양부분정비공업사,전라남도 여수시,공구점,,전라남도 여수시 만성로 105-1,,S20301 / 미평동,미방문,
명진철물,전라남도 영광군,철물점,,전라남도 영광군 영광읍 백산길 5,,G21001 / 영광읍,미방문,
도암철물점,전라남도 강진군,철물점,,전라남도 강진군 도암면 항촌안길 1-2,,G21001 / 도암면,미방문,
제일철물,전라남도 여수시,철물점,,전라남도 여수시 교동시장4길 3-1,,G21001 / 중앙동,미방문,
만물건재,전라남도 여수시,건자재점,,전라남도 여수시 돌산읍 방답길 58,,G21001 / 돌산읍,미방문,
현모터스부분정비공업사,전라남도 목포시,공구점,,전라남도 목포시 비파로 122,,S20301 / 하당동,미방문,
서울철물점,전라남도 목포시,철물점,,전라남도 목포시 해안로249번길 2,,G21001 / 만호동,미방문,
카부분정비공업사,전라남도 구례군,공구점,,전라남도 구례군 구례읍 봉성로 132,,S20301 / 구례읍,미방문,
고금철물점,전라남도 완도군,철물점,,전라남도 완도군 고금면 고금동로 25-1,,G21001 / 고금면,미방문,
에이스부분정비공업사,전라남도 목포시,공구점,,전라남도 목포시 산정로65번길 10,,S20301 / 연동,미방문,
제일타일건재,전라남도 여수시,건자재점,,전라남도 여수시 교동시장4길 3,,G21003 / 중앙동,미방문,
국제전기철물,전라남도 목포시,철물점,,전라남도 목포시 터진목로 20,,G21201 / 북항동,미방문,
부림공업사,전라남도 순천시,공구점,,전라남도 순천시 해룡면 여순로 1424,,S20301 / 해룡면,미방문,
종합부분정비공업사,전라남도 고흥군,공구점,,전라남도 고흥군 고흥읍 고흥로 1531,,S20301 / 고흥읍,미방문,
세계공구철물철망,전라남도 순천시,철물점,,전라남도 순천시 서면 구랑실재길 130,,G21001 / 서면,미방문,
목포철물,전라남도 영암군,철물점,,전라남도 영암군 영암읍 오일시장길 9,,G21001 / 영암읍,미방문,
태흥공업사,전라남도 곡성군,공구점,,전라남도 곡성군 곡성읍 곡고로 17,,S20301 / 곡성읍,미방문,
거문공업사,전라남도 여수시,공구점,,전라남도 여수시 삼산면 거문길 3,,S20401 / 삼산면,미방문,
섬거철물점,전라남도 광양시,철물점,,전라남도 광양시 진상면 학연로 9-1,,G21001 / 진상면,미방문,
영신철물건재,전라남도 여수시,건자재점,,전라남도 여수시 소라면 하세동길 5-1,,G21001 / 소라면,미방문,
효성철물,전라남도 신안군,철물점,,전라남도 신안군 자은면 구영2길 39,,G21001 / 자은면,미방문,
현대건재,전라남도 담양군,건자재점,,전라남도 담양군 담양읍 지침3길 7-37,,G21001 / 담양읍,미방문,
신흥카부분정비공업사,전라남도 무안군,공구점,,전라남도 무안군 청계면 청계공단길 11,,S20301 / 청계면,미방문,
엄다건재설비,전라남도 함평군,건자재점,,전라남도 함평군 엄다면 엄다길 30-1,,G21001 / 엄다면,미방문,
신진철물,전라남도 목포시,철물점,,전라남도 목포시 영산로 250,,G21001 / 용당2동,미방문,
중앙카부분정비공업사,전라남도 해남군,공구점,,전라남도 해남군 송지면 산정길 43,,S20301 / 송지면,미방문,
대신철물,전라남도 강진군,철물점,,전라남도 강진군 강진읍 동성로 10-1,,G21001 / 강진읍,미방문,
신공평부분정비공업사,전라남도 해남군,공구점,,전라남도 해남군 해남읍 북부순환로 225,,S20301 / 해남읍,미방문,
이방부분정비공업사,전라남도 목포시,공구점,,전라남도 목포시 산정로110번길 2,,S20301 / 연동,미방문,
한성건재선구철물,전라남도 장흥군,건자재점,,전라남도 장흥군 관산읍 관산로 94-1,,G21001 / 관산읍,미방문,
신광공업사,전라남도 함평군,공구점,,전라남도 함평군 신광면 신광중앙길 111,,S20699 / 신광면,미방문,
학송철물,전라남도 영암군,철물점,,전라남도 영암군 시종면 내동중앙로 8,,G21001 / 시종면,미방문,
복내사거리철물,전라남도 보성군,철물점,,전라남도 보성군 복내면 송재로 1819,,G21001 / 복내면,미방문,
1급조은정비공업사,전라남도 순천시,공구점,,전라남도 순천시 신월길 103,,S20301 / 왕조1동,미방문,
성현부분정비공업사,전라남도 목포시,공구점,,전라남도 목포시 백년대로337번길 16-1,,S20301 / 하당동,미방문,
성장철물장식,전라남도 순천시,철물점,,전라남도 순천시 봉화로 238,,G21001 / 왕조1동,미방문,
기독카부분정비공업사,전라남도 장흥군,공구점,,전라남도 장흥군 장흥읍 남부관광로 47,,S20301 / 장흥읍,미방문,
해룡철물,전라남도 순천시,철물점,,전라남도 순천시 해룡면 해룡로 1128-6,,G21001 / 해룡면,미방문,
남부안전공구철물상사,전라남도 광양시,철물점,,전라남도 광양시 길호길 117,,G21001 / 중마동,미방문,
광양철물,전라남도 광양시,철물점,,전라남도 광양시 광양읍 신재로 79,,G21001 / 광양읍,미방문,
대영카공업사,전라남도 해남군,공구점,,전라남도 해남군 산이면 두목길 16-9,,S20301 / 산이면,미방문,
중앙철물점,전라남도 보성군,철물점,,전라남도 보성군 보성읍 오리실길 54-15,,G21001 / 보성읍,미방문,
행복종합철물,전라남도 담양군,철물점,,전라남도 담양군 창평면 의병로 210,,G21001 / 창평면,미방문,
지도종합철물,전라남도 신안군,철물점,,전라남도 신안군 지도읍 해제지도로 1254,,G21001 / 지도읍,미방문,
종합카부분정비공업사,전라남도 순천시,공구점,,전라남도 순천시 하인제길 31,,S20301 / 남제동,미방문,
삼립공업사주,전라남도 순천시,공구점,,전라남도 순천시 팔마로 175,,S20301 / 덕연동,미방문,
신일철물공구,전라남도 영암군,철물점,,전라남도 영암군 영암읍 동문밖길 2,,G21001 / 영암읍,미방문,
대한철물점,전라남도 고흥군,철물점,,전라남도 고흥군 도화면 동신길 29-1,,G21001 / 도화면,미방문,
공산중앙철물,전라남도 나주시,철물점,,전라남도 나주시 공산면 공산로 124-1,,G21001 / 공산면,미방문,
황금철물,전라남도 장성군,철물점,,전라남도 장성군 삼계면 사창로 84-1,,G20701 / 삼계면,미방문,
연성건재사,전라남도 영암군,건자재점,,전라남도 영암군 학산면 영산로 18,,G21003 / 학산면,미방문,
형제부분정비공업사,전라남도 장흥군,공구점,,전라남도 장흥군 장흥읍 남부관광로 51,,S20301 / 장흥읍,미방문,
둔덕부분정비공업사,전라남도 여수시,공구점,,전라남도 여수시 상암로 46,,S20301 / 둔덕동,미방문,
영일철물,전라남도 여수시,철물점,,전라남도 여수시 이순신광장로 63,,G21001 / 중앙동,미방문,
진보부분정비공업사,전라남도 순천시,공구점,,전라남도 순천시 강변로 605,,S20301 / 풍덕동,미방문,
중앙철물점,전라남도 무안군,철물점,,전라남도 무안군 몽탄면 몽탄로 859,,G21001 / 몽탄면,미방문,
한국부분정비공업사,전라남도 목포시,공구점,,전라남도 목포시 이로로4번길 2,,S20301 / 이로동,미방문,
순천철물나라,전라남도 순천시,철물점,,전라남도 순천시 팔마로 168,,G21001 / 덕연동,미방문,
함평공구철물사료,전라남도 함평군,철물점,,전라남도 함평군 함평읍 영수길 221-12,,G21001 / 함평읍,미방문,
농민농자재,전라남도 장흥군,농자재점,,전라남도 장흥군 부산면 심천공원길 96,,G21001 / 부산면,미방문,
여수농자재LED,전라남도 여수시,농자재점,,전라남도 여수시 좌수영로 498,,M11401 / 둔덕동,미방문,
로켓트밧데리부분정비공업사,전라남도 영암군,공구점,,전라남도 영암군 덕진면 백운선로 18,,S20301 / 덕진면,미방문,
대동부분정비공업사,전라남도 목포시,공구점,,전라남도 목포시 원산로70번길 3-1,,S20301 / 원산동,미방문,
신동아철물,전라남도 여수시,철물점,,전라남도 여수시 무선로 115-1,,G21001 / 여천동,미방문,
마스터카부분정비공업사,전라남도 순천시,공구점,,전라남도 순천시 상대석길 95,,S20301 / 덕연동,미방문,
한국농기구,전라남도 진도군,농자재점,,전라남도 진도군 진도읍 남동1길 14,,G21001 / 진도읍,미방문,
나이스부분정비공업사,전라남도 목포시,공구점,,전라남도 목포시 영산로 497,,S20301 / 상동,미방문,
윤수당건재약방,전라남도 목포시,건자재점,,전라남도 목포시 녹색로 1,,G22199 / 삼향동,미방문,
재성부분정비공업사,전라남도 여수시,공구점,,전라남도 여수시 허문정1길 50-2,,S20301 / 문수동,미방문,
정오부분정비공업사,전라남도 목포시,공구점,,전라남도 목포시 녹색로 119,,S20301 / 옥암동,미방문,
신자유전문정비공업사,전라남도 목포시,공구점,,전라남도 목포시 용당로 32,,S20301 / 삼학동,미방문,
원부분정비공업사,전라남도 순천시,공구점,,전라남도 순천시 서면 백강로 593,,S20301 / 서면,미방문,
신안철물만물상회,전라남도 보성군,철물점,,전라남도 보성군 보성읍 봉화로 61,,G21001 / 보성읍,미방문,
도곡부분정비공업사,전라남도 화순군,공구점,,전라남도 화순군 도곡면 지석로 1128,,S20301 / 도곡면,미방문,
서울열쇠철물,전라남도 순천시,철물점,,전라남도 순천시 우석로 128,,G21001 / 남제동,미방문,
현대건축철물,전라남도 곡성군,철물점,,전라남도 곡성군 곡성읍 곡성로 850,,G21001 / 곡성읍,미방문,
영상공업사,전라남도 순천시,공구점,,전라남도 순천시 서면 압곡길 119,,S20301 / 서면,미방문,
국제철물,전라남도 무안군,철물점,,전라남도 무안군 무안읍 무안중앙로 52,,G21001 / 무안읍,미방문,
명성공업사,전라남도 강진군,공구점,,전라남도 강진군 강진읍 강진공단길 20-5,,S20301 / 강진읍,미방문,
농자재,전라남도 무안군,농자재점,,전라남도 무안군 현경면 망운로 193,,G21001 / 현경면,미방문,
영남농약농자재마트,전라남도 목포시,농자재점,,전라남도 목포시 청호로 6,,G22199 / 목원동,미방문,
제일철물,전라남도 목포시,철물점,,전라남도 목포시 산정로 144,,G21001 / 연동,미방문,
서천철물공구상사,전라남도 광양시,철물점,,전라남도 광양시 광양읍 서북로 20,,G21001 / 광양읍,미방문,
동부종합철물,전라남도 무안군,철물점,,전라남도 무안군 망운면 현해로 181,,G21001 / 망운면,미방문,
동양철물,전라남도 목포시,철물점,,전라남도 목포시 용당로 188,,G21001 / 용당2동,미방문,
현산부분정비공업사,전라남도 해남군,공구점,,전라남도 해남군 현산면 현산북평로 77,,S20301 / 현산면,미방문,
금홍철물,전라남도 순천시,철물점,,전라남도 순천시 장평로 60,,G21001 / 풍덕동,미방문,
초원부분정비공업사,전라남도 목포시,공구점,,전라남도 목포시 청호로136번길 19-1,,S20301 / 원산동,미방문,
승일부분정비공업사,전라남도 목포시,공구점,,전라남도 목포시 죽교천로136번길 16-3,,S20301 / 북항동,미방문,
농기구떡방앗간,전라남도 구례군,농자재점,,전라남도 구례군 광의면 우리밀체험로 23,,I21002 / 광의면,미방문,
농공건재,전라남도 나주시,건자재점,,전라남도 나주시 노안면 금산로 33,,G21001 / 노안면,미방문,
쌍교공업사,전라남도 담양군,공구점,,전라남도 담양군 고서면 죽향대로 358,,S20301 / 고서면,미방문,
애니카랜드무안점.서라부분정비공업사,전라남도 무안군,공구점,,전라남도 무안군 무안읍 무안로 438,,S20301 / 무안읍,미방문,
대한타이어부분정비공업사,전라남도 여수시,공구점,,전라남도 여수시 여수산단로 274-16,,S20301 / 삼일동,미방문,
남부전기철물,전라남도 장흥군,철물점,,전라남도 장흥군 장흥읍 남부관광로 73,,G21201 / 장흥읍,미방문,
복동철물점,전라남도 보성군,철물점,,전라남도 보성군 벌교읍 남하로 31-14,,G21001 / 벌교읍,미방문,
삼영기계공구,전라남도 목포시,공구점,,전라남도 목포시 삼학로 203,,G21201 / 삼학동,미방문,
동면철물,전라남도 화순군,철물점,,전라남도 화순군 동면 충의로 774,,G21001 / 동면,미방문,
운대공업사,전라남도 고흥군,공구점,,전라남도 고흥군 두원면 고흥로 2371-2,,S20301 / 두원면,미방문,
별량철물건재상사,전라남도 순천시,건자재점,,전라남도 순천시 별량면 별량장길 11,,G21001 / 별량면,미방문,
광산철물,전라남도 보성군,철물점,,전라남도 보성군 보성읍 현충로 59,,G21001 / 보성읍,미방문,
행운철물열쇠,전라남도 순천시,철물점,,전라남도 순천시 율산길 3,,G21001 / 덕연동,미방문,
현대철물공구상사,전라남도 영암군,철물점,,전라남도 영암군 삼호읍 대불주거2로 12,,G21001 / 삼호읍,미방문,
미래부분정비공업사,전라남도 목포시,공구점,,전라남도 목포시 하당로 201,,S20301 / 하당동,미방문,
청호카부분정비공업사,전라남도 목포시,공구점,,전라남도 목포시 삼향천로91번길 18,,S20301 / 옥암동,미방문,
삼성종합철물,전라남도 나주시,철물점,,전라남도 나주시 금천면 영산로 5953,,G21001 / 금천면,미방문,
삼거리부분정비공업사,전라남도 무안군,공구점,,전라남도 무안군 운남면 운해로 633,,S20301 / 운남면,미방문,
신성공구철물,전라남도 고흥군,철물점,,전라남도 고흥군 금산면 거금중앙길 171,,G21001 / 금산면,미방문,
진성철물,전라남도 순천시,철물점,,전라남도 순천시 환선로 53,,G21001 / 중앙동,미방문,
성호철물,전라남도 무안군,철물점,,전라남도 무안군 운남면 운해로 628,,G21001 / 운남면,미방문,
나산그릇철물마트,전라남도 함평군,철물점,,전라남도 함평군 나산면 나산길 66,,G21001 / 나산면,미방문,
뉴그린부분정비공업사,전라남도 여수시,공구점,,전라남도 여수시 망양로 1237,,S20301 / 삼일동,미방문,
공산철물,전라남도 나주시,철물점,,전라남도 나주시 공산면 공산로 120,,G21001 / 공산면,미방문,
현대모터스부분정비공업사,전라남도 목포시,공구점,,전라남도 목포시 통일대로 89,,S20301 / 부흥동,미방문,
탑공구철물,전라남도 영광군,철물점,,전라남도 영광군 법성면 굴비로 104,,G21001 / 법성면,미방문,
천일공구철물안전,전라남도 목포시,철물점,,전라남도 목포시 백년대로 251,,G21001 / 하당동,미방문,
남해철물페인트,전라남도 고흥군,건자재점,,전라남도 고흥군 도양읍 명동길 6-9,,G21001 / 도양읍,미방문,
신성철물,전라남도 완도군,철물점,,전라남도 완도군 청산면 도청3길 15,,G21001 / 청산면,미방문,
하의철물,전라남도 목포시,철물점,,전라남도 목포시 산정로47번길 12,,G21001 / 동명동,미방문,
창평종합철물건재,전라남도 담양군,건자재점,,전라남도 담양군 창평면 창평로 563,,G21001 / 창평면,미방문,
남강공업사,전라남도 진도군,공구점,,전라남도 진도군 진도읍 남문길 42-2,,S20302 / 진도읍,미방문,
대영공업사,전라남도 강진군,공구점,,전라남도 강진군 강진읍 송계로 10,,S20301 / 강진읍,미방문,
우성철물건재,전라남도 보성군,건자재점,,전라남도 보성군 벌교읍 채동선로 290,,G21001 / 벌교읍,미방문,
우석건재,전라남도 보성군,건자재점,,전라남도 보성군 벌교읍 시장1길 11,,G21001 / 벌교읍,미방문,
신세계카부분정비공업사,전라남도 순천시,공구점,,전라남도 순천시 유동1길 8,,S20301 / 왕조1동,미방문,
세계철물공구마트,전라남도 여수시,철물점,,전라남도 여수시 화산로 10,,G21001 / 여천동,미방문,
화성공업사,전라남도 화순군,공구점,,전라남도 화순군 화순읍 자치샘로 34,,G21001 / 화순읍,미방문,
대성종합정비공업사,전라남도 목포시,공구점,,전라남도 목포시 고하대로 801,,S20301 / 연산동,미방문,
현대부분정비공업사,전라남도 강진군,공구점,,전라남도 강진군 강진읍 보은로 199,,S20301 / 강진읍,미방문,
금호부분정비공업사,전라남도 광양시,공구점,,전라남도 광양시 광영로 18,,S20301 / 광영동,미방문,
부분정비공업사,전라남도 여수시,공구점,,전라남도 여수시 화산1길 24-7,,S20301 / 여천동,미방문,
동아건재,전라남도 무안군,건자재점,,전라남도 무안군 무안읍 승달로 28,,G21099 / 무안읍,미방문,
대영부분정비공업사,전라남도 무안군,공구점,,전라남도 무안군 일로읍 삼일로 489,,S20301 / 일로읍,미방문,
중앙철물,전라남도 영암군,철물점,,전라남도 영암군 시종면 쌍구길 20,,G21001 / 시종면,미방문,
신안부분정비공업사,전라남도 목포시,공구점,,전라남도 목포시 원산로 22,,S20301 / 북항동,미방문,
소호종합철물건재,전라남도 여수시,건자재점,,전라남도 여수시 소호로 512,,G21001 / 쌍봉동,미방문,
명보공구철물,전라남도 보성군,철물점,,전라남도 보성군 벌교읍 채동선로 285-1,,G21001 / 벌교읍,미방문,
차사랑부분정비공업사,전라남도 목포시,공구점,,전라남도 목포시 산정로 37,,S20301 / 동명동,미방문,
신영농자재;철물,전라남도 무안군,농자재점,,전라남도 무안군 일로읍 인의로 626,,G21001 / 일로읍,미방문,
두산현대부분정비공업사,전라남도 목포시,공구점,,전라남도 목포시 원산로 122,,S20301 / 산정동,미방문,
중앙철물,전라남도 영광군,철물점,,전라남도 영광군 법성면 진굴비길 47,,G21001 / 법성면,미방문,
삼거리철물,전라남도 무안군,철물점,,전라남도 무안군 해제면 해제중앙로 2-13,,G21001 / 해제면,미방문,
여수제일공업사,전라남도 여수시,공구점,,전라남도 여수시 소라면 통천길 74,,S20301 / 소라면,미방문,
한진철물,전라남도 순천시,철물점,,전라남도 순천시 팔마로 26,,G21001 / 장천동,미방문,
나주철물공구,전라남도 나주시,철물점,,전라남도 나주시 건재로 75,,G21001 / 성북동,미방문,
옥과고속철물,전라남도 곡성군,철물점,,전라남도 곡성군 옥과면 대학로 121,,G21001 / 옥과면,미방문,
금성공업사,전라남도 나주시,공구점,,전라남도 나주시 문평면 영산로 4209,,S20301 / 문평면,미방문,
해진철물수도사,전라남도 해남군,철물점,,전라남도 해남군 해남읍 용머리길 19-2,,G21001 / 해남읍,미방문,
공주전문정비공업사,전라남도 해남군,공구점,,전라남도 해남군 해남읍 영빈로 28,,S20301 / 해남읍,미방문,
우성부분정비공업사,전라남도 목포시,공구점,,전라남도 목포시 동부로 16,,S20301 / 용당1동,미방문,
인천철물,전라남도 순천시,철물점,,전라남도 순천시 장평로 60,,I21201 / 풍덕동,미방문,
남악철물공구안전,전라남도 무안군,철물점,,전라남도 무안군 삼향읍 남악5로60번길 2,,G21001 / 삼향읍,미방문,
공산부분정비공업사,전라남도 나주시,공구점,,전라남도 나주시 공산면 공산로 72,,S20301 / 공산면,미방문,
한려철물공구상사,전라남도 여수시,철물점,,전라남도 여수시 문수로 67,,G21001 / 문수동,미방문,
삼영건재,전라남도 순천시,건자재점,,전라남도 순천시 월등면 월등로 1020,,G21001 / 월등면,미방문,
금광철물상사,전라남도 광양시,철물점,,전라남도 광양시 광양읍 신재로 14,,G21001 / 광양읍,미방문,
구례농자재,전라남도 구례군,농자재점,,전라남도 구례군 구례읍 백련길 10,,G21001 / 구례읍,미방문,
한라전기철물,전라남도 목포시,철물점,,전라남도 목포시 하당로44번길 18,,G21001 / 신흥동,미방문,
삼성당건재한약방,전라남도 목포시,건자재점,,전라남도 목포시 영산로317번길 10,,G20508 / 용당1동,미방문,
21세기부분정비공업사,전라남도 목포시,공구점,,전라남도 목포시 산정로 35,,S20301 / 동명동,미방문,
선진종합건재,전라남도 신안군,건자재점,,전라남도 신안군 압해읍 압해로 397,,G21001 / 압해읍,미방문,
영진부분정비공업사,전라남도 여수시,공구점,,전라남도 여수시 만성로 7,,S20301 / 둔덕동,미방문,
득량종합건재,전라남도 보성군,건자재점,,전라남도 보성군 득량면 충의로 1505,,G21001 / 득량면,미방문,
일로농기구,전라남도 무안군,농자재점,,전라남도 무안군 일로읍 일로로 80,,G21001 / 일로읍,미방문,
한국칼라누보공업사,전라남도 순천시,공구점,,전라남도 순천시 유동3길 14-13,,S20301 / 왕조1동,미방문,
율어철물점,전라남도 보성군,철물점,,전라남도 보성군 율어면 상율길 2,,G21001 / 율어면,미방문,
태광공구철물,전라남도 순천시,철물점,,전라남도 순천시 장평로 60,,G21001 / 풍덕동,미방문,
수인공업사,전라남도 광양시,공구점,,전라남도 광양시 옥곡면 신금산단3길 9-8,,S20301 / 옥곡면,미방문,
대명종합건재,전라남도 곡성군,건자재점,,전라남도 곡성군 곡성읍 곡성로 877,,G21099 / 곡성읍,미방문,
제일철물공구,전라남도 나주시,철물점,,전라남도 나주시 나주로 98,,G21001 / 금남동,미방문,
광천철물,전라남도 순천시,철물점,,전라남도 순천시 주암면 주암호길 10,,G21001 / 주암면,미방문,
여천한일건재상사,전라남도 여수시,건자재점,,전라남도 여수시 흥국로 45,,G21001 / 쌍봉동,미방문,
한타대호부분정비공업사,전라남도 목포시,공구점,,전라남도 목포시 용당로 44,,S20301 / 삼학동,미방문,
현대공업사,전라남도 광양시,공구점,,전라남도 광양시 담안2길 8-13,,S20301 / 태인동,미방문,
광장철물점,전라남도 목포시,철물점,,전라남도 목포시 하당로 121,,G21001 / 하당동,미방문,
새쉼터부분정비공업사,전라남도 순천시,공구점,,전라남도 순천시 해룡면 인덕로 23,,S20301 / 해룡면,미방문,
석곡공업사,전라남도 여수시,공구점,,전라남도 여수시 좌수영로 516,,S20301 / 둔덕동,미방문,
짐다리공업사,전라남도 고흥군,공구점,,전라남도 고흥군 과역면 고흥로 2963,,S20699 / 과역면,미방문,
대성종합건재,전라남도 장흥군,건자재점,,전라남도 장흥군 대덕읍 도청신월로 175,,G21099 / 대덕읍,미방문,
명진포장철물공구,전라남도 목포시,철물점,,전라남도 목포시 산정로 69,,G21001 / 연동,미방문,
풍림농자재,전라남도 진도군,농자재점,,전라남도 진도군 고군면 진도대로 17,,G22199 / 고군면,미방문,
현대공업사,전라남도 진도군,공구점,,전라남도 진도군 군내면 송산길 107,,S20301 / 군내면,미방문,
효성철물,전라남도 목포시,철물점,,전라남도 목포시 하당로 139,,G21001 / 하당동,미방문,
일로수도철물,전라남도 무안군,철물점,,전라남도 무안군 일로읍 일로로 77,,G21001 / 일로읍,미방문,
해보철물,전라남도 함평군,철물점,,전라남도 함평군 해보면 밀재로 1278-1,,G21001 / 해보면,미방문,
광주공구종합철물,전라남도 나주시,철물점,,전라남도 나주시 남평읍 남평1로 45,,G21001 / 남평읍,미방문,
동양철물상사,전라남도 강진군,철물점,,전라남도 강진군 성전면 영흥길 74,,G21001 / 성전면,미방문,
오곡기계공구,전라남도 곡성군,공구점,,전라남도 곡성군 곡성읍 곡성로 802,,G21001 / 곡성읍,미방문,
남도종합철물,전라남도 순천시,철물점,,전라남도 순천시 해룡면 상대석길 53,,G21001 / 해룡면,미방문,
덕산건축자재,전라남도 여수시,건자재점,,전라남도 여수시 소라면 덕양로 217,,N11101 / 소라면,미방문,
차나라카전문공업사,전라남도 목포시,공구점,,전라남도 목포시 비파로 138-1,,S20301 / 하당동,미방문,
신흥정비공업사,전라남도 보성군,공구점,,전라남도 보성군 벌교읍 채동선로 85,,S20301 / 벌교읍,미방문,
찬영부분정비공업사,전라남도 여수시,공구점,,전라남도 여수시 여문1로 36,,S20301 / 여서동,미방문,
광명공업사,전라남도 장성군,공구점,,전라남도 장성군 황룡면 뱃나드리로 121,,S20301 / 황룡면,미방문,
보성철물,전라남도 목포시,철물점,,전라남도 목포시 고하대로597번길 21,,G21001 / 죽교동,미방문,
신목포부분정비공업사,전라남도 목포시,공구점,,전라남도 목포시 용해로 69-1,,S20301 / 용당2동,미방문,
봉화공업사,전라남도 광양시,공구점,,전라남도 광양시 광양읍 주령길 13-12,,S20301 / 광양읍,미방문,
중앙건축자재,전라남도 무안군,건자재점,,전라남도 무안군 삼향읍 덕산길 5,,N10999 / 삼향읍,미방문,
묘량농기계공업사,전라남도 영광군,농자재점,,전라남도 영광군 묘량면 동삼로 7,,S20699 / 묘량면,미방문,
평화철물점,전라남도 광양시,철물점,,전라남도 광양시 진상면 학연로 7-1,,G21001 / 진상면,미방문,
삼호현대종합철물전기공구,전라남도 영암군,철물점,,전라남도 영암군 삼호읍 신항로 76,,G21001 / 삼호읍,미방문,
세종철물안전공구해광씽크,전라남도 무안군,건자재점,,전라남도 무안군 삼향읍 남악2로22번길 30,,G21001 / 삼향읍,미방문,
승달부분정비공업사,전라남도 무안군,공구점,,전라남도 무안군 무안읍 공항로 61,,S20301 / 무안읍,미방문,
승원철물,전라남도 무안군,철물점,,전라남도 무안군 삼향읍 삼향로 128-5,,G21001 / 삼향읍,미방문,
화신기계공구종합상사,전라남도 여수시,공구점,,전라남도 여수시 주삼덕양로 200,,G21001 / 주삼동,미방문,
부농종합농자재,전라남도 나주시,농자재점,,전라남도 나주시 석당간길 54,,G21001 / 성북동,미방문,
공단카정비공업사,전라남도 담양군,공구점,,전라남도 담양군 금성면 담순로 249,,S20301 / 금성면,미방문,
현대정비공업사,전라남도 곡성군,공구점,,전라남도 곡성군 오곡면 기차마을로 295-5,,S20301 / 오곡면,미방문,
유진공업사,전라남도 광양시,공구점,,전라남도 광양시 제철로 1408,,S20301 / 골약동,미방문,
할매철물,전라남도 담양군,철물점,,전라남도 담양군 창평면 사동길 14-25,,G21001 / 창평면,미방문,
대광철물농자재,전라남도 나주시,농자재점,,전라남도 나주시 남평읍 남평2로 45-20,,G21001 / 남평읍,미방문,
현대공구철물,전라남도 영암군,철물점,,전라남도 영암군 영암읍 동문로 30,,G21001 / 영암읍,미방문,
형제건재,전라남도 장성군,건자재점,,전라남도 장성군 황룡면 뱃나드리로 123-16,,G21001 / 황룡면,미방문,
금성철물건재상사,전라남도 여수시,건자재점,,전라남도 여수시 좌수영로 381,,G21001 / 미평동,미방문,
씽씽모터스부분정비공업사,전라남도 목포시,공구점,,전라남도 목포시 양을로 148,,S20301 / 산정동,미방문,
무등철물점,전라남도 영암군,철물점,,전라남도 영암군 학산면 독천로 167-1,,G21001 / 학산면,미방문,
제일공구철물,전라남도 여수시,철물점,,전라남도 여수시 망마로 104-1,,G21001 / 시전동,미방문,
동운종합건재,전라남도 화순군,건자재점,,전라남도 화순군 동복면 오지호로 322,,G21001 / 동복면,미방문,
문평철물건재,전라남도 나주시,건자재점,,전라남도 나주시 문평면 체암로 314,,G21099 / 문평면,미방문,
신호남부분정비공업사,전라남도 여수시,공구점,,전라남도 여수시 시청로 98-1,,S20301 / 여천동,미방문,
송광철물,전라남도 순천시,철물점,,전라남도 순천시 송광면 쌍향수길 1329,,G21001 / 송광면,미방문,
형제철물,전라남도 순천시,철물점,,전라남도 순천시 감사터길 17,,G21001 / 중앙동,미방문,
광성철물점,전라남도 화순군,철물점,,전라남도 화순군 능주면 죽수길 93,,G21001 / 능주면,미방문,
ST모터스부분정비공업사,전라남도 목포시,공구점,,전라남도 목포시 교육로 112,,S20301 / 하당동,미방문,
대영건재철물공구,전라남도 영암군,건자재점,,전라남도 영암군 덕진면 월출로 326,,G21001 / 덕진면,미방문,
신신건재사,전라남도 여수시,건자재점,,전라남도 여수시 신월로 798-1,,G21001 / 서강동,미방문,
구백종합1급정비공업사,전라남도 여수시,공구점,,전라남도 여수시 삼동로 101,,S20301 / 주삼동,미방문,
장안철물건재,전라남도 순천시,건자재점,,전라남도 순천시 남산로 12,,G21001 / 남제동,미방문,
전남철물,전라남도 무안군,철물점,,전라남도 무안군 무안읍 무안중앙로 66,,G21001 / 무안읍,미방문,
중앙공업사,전라남도 고흥군,공구점,,전라남도 고흥군 도양읍 녹동신항2길 3,,S20301 / 도양읍,미방문,
개미종합건재사,전라남도 진도군,건자재점,,전라남도 진도군 진도읍 남산로 130-31,,G21001 / 진도읍,미방문,
탐진기계공구상사,전라남도 장흥군,공구점,,전라남도 장흥군 장흥읍 토요시장1길 21,,G21001 / 장흥읍,미방문,
광명종합전기공업사,전라남도 고흥군,공구점,,전라남도 고흥군 도화면 동신길 15-15,,S20501 / 도화면,미방문,
해오름부분정비공업사,전라남도 무안군,공구점,,전라남도 무안군 삼향읍 삼향중앙로 21,,S20301 / 삼향읍,미방문,
라이프전문정비공업사,전라남도 무안군,공구점,,전라남도 무안군 삼향읍 남악5로34번길 1-16,,S20301 / 삼향읍,미방문,
임회철물,전라남도 진도군,철물점,,전라남도 진도군 임회면 십일시길 11,,G21001 / 임회면,미방문,
대승공업사,전라남도 완도군,공구점,,전라남도 완도군 금일읍 금일로 321,,S20301 / 금일읍,미방문,
보림공업사유,전라남도 장흥군,공구점,,전라남도 장흥군 장흥읍 남부관광로 200,,S20301 / 장흥읍,미방문,
한마음농자재유통,전라남도 담양군,농자재점,,전라남도 담양군 창평면 창평로 443,,G21001 / 창평면,미방문,
동진공업사,전라남도 순천시,공구점,,전라남도 순천시 충효로 5,,S20301 / 덕연동,미방문,
무등부분정비공업사,전라남도 목포시,공구점,,전라남도 목포시 산정로142번길 9,,S20301 / 연동,미방문,
제일건축자재,전라남도 광양시,건자재점,,전라남도 광양시 광양읍 제철로 76,,N11101 / 광양읍,미방문,
벽산건축자재,전라남도 순천시,건자재점,,전라남도 순천시 부흥길 12,,N11101 / 도사동,미방문,
청정농자재,전라남도 신안군,농자재점,,전라남도 신안군 비금면 용소길 181-25,,G20404 / 비금면,미방문,
쌍둥이부분정비공업사,전라남도 목포시,공구점,,전라남도 목포시 하당로 196-2,,S20301 / 하당동,미방문,
우리공업사,전라남도 여수시,공구점,,전라남도 여수시 쌍봉로 86,,S20301 / 쌍봉동,미방문,
차전사부분정비공업사,전라남도 여수시,공구점,,전라남도 여수시 여수산단로 8,,S20301 / 주삼동,미방문,
드림부분정비공업사,전라남도 목포시,공구점,,전라남도 목포시 신흥로83번길 21,,S20301 / 옥암동,미방문,
남도부분정비공업사,전라남도 여수시,공구점,,전라남도 여수시 삼동로 35,,S20301 / 주삼동,미방문,
불목철물,전라남도 완도군,철물점,,전라남도 완도군 군외면 청해진로 783,,G21001 / 군외면,미방문,
대명공업사,전라남도 나주시,공구점,,전라남도 나주시 왕곡면 예향로 3631-10,,S20301 / 왕곡면,미방문,
흙사랑농자재,전라남도 강진군,농자재점,,전라남도 강진군 성전면 송계로 883,,G22199 / 성전면,미방문,
신전농자재마트,전라남도 강진군,농자재점,,전라남도 강진군 신전면 백도로 1541,,G22199 / 신전면,미방문,
신광철물,전라남도 순천시,철물점,,전라남도 순천시 북문길 3,,G21001 / 매곡동,미방문,
삼호철물,전라남도 영암군,철물점,,전라남도 영암군 삼호읍 삼호중앙로 232,,G21001 / 삼호읍,미방문,
장흥공업사,전라남도 장흥군,공구점,,전라남도 장흥군 장흥읍 장강로 106,,S20301 / 장흥읍,미방문,
형제철물공구,전라남도 여수시,철물점,,전라남도 여수시 웅천로 319,,G21001 / 시전동,미방문,
범농농자재,전라남도 보성군,농자재점,,전라남도 보성군 벌교읍 부용안길 7-2,,G21001 / 벌교읍,미방문,
안성건재,전라남도 여수시,건자재점,,전라남도 여수시 오동도로 6,,G21001 / 한려동,미방문,
반도전자철물,전라남도 장성군,철물점,,전라남도 장성군 삼서면 해삼로 1086,,G21001 / 삼서면,미방문,
거성건축자재,전라남도 순천시,건자재점,,전라남도 순천시 서면 백강로 771,,N11101 / 서면,미방문,
대창철물,전라남도 보성군,철물점,,전라남도 보성군 벌교읍 채동선로 284-1,,G21001 / 벌교읍,미방문,
신명철물모타,전라남도 해남군,철물점,,전라남도 해남군 송지면 땅끝해안로 1162,,G21001 / 송지면,미방문,
만도공업사,전라남도 강진군,공구점,,전라남도 강진군 강진읍 보은로 197,,S20301 / 강진읍,미방문,
수정부분정비공업사,전라남도 광양시,공구점,,전라남도 광양시 길호5길 9-3,,S20301 / 중마동,미방문,
북부타일건재,전라남도 순천시,건자재점,,전라남도 순천시 환선로 27-1,,G21099 / 중앙동,미방문,
세영공구철물상사,전라남도 목포시,철물점,,전라남도 목포시 삼학로 199,,G21001 / 삼학동,미방문,
남산전문정비공업사,전라남도 순천시,공구점,,전라남도 순천시 신흥2길 7,,S20301 / 남제동,미방문,
대창종합건재.철물,전라남도 보성군,건자재점,,전라남도 보성군 득량면 예당초교길 14,,G21001 / 득량면,미방문,
중앙철물,전라남도 완도군,철물점,,전라남도 완도군 신지면 신지로 546,,G21001 / 신지면,미방문,
서강부분공업사,전라남도 신안군,공구점,,전라남도 신안군 암태면 중부로 1804,,S20302 / 암태면,미방문,
부광철물,전라남도 나주시,철물점,,전라남도 나주시 남평읍 남평1로 21,,G21001 / 남평읍,미방문,
외양철물,전라남도 신안군,철물점,,전라남도 신안군 지도읍 원내양길 237,,G21001 / 지도읍,미방문,
대신농자재철강,전라남도 화순군,농자재점,,전라남도 화순군 능주면 학포로 1880-1,,G21099 / 능주면,미방문,
창선종합건재,전라남도 보성군,건자재점,,전라남도 보성군 보성읍 중앙로 78,,G21099 / 보성읍,미방문,
건설/건축자재소매업,전라남도 구례군,건자재점,,전라남도 구례군 마산면 황전4길 5,,G21003 / 마산면,미방문,
오천철물,전라남도 순천시,철물점,,전라남도 순천시 우석로 85,,G21001 / 남제동,미방문,
망운시장철물,전라남도 무안군,철물점,,전라남도 무안군 망운면 압창길 1-1,,G21001 / 망운면,미방문,
대경종합철물,전라남도 나주시,철물점,,전라남도 나주시 산포면 매성길 152-78,,G21001 / 산포면,미방문,
덕충건재,전라남도 여수시,건자재점,,전라남도 여수시 충민로 215-1,,G21099 / 만덕동,미방문,
화신건재,전라남도 여수시,건자재점,,전라남도 여수시 선소로 72-14,,G21001 / 시전동,미방문,
부창부분정비공업사,전라남도 여수시,공구점,,전라남도 여수시 문수7길 5-3,,S20301 / 문수동,미방문,
장안철물,전라남도 완도군,철물점,,전라남도 완도군 고금면 고금동로 18,,G21001 / 고금면,미방문,
원진카부분정비공업사,전라남도 순천시,공구점,,전라남도 순천시 황전면 순천로 1493,,S20301 / 황전면,미방문,
썬공업사,전라남도 광양시,공구점,,전라남도 광양시 제철로 1392,,S20301 / 골약동,미방문,
진도영농자재,전라남도 진도군,농자재점,,전라남도 진도군 임회면 남선길 64-7,,G22199 / 임회면,미방문,
다니엘공업사,전라남도 여수시,공구점,,전라남도 여수시 신월로 777,,S20699 / 대교동,미방문,
왕지철물산업안전,전라남도 순천시,철물점,,전라남도 순천시 왕지로 55,,G21001 / 왕조1동,미방문,
반석철물공구건재,전라남도 무안군,건자재점,,전라남도 무안군 무안읍 공항로 96,,G21001 / 무안읍,미방문,
광명농자재철강,전라남도 화순군,농자재점,,전라남도 화순군 능주면 학포로 1880-1,,G21001 / 능주면,미방문,
월야철물,전라남도 함평군,철물점,,전라남도 함평군 월야면 밀재로 1504-5,,G21202 / 월야면,미방문,
목포종합철물,전라남도 목포시,철물점,,전라남도 목포시 양을로 76,,G21001 / 산정동,미방문,
대덕철물건재,전라남도 장흥군,건자재점,,전라남도 장흥군 대덕읍 도청신월로 67,,G21001 / 대덕읍,미방문,
금골산철물점,전라남도 진도군,철물점,,전라남도 진도군 군내면 금골길 18-6,,G21001 / 군내면,미방문,
사평철물,전라남도 화순군,철물점,,전라남도 화순군 사평면 사호로 231,,G21001 / 사평면,미방문,
철물만돌이,전라남도 여수시,철물점,,전라남도 여수시 좌수영로 421,,G21001 / 미평동,미방문,
대한종합철물,전라남도 담양군,철물점,,전라남도 담양군 수북면 한수동로 573,,G21001 / 수북면,미방문,
선영종합철물점,전라남도 무안군,철물점,,전라남도 무안군 해제면 현해로 1722,,G21001 / 해제면,미방문,
한양철물,전라남도 목포시,철물점,,전라남도 목포시 용당로 231-1,,G21001 / 용당1동,미방문,
농자재,전라남도 고흥군,농자재점,,전라남도 고흥군 동강면 원유둔4길 25,,G22199 / 동강면,미방문,
태성장식철물,전라남도 순천시,철물점,,전라남도 순천시 장평3길 70,,G21001 / 풍덕동,미방문,
삼화철물,전라남도 목포시,철물점,,전라남도 목포시 해안로229번길 7-1,,G21001 / 만호동,미방문,
현광철물,전라남도 곡성군,철물점,,전라남도 곡성군 옥과면 대학로 199,,G21001 / 옥과면,미방문,
지명농기구철물,전라남도 신안군,농자재점,,전라남도 신안군 지도읍 봉리길 16-2,,S20699 / 지도읍,미방문,
오지리철물,전라남도 곡성군,철물점,,전라남도 곡성군 오곡면 기차마을로 121,,G21001 / 오곡면,미방문,
평화앵글철물,전라남도 광양시,철물점,,전라남도 광양시 중마중앙로 159,,G21001 / 중마동,미방문,
태양부분정비공업사,전라남도 목포시,공구점,,전라남도 목포시 남악2로9번길 9-12,,S20301 / 부주동,미방문,
태산건축자재,전라남도 순천시,건자재점,,전라남도 순천시 백연길 65,,N11101 / 왕조2동,미방문,
신광공업사,전라남도 목포시,공구점,,전라남도 목포시 대양로13번길 15,,S20301 / 연산동,미방문,
대덕부분정비공업사,전라남도 담양군,공구점,,전라남도 담양군 대덕면 창평현로 892,,S20301 / 대덕면,미방문,
동광건재,전라남도 함평군,건자재점,,전라남도 함평군 함평읍 영수길 307,,G21001 / 함평읍,미방문,
한창철물건재,전라남도 목포시,건자재점,,전라남도 목포시 영산로 673,,G21001 / 상동,미방문,
선창정비공업사,전라남도 완도군,공구점,,전라남도 완도군 소안면 소안로 161,,S20301 / 소안면,미방문,
고흥철물종합상사,전라남도 고흥군,철물점,,전라남도 고흥군 고흥읍 봉동주공길 17-1,,G21001 / 고흥읍,미방문,
부농농자재,전라남도 강진군,농자재점,,전라남도 강진군 강진읍 청자로 10,,G22199 / 강진읍,미방문,
금광철물상회,전라남도 구례군,철물점,,전라남도 구례군 구례읍 구례1길 54,,G21001 / 구례읍,미방문,
농자재,전라남도 무안군,농자재점,,전라남도 무안군 삼향읍 왕산로 36,,G21001 / 삼향읍,미방문,
땅심비료농자재,전라남도 영광군,농자재점,,전라남도 영광군 군서면 함영로 3234-2,,G22199 / 군서면,미방문,
영림철물;공구,전라남도 순천시,철물점,,전라남도 순천시 중앙7길 3-30,,G21001 / 중앙동,미방문,
노점철물,전라남도 고흥군,철물점,,전라남도 고흥군 도양읍 명동길 3-6,,G21001 / 도양읍,미방문,
달마산생태농자재,전라남도 해남군,농자재점,,전라남도 해남군 화산면 연정길 28,,G20506 / 화산면,미방문,
미성친환경농자재,전라남도 강진군,농자재점,,전라남도 강진군 강진읍 이학래길 21,,G22199 / 강진읍,미방문,
K.S부분정비공업사,전라남도 목포시,공구점,,전라남도 목포시 양을로 518,,S20301 / 하당동,미방문,
한일부분정비공업사,전라남도 신안군,공구점,,전라남도 신안군 자은면 구영2길 31-1,,S20301 / 자은면,미방문,
뉴현대카공업사,전라남도 목포시,공구점,,전라남도 목포시 옥암로54번길 23,,S20301 / 부흥동,미방문,
풍양철물,전라남도 고흥군,철물점,,전라남도 고흥군 고흥읍 고흥로 1747,,G21001 / 고흥읍,미방문,
비젼농자재,전라남도 보성군,농자재점,,전라남도 보성군 조성면 예당호동길 32-11,,G22199 / 조성면,미방문,
한성부분정비공업사,전라남도 여수시,공구점,,전라남도 여수시 미평9길 13,,S20301 / 미평동,미방문,
오룡철물공구,전라남도 담양군,철물점,,전라남도 담양군 무정면 무정로 406,,G21001 / 무정면,미방문,
대야철물건자재,전라남도 함평군,건자재점,,전라남도 함평군 월야면 월야장교길 13,,G21001 / 월야면,미방문,
국제철물;전기,전라남도 나주시,철물점,,전라남도 나주시 우정로 10,,G21001 / 빛가람동,미방문,
수현공업사,전라남도 장흥군,공구점,,전라남도 장흥군 관산읍 죽청2길 11-17,,S20699 / 관산읍,미방문,
매일부분정비공업사,전라남도 신안군,공구점,,전라남도 신안군 지도읍 봉리길 22-9,,S20301 / 지도읍,미방문,
강진철물,전라남도 강진군,철물점,,전라남도 강진군 마량면 마량3길 9,,G21001 / 마량면,미방문,
동아철물,전라남도 보성군,철물점,,전라남도 보성군 보성읍 신흥길 5,,G21001 / 보성읍,미방문,
우주철물,전라남도 광양시,철물점,,전라남도 광양시 광양읍 용두3길 3-3,,G21001 / 광양읍,미방문,
중앙건재,전라남도 완도군,건자재점,,전라남도 완도군 고금면 농상도남길 27,,G21099 / 고금면,미방문,
세연중고기계공구,전라남도 함평군,공구점,,전라남도 함평군 함평읍 함장로 1202-63,,G22201 / 함평읍,미방문,
상아카부분정비공업사,전라남도 광양시,공구점,,전라남도 광양시 광양읍 남등길 18,,S20301 / 광양읍,미방문,
영광철물상회,전라남도 영광군,철물점,,전라남도 영광군 영광읍 천년로13길 5,,G21001 / 영광읍,미방문,
장산철물,전라남도 신안군,철물점,,전라남도 신안군 장산면 아미산길 6,,G21001 / 장산면,미방문,
쌍용아산부분정비공업사,전라남도 목포시,공구점,,전라남도 목포시 남악로58번길 6,,S20301 / 부주동,미방문,
시그너스부분정비공업사,전라남도 여수시,공구점,,전라남도 여수시 소호2길 5-3,,S20301 / 쌍봉동,미방문,
장대철물,전라남도 순천시,철물점,,전라남도 순천시 이수로 148,,G21001 / 조곡동,미방문,
제일부분정비공업사,전라남도 해남군,공구점,,전라남도 해남군 화산면 해남화산로 1013,,S20301 / 화산면,미방문,
대진종합철물,전라남도 나주시,철물점,,전라남도 나주시 산포면 산포로 472,,G21001 / 산포면,미방문,
노화건재사,전라남도 완도군,건자재점,,전라남도 완도군 노화읍 노화로 749,,G21003 / 노화읍,미방문,
제일목재건재상사,전라남도 영암군,건자재점,,전라남도 영암군 미암면 흑석로 1895,,G21001 / 미암면,미방문,
송암건재,전라남도 순천시,건자재점,,전라남도 순천시 감사터3길 18,,G21001 / 중앙동,미방문,
행복건재,전라남도 광양시,건자재점,,전라남도 광양시 광양읍 읍성길 201-6,,G21099 / 광양읍,미방문,
무안은혜철물공구,전라남도 무안군,철물점,,전라남도 무안군 무안읍 면성1길 89-1,,G21001 / 무안읍,미방문,
엘소망설비철물,전라남도 광양시,철물점,,전라남도 광양시 금영로 167,,G21001 / 광영동,미방문,
동부종합철물,전라남도 순천시,철물점,,전라남도 순천시 서면 백강로 681,,G20499 / 서면,미방문,
금오도전기철물,전라남도 여수시,철물점,,전라남도 여수시 남면 금오로 838-1,,G21001 / 남면,미방문,
중앙농자재,전라남도 무안군,농자재점,,전라남도 무안군 해제면 해제중앙로 16,,G22199 / 해제면,미방문,
광주철물,전라남도 해남군,철물점,,전라남도 해남군 해남읍 중앙1로 276,,G21001 / 해남읍,미방문,
철물나라,전라남도 무안군,철물점,,전라남도 무안군 일로읍 삼일로 501,,G21001 / 일로읍,미방문,
상무대철물농자재,전라남도 장성군,농자재점,,전라남도 장성군 삼계면 주산2길 21-8,,G21001 / 삼계면,미방문,
성화철물,전라남도 진도군,철물점,,전라남도 진도군 고군면 회동길 46-9,,G21001 / 고군면,미방문,
우송건축자재,전라남도 신안군,건자재점,,전라남도 신안군 압해읍 압해로 533,,G21099 / 압해읍,미방문,
이일공구철물,전북특별자치도 익산시,철물점,,전북특별자치도 익산시 선화로 360,,G21001 / 마동,미방문,
진안철물점,전북특별자치도 진안군,철물점,,전북특별자치도 진안군 진안읍 진무로 1101,,G21001 / 진안읍,미방문,
해명농자재,전북특별자치도 순창군,농자재점,,전북특별자치도 순창군 쌍치면 청정로 241,,G22199 / 쌍치면,미방문,
현대전기철물,전북특별자치도 익산시,철물점,,전북특별자치도 익산시 동서로51길 33,,G21201 / 영등1동,미방문,
서해공업사주,전북특별자치도 군산시,공구점,,전북특별자치도 군산시 해망로 603,,S20301 / 소룡동,미방문,
세계종합공업사,전북특별자치도 김제시,공구점,,전북특별자치도 김제시 백산면 하공로 543-10,,S20301 / 백산면,미방문,
만복철물공구,전북특별자치도 전주시 덕진구,철물점,,전북특별자치도 전주시 덕진구 안덕원로 176-1,,G21001 / 인후2동,미방문,
서신한빛철물,전북특별자치도 전주시 완산구,철물점,,전북특별자치도 전주시 완산구 서신천변로 65,,G21001 / 서신동,미방문,
사랑카공업사,전북특별자치도 정읍시,공구점,,전북특별자치도 정읍시 수성택지5길 49,,S20301 / 수성동,미방문,
서해철물공구,전북특별자치도 익산시,철물점,,전북특별자치도 익산시 선화로 504,,G21001 / 팔봉동,미방문,
백마공구철물,전북특별자치도 익산시,철물점,,전북특별자치도 익산시 함열읍 함열로 76,,G21001 / 함열읍,미방문,
고창골재.철물,전북특별자치도 고창군,철물점,,전북특별자치도 고창군 고창읍 고인돌대로 1625,,G21001 / 고창읍,미방문,
은양종합철물,전북특별자치도 전주시 덕진구,철물점,,전북특별자치도 전주시 덕진구 들사평1길 27,,G21001 / 덕진동,미방문,
한양공업사,전북특별자치도 부안군,공구점,,전북특별자치도 부안군 부안읍 당산로 36,,S20699 / 부안읍,미방문,
중앙철물건재골재,전북특별자치도 정읍시,건자재점,,전북특별자치도 정읍시 칠보면 칠보2길 24,,G21001 / 칠보면,미방문,
서울공업사,전북특별자치도 김제시,공구점,,전북특별자치도 김제시 승반길 22,,S20301 / 요촌동,미방문,
이레공구철물，전기재료,전북특별자치도 익산시,철물점,,전북특별자치도 익산시 군익로 439,,G21001 / 송학동,미방문,
동서중기공업사,전북특별자치도 군산시,공구점,,전북특별자치도 군산시 개정면 우산길 32,,S20301 / 개정면,미방문,
고려카공업사,전북특별자치도 익산시,공구점,,전북특별자치도 익산시 낭산면 함낭로 1151,,S20301 / 낭산면,미방문,
안성카정비공업사,전북특별자치도 정읍시,공구점,,전북특별자치도 정읍시 서부산업도로 347-6,,S20301 / 연지동,미방문,
칠성건재,전북특별자치도 전주시 완산구,건자재점,,전북특별자치도 전주시 완산구 팔달로 102,,G21003 / 풍남동,미방문,
형제철물,전북특별자치도 고창군,철물점,,전북특별자치도 고창군 흥덕면 흥덕시장길 7,,G21001 / 흥덕면,미방문,
담수연공업사,전북특별자치도 완주군,공구점,,전북특별자치도 완주군 고산면 양화로 129-31,,S20699 / 고산면,미방문,
만성종합철물,전북특별자치도 완주군,철물점,,전북특별자치도 완주군 삼례읍 삼봉로 506,,G21001 / 삼례읍,미방문,
화신철물,전북특별자치도 익산시,철물점,,전북특별자치도 익산시 선화로31길 53,,G21001 / 남중동,미방문,
중앙철물,전북특별자치도 순창군,철물점,,전북특별자치도 순창군 쌍치면 쌍계로 57-4,,G21001 / 쌍치면,미방문,
무진장공업사,전북특별자치도 진안군,공구점,,전북특별자치도 진안군 진안읍 전진로 3136-9,,S20301 / 진안읍,미방문,
완주소양철물,전북특별자치도 완주군,철물점,,전북특별자치도 완주군 소양면 소양로 224,,G21001 / 소양면,미방문,
서부공업사,전북특별자치도 전주시 덕진구,공구점,,전북특별자치도 전주시 덕진구 신복로 18-17,,S20301 / 팔복동,미방문,
국도철물,전북특별자치도 전주시 완산구,철물점,,전북특별자치도 전주시 완산구 배학1길 1,,G21001 / 효자5동,미방문,
고창종합건재철물,전북특별자치도 고창군,건자재점,,전북특별자치도 고창군 고창읍 중앙로 29,,G21001 / 고창읍,미방문,
익산농자재천막,전북특별자치도 익산시,농자재점,,전북특별자치도 익산시 익산대로 53-1,,G20906 / 평화동,미방문,
손사인테리어철물장식,전북특별자치도 부안군,건자재점,,전북특별자치도 부안군 부안읍 번영로 60,,M11201 / 부안읍,미방문,
신전북공업사,전북특별자치도 전주시 덕진구,공구점,,전북특별자치도 전주시 덕진구 여산로 122-2,,S20301 / 여의동,미방문,
종인유리철물,전북특별자치도 전주시 덕진구,건자재점,,전북특별자치도 전주시 덕진구 태진로 149,,G20701 / 금암동,미방문,
동양철물공구사,전북특별자치도 군산시,철물점,,전북특별자치도 군산시 진포로 138,,G21001 / 조촌동,미방문,
신흥중기공업사,전북특별자치도 부안군,공구점,,전북특별자치도 부안군 부안읍 연곡로 221,,S20301 / 부안읍,미방문,
현대철물,전북특별자치도 부안군,철물점,,전북특별자치도 부안군 줄포면 부안로 862-1,,G21001 / 줄포면,미방문,
백송철물,전북특별자치도 전주시 완산구,철물점,,전북특별자치도 전주시 완산구 거마산1길 6,,G21001 / 삼천2동,미방문,
씽씽카공업사,전북특별자치도 정읍시,공구점,,전북특별자치도 정읍시 관통로 68-2,,S20301 / 시기동,미방문,
옥구철물공구상사,전북특별자치도 군산시,철물점,,전북특별자치도 군산시 대야면 번영로 945,,G21001 / 대야면,미방문,
구천건재상회,전북특별자치도 무주군,건자재점,,전북특별자치도 무주군 설천면 무설로 1568,,G21001 / 설천면,미방문,
신역건재철물,전북특별자치도 전주시 덕진구,건자재점,,전북특별자치도 전주시 덕진구 동부대로 693,,G21001 / 우아1동,미방문,
지오철물공구,전북특별자치도 군산시,철물점,,전북특별자치도 군산시 가도로 14,,G21001 / 소룡동,미방문,
운주철물,전북특별자치도 완주군,철물점,,전북특별자치도 완주군 운주면 운주로 110,,G20801 / 운주면,미방문,
향원철물점,전북특별자치도 익산시,철물점,,전북특별자치도 익산시 학곤로4길 38,,G21001 / 송학동,미방문,
소양철물,전북특별자치도 완주군,철물점,,전북특별자치도 완주군 소양면 소양로 226,,G21001 / 소양면,미방문,
부귀철물,전북특별자치도 진안군,철물점,,전북특별자치도 진안군 부귀면 부귀로 300,,G21001 / 부귀면,미방문,
삼성공업사,전북특별자치도 군산시,공구점,,전북특별자치도 군산시 공항로 262,,S20301 / 미성동,미방문,
전주건재한약,전북특별자치도 전주시 완산구,건자재점,,전북특별자치도 전주시 완산구 풍남문4길 19,,G22199 / 중앙동,미방문,
수리하는철물점,전북특별자치도 익산시,철물점,,전북특별자치도 익산시 왕궁면 관동길 19,,S20699 / 왕궁면,미방문,
명진공업사,전북특별자치도 익산시,공구점,,전북특별자치도 익산시 여산면 천호로 10,,S20699 / 여산면,미방문,
선진종합철물,전북특별자치도 익산시,철물점,,전북특별자치도 익산시 평동로3길 34-1,,G21001 / 인화동,미방문,
대경철물,전북특별자치도 익산시,철물점,,전북특별자치도 익산시 동서로 198,,G21001 / 남중동,미방문,
미래농자재,전북특별자치도 고창군,농자재점,,전북특별자치도 고창군 고창읍 보릿골로 91,,G21001 / 고창읍,미방문,
천일철물,전북특별자치도 익산시,철물점,,전북특별자치도 익산시 함열읍 와리3길 46,,G21001 / 함열읍,미방문,
칠성철물,전북특별자치도 군산시,철물점,,전북특별자치도 군산시 구시장로 34-3,,G21001 / 중앙동,미방문,
형제공업사,전북특별자치도 김제시,공구점,,전북특별자치도 김제시 금산면 금산사로 46,,S20301 / 금산면,미방문,
전북탑농자재,전북특별자치도 익산시,농자재점,,전북특별자치도 익산시 황등면 화강암로 252,,G21001 / 황등면,미방문,
부안종합철물,전북특별자치도 부안군,철물점,,전북특별자치도 부안군 부안읍 용암로 14,,G21001 / 부안읍,미방문,
동성공업사,전북특별자치도 남원시,공구점,,전북특별자치도 남원시 이백면 이백로 67,,S20301 / 이백면,미방문,
서울철물,전북특별자치도 군산시,철물점,,전북특별자치도 군산시 공단대로 686,,G20803 / 소룡동,미방문,
현대철물,전북특별자치도 남원시,철물점,,전북특별자치도 남원시 큰들1길 20,,G21001 / 도통동,미방문,
진흥건재,전북특별자치도 남원시,건자재점,,전북특별자치도 남원시 동림로 7,,G21099 / 죽항동,미방문,
싼종합철물공구,전북특별자치도 익산시,철물점,,전북특별자치도 익산시 마한로 51,,G21001 / 영등2동,미방문,
문화철물,전북특별자치도 군산시,철물점,,전북특별자치도 군산시 문화1길 77,,G21001 / 신풍동,미방문,
태평공업사,전북특별자치도 전주시 덕진구,공구점,,전북특별자치도 전주시 덕진구 팔복로 99,,S20301 / 팔복동,미방문,
신화농자재;철강,전북특별자치도 고창군,농자재점,,전북특별자치도 고창군 공음면 선산청메골3길 14-11,,G21001 / 공음면,미방문,
공설철물,전북특별자치도 남원시,철물점,,전북특별자치도 남원시 의총로 51,,G21001 / 금동,미방문,
기선공업사,전북특별자치도 군산시,공구점,,전북특별자치도 군산시 개정면 번영로 680,,S20301 / 개정면,미방문,
우리철물,전북특별자치도 정읍시,철물점,,전북특별자치도 정읍시 신태인읍 태화5길 10,,G21001 / 신태인읍,미방문,
반석공업사,전북특별자치도 전주시 덕진구,공구점,,전북특별자치도 전주시 덕진구 팔복로 348,,S20301 / 여의동,미방문,
세기철물공구,전북특별자치도 전주시 완산구,철물점,,전북특별자치도 전주시 완산구 거마평로 76,,G21001 / 삼천1동,미방문,
좋은차만들기공업사,전북특별자치도 익산시,공구점,,전북특별자치도 익산시 서동로 466,,S20301 / 팔봉동,미방문,
한국공구철물,전북특별자치도 남원시,철물점,,전북특별자치도 남원시 요천로 1338,,G21001 / 금동,미방문,
다모아철물공구,전북특별자치도 순창군,철물점,,전북특별자치도 순창군 순창읍 순창로 70-6,,G21001 / 순창읍,미방문,
신우전기철물,전북특별자치도 군산시,철물점,,전북특별자치도 군산시 백토로 116,,G21001 / 나운2동,미방문,
서일공업사,전북특별자치도 군산시,공구점,,전북특별자치도 군산시 외항로 157,,S20301 / 미성동,미방문,
지산철물,전북특별자치도 전주시 덕진구,철물점,,전북특별자치도 전주시 덕진구 견훤로 159,,G21001 / 인후3동,미방문,
수정카공업사,전북특별자치도 고창군,공구점,,전북특별자치도 고창군 흥덕면 선운대로 3785,,S20301 / 흥덕면,미방문,
삼성전기철물,전북특별자치도 정읍시,철물점,,전북특별자치도 정읍시 북면 정읍북로 525,,G21001 / 북면,미방문,
역전철물,전북특별자치도 익산시,철물점,,전북특별자치도 익산시 중앙로 133,,G21001 / 마동,미방문,
한양종합건재,전북특별자치도 군산시,건자재점,,전북특별자치도 군산시 팔마로 30,,G21001 / 신풍동,미방문,
현석전기철물,전북특별자치도 익산시,철물점,,전북특별자치도 익산시 고봉로20길 13,,G21001 / 영등1동,미방문,
한국공업사주,전북특별자치도 군산시,공구점,,전북특별자치도 군산시 외항로 183,,S20301 / 미성동,미방문,
가정철물유리;샷시,전북특별자치도 익산시,건자재점,,전북특별자치도 익산시 고봉로 192,,G21001 / 영등1동,미방문,
대진종합철물,전북특별자치도 익산시,철물점,,전북특별자치도 익산시 익산대로 319,,G21001 / 모현동,미방문,
삼기철물,전북특별자치도 익산시,철물점,,전북특별자치도 익산시 삼기면 황금로 470,,G21001 / 삼기면,미방문,
곰소철물,전북특별자치도 부안군,철물점,,전북특별자치도 부안군 진서면 청자로 946-1,,G21001 / 진서면,미방문,
비에이치공업사,전북특별자치도 정읍시,공구점,,전북특별자치도 정읍시 충정로 562,,S20301 / 농소동,미방문,
문일종합공구철물,전북특별자치도 군산시,철물점,,전북특별자치도 군산시 옥녀로 6-57,,G21001 / 미성동,미방문,
강래구카공업사공간,전북특별자치도 무주군,공구점,,전북특별자치도 무주군 무주읍 한풍루로 276,,S20301 / 무주읍,미방문,
서울공업사,전북특별자치도 전주시 완산구,공구점,,전북특별자치도 전주시 완산구 은행로 7-1,,G20803 / 풍남동,미방문,
중앙농자재,전북특별자치도 진안군,농자재점,,전북특별자치도 진안군 정천면 진용로 1780-22,,G21001 / 정천면,미방문,
한성공구철물,전북특별자치도 익산시,철물점,,전북특별자치도 익산시 익산대로 99,,G21001 / 평화동,미방문,
롯데공업사,전북특별자치도 군산시,공구점,,전북특별자치도 군산시 공항로 583,,S20301 / 미성동,미방문,
호남철물공구,전북특별자치도 군산시,철물점,,전북특별자치도 군산시 진포로 216,,G21001 / 경암동,미방문,
대선철물공구,전북특별자치도 전주시 완산구,철물점,,전북특별자치도 전주시 완산구 공북로 52,,G21001 / 중앙동,미방문,
합동공구철물,전북특별자치도 완주군,철물점,,전북특별자치도 완주군 삼례읍 삼봉로 18,,G21001 / 삼례읍,미방문,
금지철물,전북특별자치도 남원시,철물점,,전북특별자치도 남원시 의총로 59,,G21001 / 금동,미방문,
호남건재철물,전북특별자치도 부안군,건자재점,,전북특별자치도 부안군 부안읍 석정로 205-7,,G21001 / 부안읍,미방문,
성호공업사,전북특별자치도 군산시,공구점,,전북특별자치도 군산시 개정면 아동남로 149,,S20301 / 개정면,미방문,
형제철물,전북특별자치도 부안군,철물점,,전북특별자치도 부안군 줄포면 줄포중앙로 55,,G21001 / 줄포면,미방문,
모승철물전기재료,전북특별자치도 전주시 완산구,철물점,,전북특별자치도 전주시 완산구 용머리로 182,,G21001 / 효자1동,미방문,
한국농자재,전북특별자치도 고창군,농자재점,,전북특별자치도 고창군 고창읍 보릿골로 103,,G21001 / 고창읍,미방문,
쌍용정비공업사,전북특별자치도 전주시 덕진구,공구점,,전북특별자치도 전주시 덕진구 신행로 53,,S20301 / 팔복동,미방문,
진북철물점,전북특별자치도 전주시 덕진구,철물점,,전북특별자치도 전주시 덕진구 벚꽃로 8-1,,G21001 / 진북동,미방문,
새한철물,전북특별자치도 전주시 완산구,철물점,,전북특별자치도 전주시 완산구 천잠로 435,,G21001 / 효자5동,미방문,
예감장식철물,전북특별자치도 전주시 완산구,철물점,,전북특별자치도 전주시 완산구 태평1길 28,,G21001 / 중앙동,미방문,
진성철물,전북특별자치도 익산시,철물점,,전북특별자치도 익산시 인북로8길 18-1,,G21001 / 인화동,미방문,
남양안전철물,전북특별자치도 군산시,철물점,,전북특별자치도 군산시 분멀3길 26,,S20702 / 소룡동,미방문,
산서종합건재,전북특별자치도 장수군,건자재점,,전북특별자치도 장수군 산서면 비행로 4,,G21001 / 산서면,미방문,
금산철물토건자재,전북특별자치도 순창군,건자재점,,전북특별자치도 순창군 순창읍 순창4길 39-1,,G21001 / 순창읍,미방문,
강산종합건설철물,전북특별자치도 군산시,철물점,,전북특별자치도 군산시 칠성로 12,,G21001 / 나운3동,미방문,
한흥철물점,전북특별자치도 전주시 덕진구,철물점,,전북특별자치도 전주시 덕진구 팽나무6길 21,,G21001 / 인후3동,미방문,
진성카공업사,전북특별자치도 김제시,공구점,,전북특별자치도 김제시 벽지산로 106,,S20301 / 신풍동,미방문,
대성농자재,전북특별자치도 정읍시,농자재점,,전북특별자치도 정읍시 소성면 소성로 155,,G21001 / 소성면,미방문,
이평종합철물점,전북특별자치도 정읍시,철물점,,전북특별자치도 정읍시 이평면 황토현로 302,,G21001 / 이평면,미방문,
대화철물,전북특별자치도 전주시 완산구,철물점,,전북특별자치도 전주시 완산구 풍남문1길 13,,G21001 / 풍남동,미방문,
하나로공업사,전북특별자치도 익산시,공구점,,전북특별자치도 익산시 하나로 543-12,,S20301 / 어양동,미방문,
토광철물,전북특별자치도 부안군,철물점,,전북특별자치도 부안군 부안읍 부풍로 43-1,,G21001 / 부안읍,미방문,
유화건재,전북특별자치도 무주군,건자재점,,전북특별자치도 무주군 무주읍 주계로 81,,G21001 / 무주읍,미방문,
조일공업사,전북특별자치도 군산시,공구점,,전북특별자치도 군산시 팔마로 107,,S20699 / 흥남동,미방문,
동신공업사,전북특별자치도 남원시,공구점,,전북특별자치도 남원시 금암길 10,,S20601 / 노암동,미방문,
삼화정비공업사,전북특별자치도 전주시 덕진구,공구점,,전북특별자치도 전주시 덕진구 서귀로 17,,S20301 / 팔복동,미방문,
원스톱철물안전,전북특별자치도 전주시 완산구,철물점,,전북특별자치도 전주시 완산구 태평1길 9,,G21001 / 중앙동,미방문,
한국건재,전북특별자치도 완주군,건자재점,,전북특별자치도 완주군 고산면 고산로 69-14,,G21099 / 고산면,미방문,
전일건재사,전북특별자치도 순창군,건자재점,,전북특별자치도 순창군 순창읍 장류로 373,,G21099 / 순창읍,미방문,
삼성철물점,전북특별자치도 장수군,철물점,,전북특별자치도 장수군 번암면 장수로 493,,G21001 / 번암면,미방문,
터미널철물점,전북특별자치도 임실군,철물점,,전북특별자치도 임실군 강진면 호국로 10,,G21001 / 강진면,미방문,
공단철물공구상사,전북특별자치도 군산시,철물점,,전북특별자치도 군산시 미창로 5,,G21001 / 미성동,미방문,
정읍산외공업사,전북특별자치도 정읍시,공구점,,전북특별자치도 정읍시 산외면 동곡1길 24-9,,S20699 / 산외면,미방문,
대성철물,전북특별자치도 군산시,철물점,,전북특별자치도 군산시 임피면 동군산로 697,,G21001 / 임피면,미방문,
오원공업사,전북특별자치도 임실군,공구점,,전북특별자치도 임실군 관촌면 춘향로 3443,,S20301 / 관촌면,미방문,
현대철물,전북특별자치도 정읍시,철물점,,전북특별자치도 정읍시 초산로 52,,G21001 / 시기동,미방문,
일오삼철물,전북특별자치도 전주시 덕진구,철물점,,전북특별자치도 전주시 덕진구 전주천동로 432,,G21001 / 진북동,미방문,
구이공업사,전북특별자치도 전주시 완산구,공구점,,전북특별자치도 전주시 완산구 모악산자락길 290-53,,S20699 / 평화2동,미방문,
형제공업사,전북특별자치도 무주군,공구점,,전북특별자치도 무주군 안성면 안성로 310,,S20699 / 안성면,미방문,
장수현대공업사,전북특별자치도 장수군,공구점,,전북특별자치도 장수군 장수읍 백장로 2163,,S20301 / 장수읍,미방문,
거성농자재,전북특별자치도 무주군,농자재점,,전북특별자치도 무주군 무주읍 무설로 37,,G21001 / 무주읍,미방문,
전주철물,전북특별자치도 전주시 완산구,철물점,,전북특별자치도 전주시 완산구 평화11길 5-6,,G21001 / 평화2동,미방문,
대림공업사,전북특별자치도 익산시,공구점,,전북특별자치도 익산시 여산면 가람로 428,,S20699 / 여산면,미방문,
신광전기철물,전북특별자치도 익산시,철물점,,전북특별자치도 익산시 고현로 74,,G21001 / 모현동,미방문,
중앙농자재,전북특별자치도 무주군,농자재점,,전북특별자치도 무주군 안성면 시장윗길 7,,G22199 / 안성면,미방문,
화산철물,전북특별자치도 완주군,철물점,,전북특별자치도 완주군 화산면 화산남로 498,,G21001 / 화산면,미방문,
평화당한약건재,전북특별자치도 부안군,건자재점,,전북특별자치도 부안군 부안읍 시장길 9-2,,G22199 / 부안읍,미방문,
우신철물공구건재사,전북특별자치도 전주시 완산구,건자재점,,전북특별자치도 전주시 완산구 태평2길 14-1,,G21001 / 중앙동,미방문,
동양철물점,전북특별자치도 전주시 완산구,철물점,,전북특별자치도 전주시 완산구 팔달로 101-13,,G21001 / 풍남동,미방문,
강철물점,전북특별자치도 고창군,철물점,,전북특별자치도 고창군 대산면 대산시장길 28,,G21001 / 대산면,미방문,
한국공업사,전북특별자치도 전주시 덕진구,공구점,,전북특별자치도 전주시 덕진구 감수길 22,,S20301 / 팔복동,미방문,
남부철물,전북특별자치도 익산시,철물점,,전북특별자치도 익산시 평동로 740,,G21001 / 동산동,미방문,
오수철물점,전북특별자치도 임실군,철물점,,전북특별자치도 임실군 오수면 오수5길 5,,G21001 / 오수면,미방문,
황등철물열쇠,전북특별자치도 익산시,철물점,,전북특별자치도 익산시 황등면 황등로 133-1,,G21001 / 황등면,미방문,
건재몰,전북특별자치도 고창군,건자재점,,전북특별자치도 고창군 고창읍 중거리당산로 73,,N10101 / 고창읍,미방문,
삼원공구철물,전북특별자치도 완주군,철물점,,전북특별자치도 완주군 봉동읍 과학로 720,,G21001 / 봉동읍,미방문,
광연철물건재,전북특별자치도 진안군,건자재점,,전북특별자치도 진안군 안천면 보한길 21,,G21001 / 안천면,미방문,
종합카공업사,전북특별자치도 부안군,공구점,,전북특별자치도 부안군 부안읍 봉동길 10-1,,S20301 / 부안읍,미방문,
목천종합철물;건재,전북특별자치도 익산시,건자재점,,전북특별자치도 익산시 목천로 9,,G21001 / 평화동,미방문,
1급스카이정비공업사,전북특별자치도 전주시 덕진구,공구점,,전북특별자치도 전주시 덕진구 원만성로 82,,S20301 / 팔복동,미방문,
대림철물샷시부속,전북특별자치도 남원시,건자재점,,전북특별자치도 남원시 용성로 196,,G21001 / 도통동,미방문,
전북철물수도사,전북특별자치도 남원시,철물점,,전북특별자치도 남원시 의총로 56-3,,G21001 / 금동,미방문,
만인철물,전북특별자치도 익산시,철물점,,전북특별자치도 익산시 평동로13길 1-2,,G21001 / 인화동,미방문,
범일농기구,전북특별자치도 익산시,농자재점,,전북특별자치도 익산시 주현로4길 17-6,,G21001 / 인화동,미방문,
중앙철물건재,전북특별자치도 순창군,건자재점,,전북특별자치도 순창군 순창읍 남계로 72,,G21001 / 순창읍,미방문,
대웅철물보일러,전북특별자치도 임실군,철물점,,전북특별자치도 임실군 청웅면 청웅로 169,,G21001 / 청웅면,미방문,
광제당건재약업사,전북특별자치도 진안군,건자재점,,전북특별자치도 진안군 진안읍 진용로 9-2,,G21501 / 진안읍,미방문,
완주종합철물건재.초포태양광발전소,전북특별자치도 완주군,건자재점,,전북특별자치도 완주군 용진읍 초포다리로 243,,G21001 / 용진읍,미방문,
유신공업사,전북특별자치도 익산시,공구점,,전북특별자치도 익산시 서동로 209,,S20301 / 동산동,미방문,
흥덕종합철물건재,전북특별자치도 고창군,건자재점,,전북특별자치도 고창군 흥덕면 선운대로 3741,,G21001 / 흥덕면,미방문,
성광철물건재,전북특별자치도 김제시,건자재점,,전북특별자치도 김제시 효자로 82,,G21001 / 신풍동,미방문,
대륙철물,전북특별자치도 군산시,철물점,,전북특별자치도 군산시 구시장로 35,,G21001 / 중앙동,미방문,
신일공업사,전북특별자치도 김제시,공구점,,전북특별자치도 김제시 콩쥐팥쥐로 363,,S20301 / 검산동,미방문,
그린철물.전기,전북특별자치도 익산시,철물점,,전북특별자치도 익산시 선화로5길 36,,G21001 / 모현동,미방문,
제일공구철물,전북특별자치도 익산시,철물점,,전북특별자치도 익산시 익산대로 108,,G21001 / 평화동,미방문,
한아름종합공구철물마트유,전북특별자치도 군산시,철물점,,전북특별자치도 군산시 공단대로 580,,G21001 / 소룡동,미방문,
현대공업사,전북특별자치도 정읍시,공구점,,전북특별자치도 정읍시 서부산업도로 139,,S20301 / 상교동,미방문,
덕진철물공구,전북특별자치도 전주시 덕진구,철물점,,전북특별자치도 전주시 덕진구 기린대로 520,,G21001 / 덕진동,미방문,
믿음안전철물,전북특별자치도 전주시 덕진구,철물점,,전북특별자치도 전주시 덕진구 동부대로 383-1,,G21001 / 우아2동,미방문,
현대철물건재,전북특별자치도 김제시,건자재점,,전북특별자치도 김제시 만경읍 지평선로 2211,,G21001 / 만경읍,미방문,
기준철물점,전북특별자치도 부안군,철물점,,전북특별자치도 부안군 부안읍 번영로 161,,G21001 / 부안읍,미방문,
조은철물;공구,전북특별자치도 완주군,철물점,,전북특별자치도 완주군 봉동읍 삼봉로 945,,G21001 / 봉동읍,미방문,
대명공업사,전북특별자치도 정읍시,공구점,,전북특별자치도 정읍시 관통로 11-5,,S20301 / 장명동,미방문,
보절철물공구상사,전북특별자치도 남원시,철물점,,전북특별자치도 남원시 보절면 보산로 914,,G21001 / 보절면,미방문,
신성철물,전북특별자치도 익산시,철물점,,전북특별자치도 익산시 함열읍 함열중앙로 57,,G21001 / 함열읍,미방문,
영일철물,전북특별자치도 정읍시,철물점,,전북특별자치도 정읍시 신태인읍 정신로 1149-1,,G21001 / 신태인읍,미방문,
강진철물,전북특별자치도 임실군,철물점,,전북특별자치도 임실군 강진면 호국로 31,,G21001 / 강진면,미방문,
동원당건재,전북특별자치도 남원시,건자재점,,전북특별자치도 남원시 의총로 78,,G20508 / 죽항동,미방문,
제일공구철물,전북특별자치도 익산시,철물점,,전북특별자치도 익산시 금마면 금마길 52-1,,G21001 / 금마면,미방문,
함양철물,전북특별자치도 남원시,철물점,,전북특별자치도 남원시 인월면 인월로 65-3,,G21001 / 인월면,미방문,
만물종합철물,전북특별자치도 익산시,철물점,,전북특별자치도 익산시 고봉로 358,,G21001 / 영등2동,미방문,
한국농자재산업협회사,전북특별자치도 전주시 완산구,농자재점,,전북특별자치도 전주시 완산구 서원로 228,,M10501 / 효자2동,미방문,
유성철물공구볼트,전북특별자치도 전주시 완산구,철물점,,전북특별자치도 전주시 완산구 대동로 54,,G21001 / 중앙동,미방문,
우진철물공구,전북특별자치도 전주시 덕진구,철물점,,전북특별자치도 전주시 덕진구 송천중앙로 210,,G21001 / 송천1동,미방문,
한양철물,전북특별자치도 전주시 덕진구,철물점,,전북특별자치도 전주시 덕진구 기린대로 683,,G21001 / 팔복동,미방문,
문화건재철물,전북특별자치도 전주시 완산구,건자재점,,전북특별자치도 전주시 완산구 용머리로 136,,G21001 / 효자1동,미방문,
종합철물,전북특별자치도 남원시,철물점,,전북특별자치도 남원시 의총로 51,,G21001 / 금동,미방문,
용안철물상회,전북특별자치도 익산시,철물점,,전북특별자치도 익산시 용안면 현내로 422,,G21001 / 용안면,미방문,
원촌카공업사,전북특별자치도 장수군,공구점,,전북특별자치도 장수군 계북면 양악길 3,,S20301 / 계북면,미방문,
OK카정비공업사,전북특별자치도 김제시,공구점,,전북특별자치도 김제시 남북13길 10,,S20301 / 요촌동,미방문,
현대건설안전공구.철물,전북특별자치도 익산시,철물점,,전북특별자치도 익산시 익산대로 318,,G21001 / 모현동,미방문,
아리랑카공업사,전북특별자치도 부안군,공구점,,전북특별자치도 부안군 동진면 동진로 162,,S20301 / 동진면,미방문,
대성건재,전북특별자치도 김제시,건자재점,,전북특별자치도 김제시 동서로 99,,G21001 / 교월동,미방문,
마령농자재,전북특별자치도 진안군,농자재점,,전북특별자치도 진안군 마령면 임진로 2113,,G21001 / 마령면,미방문,
김제건재한약방,전북특별자치도 김제시,건자재점,,전북특별자치도 김제시 동헌4길 18-4,,G20508 / 요촌동,미방문,
대한철물,전북특별자치도 전주시 덕진구,철물점,,전북특별자치도 전주시 덕진구 건산로 55,,G21001 / 인후2동,미방문,
효자철물,전북특별자치도 전주시 완산구,철물점,,전북특별자치도 전주시 완산구 쑥고개로 403,,G21001 / 효자4동,미방문,
진성공업사,전북특별자치도 군산시,공구점,,전북특별자치도 군산시 공항로 480,,S20301 / 미성동,미방문,
토탈전기철물사,전북특별자치도 익산시,철물점,,전북특별자치도 익산시 부송로 83,,G21201 / 삼성동,미방문,
동신건재,전북특별자치도 무주군,건자재점,,전북특별자치도 무주군 안성면 안성로 284,,G21001 / 안성면,미방문,
성일수도철물설비,전북특별자치도 고창군,철물점,,전북특별자치도 고창군 고창읍 화신1길 28,,G21001 / 고창읍,미방문,
팔팔철물공구베아링,전북특별자치도 익산시,철물점,,전북특별자치도 익산시 평동로 599,,G21001 / 평화동,미방문,
말로건재,전북특별자치도 익산시,건자재점,,전북특별자치도 익산시 익산대로17길 3,,G21001 / 남중동,미방문,
고창철물점;고창건재상;고창공구상;고창설비사,전북특별자치도 고창군,건자재점,,전북특별자치도 고창군 고창읍 동리로 17,,G21001 / 고창읍,미방문,
뉴그린농자재,전북특별자치도 익산시,농자재점,,전북특별자치도 익산시 황등면 익산대로 1090-7,,G22199 / 황등면,미방문,
대왕철물,전북특별자치도 군산시,철물점,,전북특별자치도 군산시 구암로 123,,G21001 / 구암동,미방문,
우창철물,전북특별자치도 정읍시,철물점,,전북특별자치도 정읍시 신태인읍 정신로 1135,,G21001 / 신태인읍,미방문,
호남타이어공업사,전북특별자치도 군산시,공구점,,전북특별자치도 군산시 미창마을길 2,,S20301 / 미성동,미방문,
장인열쇠.철물,전북특별자치도 군산시,철물점,,전북특별자치도 군산시 황룡2길 8,,G21001 / 나운3동,미방문,
금구철물,전북특별자치도 김제시,철물점,,전북특별자치도 김제시 금구면 선비로 766,,G21001 / 금구면,미방문,
정주철물,전북특별자치도 정읍시,철물점,,전북특별자치도 정읍시 서부로 59,,G21001 / 연지동,미방문,
기쁨농자재,전북특별자치도 익산시,농자재점,,전북특별자치도 익산시 용동면 익산대로 2535,,G21001 / 용동면,미방문,
대원당건재한약방,전북특별자치도 전주시 완산구,건자재점,,전북특별자치도 전주시 완산구 거마남로 81,,G20508 / 삼천2동,미방문,
삼봉철물점,전북특별자치도 완주군,철물점,,전북특별자치도 완주군 삼례읍 왕궁로 27,,G21001 / 삼례읍,미방문,
철물잡화,전북특별자치도 전주시 덕진구,철물점,,전북특별자치도 전주시 덕진구 쪽구름로 89,,G21001 / 조촌동,미방문,
은성건축자재,전북특별자치도 전주시 완산구,건자재점,,전북특별자치도 전주시 완산구 용머리로 233,,G21001 / 완산동,미방문,
전주철물,전북특별자치도 전주시 덕진구,철물점,,전북특별자치도 전주시 덕진구 건산로 134,,G21001 / 인후1동,미방문,
상록수공업사,전북특별자치도 완주군,공구점,,전북특별자치도 완주군 봉동읍 봉동로 532,,S20301 / 봉동읍,미방문,
호남공업사,전북특별자치도 진안군,공구점,,전북특별자치도 진안군 마령면 서평로 173-14,,S20301 / 마령면,미방문,
대둔산철물,전북특별자치도 완주군,철물점,,전북특별자치도 완주군 운주면 운주로 78,,G21001 / 운주면,미방문,
동부철물,전북특별자치도 익산시,철물점,,전북특별자치도 익산시 인북로32길 84,,G21001 / 마동,미방문,
현대철물,전북특별자치도 정읍시,철물점,,전북특별자치도 정읍시 칠보면 칠보신흥길 5,,G21001 / 칠보면,미방문,
신세계종합건재.건축,전북특별자치도 무주군,건자재점,,전북특별자치도 무주군 설천면 구천동로 1079-3,,G21001 / 설천면,미방문,
중앙철물공구,전북특별자치도 정읍시,철물점,,전북특별자치도 정읍시 신태인읍 정신로 1143-2,,G21001 / 신태인읍,미방문,
유성중기카공업사,전북특별자치도 정읍시,공구점,,전북특별자치도 정읍시 충정로 562,,S20301 / 농소동,미방문,
태영전기철물공구,전북특별자치도 군산시,철물점,,전북특별자치도 군산시 백토로 6,,G21001 / 신풍동,미방문,
대흥철물,전북특별자치도 전주시 덕진구,철물점,,전북특별자치도 전주시 덕진구 권삼득로 203-8,,G21001 / 금암동,미방문,
영신안전철물,전북특별자치도 전주시 덕진구,철물점,,전북특별자치도 전주시 덕진구 용흥길 15-12,,G21001 / 송천2동,미방문,
대학로철물,전북특별자치도 익산시,철물점,,전북특별자치도 익산시 동서로19길 61,,G21001 / 신동,미방문,
성심종합철물,전북특별자치도 군산시,철물점,,전북특별자치도 군산시 지곡로 13,,G21001 / 수송동,미방문,
붕붕카공업사,전북특별자치도 부안군,공구점,,전북특별자치도 부안군 부안읍 번영로 216,,S20301 / 부안읍,미방문,
철물상회,전북특별자치도 고창군,철물점,,전북특별자치도 고창군 해리면 해리중앙로 75-1,,G21001 / 해리면,미방문,
뭉치인테리어철물,전북특별자치도 전주시 완산구,건자재점,,전북특별자치도 전주시 완산구 공북로 106,,G21001 / 노송동,미방문,
우현보일러철물,전북특별자치도 군산시,철물점,,전북특별자치도 군산시 대학로 171,,G21001 / 신풍동,미방문,
전진철물,전북특별자치도 전주시 덕진구,철물점,,전북특별자치도 전주시 덕진구 견훤로 418,,G21001 / 우아1동,미방문,
삼성철물,전북특별자치도 전주시 덕진구,철물점,,전북특별자치도 전주시 덕진구 동부대로 642,,G21001 / 우아1동,미방문,
번영철물그릇,전북특별자치도 익산시,철물점,,전북특별자치도 익산시 인북로9길 5,,G21202 / 남중동,미방문,
신태인카공업사,전북특별자치도 정읍시,공구점,,전북특별자치도 정읍시 신태인읍 석지로 815,,S20301 / 신태인읍,미방문,
팔팔종합철물점,전북특별자치도 전주시 덕진구,철물점,,전북특별자치도 전주시 덕진구 거북바우로 154,,G21001 / 인후2동,미방문,
문규철물점,전북특별자치도 전주시 덕진구,철물점,,전북특별자치도 전주시 덕진구 쪽구름로 92,,G21001 / 조촌동,미방문,
새만금공업사,전북특별자치도 김제시,공구점,,전북특별자치도 김제시 콩쥐팥쥐로 169,,S20301 / 검산동,미방문,
주천현대마트철물,전북특별자치도 진안군,철물점,,전북특별자치도 진안군 주천면 동상주천로 2222,,G21001 / 주천면,미방문,
장계철물,전북특별자치도 장수군,철물점,,전북특별자치도 장수군 장계면 장계4길 3,,G21001 / 장계면,미방문,
광주철물건재,전북특별자치도 전주시 완산구,건자재점,,전북특별자치도 전주시 완산구 반촌로 24,,G21001 / 노송동,미방문,
보성철물공구,전북특별자치도 익산시,철물점,,전북특별자치도 익산시 고봉로 266,,G21001 / 영등1동,미방문,
영진철물,전북특별자치도 익산시,철물점,,전북특별자치도 익산시 평동로23길 4,,G21001 / 동산동,미방문,
백제농자재마트,전북특별자치도 익산시,농자재점,,전북특별자치도 익산시 함열읍 함열로 77,,G21001 / 함열읍,미방문,
유성철물,전북특별자치도 순창군,철물점,,전북특별자치도 순창군 순창읍 대동로 105-8,,G21001 / 순창읍,미방문,
오성철물,전북특별자치도 부안군,철물점,,전북특별자치도 부안군 부안읍 오리정로 111,,G21001 / 부안읍,미방문,
신흥철물,전북특별자치도 남원시,철물점,,전북특별자치도 남원시 인월면 인월장터로 33,,G21001 / 인월면,미방문,
진흥카공업사,전북특별자치도 진안군,공구점,,전북특별자치도 진안군 진안읍 진장로 8-1,,S20301 / 진안읍,미방문,
대성철물,전북특별자치도 장수군,철물점,,전북특별자치도 장수군 장수읍 시장통길 2,,G21001 / 장수읍,미방문,
형제보일러철물,전북특별자치도 전주시 덕진구,철물점,,전북특별자치도 전주시 덕진구 진버들1길 52,,G21001 / 인후3동,미방문,
호남철물공구,전북특별자치도 김제시,철물점,,전북특별자치도 김제시 동서로 144,,G21001 / 요촌동,미방문,
선명기계공구,전북특별자치도 군산시,공구점,,전북특별자치도 군산시 중앙로 97,,G21001 / 중앙동,미방문,
제일안전철물,전북특별자치도 익산시,철물점,,전북특별자치도 익산시 익산대로 285,,G21001 / 남중동,미방문,
대동공업사,전북특별자치도 고창군,공구점,,전북특별자치도 고창군 신림면 평월1길 11,,S20301 / 신림면,미방문,
상준공업사,전북특별자치도 군산시,공구점,,전북특별자치도 군산시 외항로 215,,S20301 / 미성동,미방문,
진성철물공구,전북특별자치도 익산시,철물점,,전북특별자치도 익산시 왕궁면 평화촌1길 2,,G21001 / 왕궁면,미방문,
제일철물공구,전북특별자치도 장수군,철물점,,전북특별자치도 장수군 장계면 장무로 260,,G21001 / 장계면,미방문,
군장안전철물,전북특별자치도 군산시,철물점,,전북특별자치도 군산시 구암31로 10-4,,G21001 / 흥남동,미방문,
에스알공구철물건재,전북특별자치도 군산시,건자재점,,전북특별자치도 군산시 공단대로 636,,G21099 / 소룡동,미방문,
오빌건재,전북특별자치도 임실군,건자재점,,전북특별자치도 임실군 관촌면 사선로 43,,G21001 / 관촌면,미방문,
대흥철물,전북특별자치도 고창군,철물점,,전북특별자치도 고창군 상하면 상하1길 9-2,,G21001 / 상하면,미방문,
줄포철물,전북특별자치도 부안군,철물점,,전북특별자치도 부안군 줄포면 부안로 871,,G21001 / 줄포면,미방문,
한국철물공구·기업형공구마트,전북특별자치도 정읍시,철물점,,전북특별자치도 정읍시 서부산업도로 491,,G21001 / 수성동,미방문,
대성철물,전북특별자치도 고창군,철물점,,전북특별자치도 고창군 해리면 해리중앙로 43-10,,G21001 / 해리면,미방문,
성현농자재,전북특별자치도 완주군,농자재점,,전북특별자치도 완주군 삼례읍 원신금1길 24,,G22199 / 삼례읍,미방문,
대구철물건재,전북특별자치도 장수군,건자재점,,전북특별자치도 장수군 장계면 장무로 208-1,,G21001 / 장계면,미방문,
동성볼트공구상사,전북특별자치도 전주시 완산구,공구점,,전북특별자치도 전주시 완산구 태평3길 5,,G21001 / 중앙동,미방문,
제일공구마트,전북특별자치도 남원시,공구점,,전북특별자치도 남원시 의총로 7,,G21001 / 금동,미방문,
대원철물,전북특별자치도 익산시,철물점,,전북특별자치도 익산시 약촌로 195-1,,G21001 / 영등1동,미방문,
대야철물상회,전북특별자치도 군산시,철물점,,전북특별자치도 군산시 대야면 번영로 944,,G21001 / 대야면,미방문,
형제종합철물,전북특별자치도 남원시,철물점,,전북특별자치도 남원시 운봉읍 황산로 1047,,G21001 / 운봉읍,미방문,
새만금공업사,전북특별자치도 군산시,공구점,,전북특별자치도 군산시 옥도면 야미도4길 42-1,,S20301 / 옥도면,미방문,
농자재,전북특별자치도 고창군,농자재점,,전북특별자치도 고창군 심원면 심원로 182,,G22199 / 심원면,미방문,
하나건축자재,전북특별자치도 익산시,건자재점,,전북특별자치도 익산시 함열읍 미륵사지로 1261,,G21003 / 함열읍,미방문,
제일종합철물,전북특별자치도 정읍시,철물점,,전북특별자치도 정읍시 충정로 16-1,,G21001 / 내장상동,미방문,
흥농철물점,전북특별자치도 장수군,철물점,,전북특별자치도 장수군 장수읍 장천로 170-1,,G21001 / 장수읍,미방문,
대흥공업사,전북특별자치도 완주군,공구점,,전북특별자치도 완주군 이서면 콩쥐팥쥐로 1356,,S20699 / 이서면,미방문,
호남철물점,전북특별자치도 장수군,철물점,,전북특별자치도 장수군 번암면 장수로 498,,G21001 / 번암면,미방문,
변산철물,전북특별자치도 부안군,철물점,,전북특별자치도 부안군 변산면 지서로 89,,G21001 / 변산면,미방문,
운봉공업사,전북특별자치도 남원시,공구점,,전북특별자치도 남원시 운봉읍 황산로 1094,,S20501 / 운봉읍,미방문,
호남철물건재,전북특별자치도 익산시,건자재점,,전북특별자치도 익산시 금마면 금마길 9,,G21001 / 금마면,미방문,
극동철물,전북특별자치도 남원시,철물점,,전북특별자치도 남원시 의총로 51,,G21001 / 금동,미방문,
신흥철물,전북특별자치도 정읍시,철물점,,전북특별자치도 정읍시 신태인읍 정신로 1133-1,,G21001 / 신태인읍,미방문,
동이리철물,전북특별자치도 익산시,철물점,,전북특별자치도 익산시 인북로8길 39-1,,G21001 / 인화동,미방문,
현대종합건재,전북특별자치도 무주군,건자재점,,전북특별자치도 무주군 무주읍 한풍루로 399,,G21001 / 무주읍,미방문,
새천년모터스공업사,전북특별자치도 임실군,공구점,,전북특별자치도 임실군 임실읍 호국로 1778,,S20301 / 임실읍,미방문,
전주오토공업사,전북특별자치도 전주시 덕진구,공구점,,전북특별자치도 전주시 덕진구 반룡로 47,,S20301 / 팔복동,미방문,
황금장식철물설비,전북특별자치도 익산시,철물점,,전북특별자치도 익산시 선화로 298,,G21001 / 마동,미방문,
진광철물,전북특별자치도 남원시,철물점,,전북특별자치도 남원시 용성로 134,,G21001 / 죽항동,미방문,
복지철물점,전북특별자치도 부안군,철물점,,전북특별자치도 부안군 주산면 선돌로 375,,G21001 / 주산면,미방문,
형제농자재,전북특별자치도 무주군,농자재점,,전북특별자치도 무주군 무풍면 실미길 3,,G21001 / 무풍면,미방문,
동신철물공구,전북특별자치도 익산시,철물점,,전북특별자치도 익산시 평동로 606,,G21001 / 평화동,미방문,
친구카공업사,전북특별자치도 부안군,공구점,,전북특별자치도 부안군 부안읍 부풍로 117,,S20301 / 부안읍,미방문,
신흥건재.철물,전북특별자치도 부안군,건자재점,,전북특별자치도 부안군 부안읍 시장길 19-2,,G21001 / 부안읍,미방문,
칠성건재,전북특별자치도 정읍시,건자재점,,전북특별자치도 정읍시 신태인읍 정신로 1263,,G21099 / 신태인읍,미방문,
서울철물보일러,전북특별자치도 부안군,철물점,,전북특별자치도 부안군 줄포면 줄포길 12,,G21001 / 줄포면,미방문,
순창공업사,전북특별자치도 순창군,공구점,,전북특별자치도 순창군 순창읍 강천로 19-6,,S20301 / 순창읍,미방문,
외항공업사,전북특별자치도 군산시,공구점,,전북특별자치도 군산시 외항로 543,,S20301 / 미성동,미방문,
케이디한마음공업사,전북특별자치도 전주시 덕진구,공구점,,전북특별자치도 전주시 덕진구 덕촌길 25,,S20301 / 팔복동,미방문,
남문보일러부속철물,전북특별자치도 전주시 완산구,철물점,,전북특별자치도 전주시 완산구 팔달로 111-5,,G21001 / 풍남동,미방문,
태산철물PVC건재,전북특별자치도 정읍시,건자재점,,전북특별자치도 정읍시 황토현로 1234,,G21001 / 농소동,미방문,
미래철물건축설비,전북특별자치도 전주시 덕진구,철물점,,전북특별자치도 전주시 덕진구 정언신로 56,,G21001 / 인후3동,미방문,
경은철물,전북특별자치도 익산시,철물점,,전북특별자치도 익산시 서동로11길 31,,G21001 / 인화동,미방문,
시장철물점,전북특별자치도 김제시,철물점,,전북특별자치도 김제시 만경읍 만경4길 55,,G21001 / 만경읍,미방문,
구암철물공구,전북특별자치도 군산시,철물점,,전북특별자치도 군산시 구암31로 209,,G21001 / 구암동,미방문,
문화종합철물,전북특별자치도 전주시 완산구,철물점,,전북특별자치도 전주시 완산구 팔달로 107,,G21001 / 풍남동,미방문,
원창종합건재철물,전북특별자치도 김제시,건자재점,,전북특별자치도 김제시 만경읍 만경1길 3,,G21001 / 만경읍,미방문,
제일한약건재약업사,전북특별자치도 부안군,건자재점,,전북특별자치도 부안군 부안읍 시장1길 6,,G22199 / 부안읍,미방문,
대영건재,전북특별자치도 군산시,건자재점,,전북특별자치도 군산시 서수면 탑천로 600-1,,G21099 / 서수면,미방문,
한교카공업사,전북특별자치도 정읍시,공구점,,전북특별자치도 정읍시 북면 구평1길 6,,S20301 / 북면,미방문,
중산종합철물,전북특별자치도 전주시 완산구,철물점,,전북특별자치도 전주시 완산구 서원로 194,,G21001 / 효자2동,미방문,
정성보링공업사,전북특별자치도 정읍시,공구점,,전북특별자치도 정읍시 서부산업도로 567,,S20301 / 수성동,미방문,
가교농자재,전북특별자치도 고창군,농자재점,,전북특별자치도 고창군 고창읍 보릿골로 5,,G21001 / 고창읍,미방문,
녹산공업사,전북특별자치도 군산시,공구점,,전북특별자치도 군산시 외항로 557,,S20301 / 미성동,미방문,
정진공업사,전북특별자치도 장수군,공구점,,전북특별자치도 장수군 장계면 문화로 45-14,,S20301 / 장계면,미방문,
해성철물안전물산,전북특별자치도 군산시,철물점,,전북특별자치도 군산시 산북로 189,,G21001 / 미성동,미방문,
대광철물,전북특별자치도 익산시,철물점,,전북특별자치도 익산시 익산대로22길 7-1,,G21001 / 남중동,미방문,
북면공업사유,전북특별자치도 정읍시,공구점,,전북특별자치도 정읍시 북면 외야길 6,,S20301 / 북면,미방문,
현대공구철물,전북특별자치도 김제시,철물점,,전북특별자치도 김제시 동서로 95,,G21001 / 교월동,미방문,
엔젤타이어공업사,전북특별자치도 군산시,공구점,,전북특별자치도 군산시 임피면 임피1길 4,,S20301 / 임피면,미방문,
대명철물상사,전북특별자치도 완주군,철물점,,전북특별자치도 완주군 삼례읍 삼봉로 37,,G21001 / 삼례읍,미방문,
대형공업사,전북특별자치도 전주시 덕진구,공구점,,전북특별자치도 전주시 덕진구 추천로 48-17,,S20301 / 팔복동,미방문,
옥산철물건재,전북특별자치도 군산시,건자재점,,전북특별자치도 군산시 옥산면 옥산로 225,,G21001 / 옥산면,미방문,
성두공업사,전북특별자치도 군산시,공구점,,전북특별자치도 군산시 외항로 295-10,,S20301 / 미성동,미방문,
영성철물,전북특별자치도 전주시 덕진구,철물점,,전북특별자치도 전주시 덕진구 가리내로 80,,G21001 / 금암동,미방문,
대진농자재,전북특별자치도 고창군,농자재점,,전북특별자치도 고창군 고창읍 동리로 9,,G22199 / 고창읍,미방문,
가나공업사,전북특별자치도 군산시,공구점,,전북특별자치도 군산시 외항로 345,,S20301 / 미성동,미방문,
유망철물건재상사,전북특별자치도 전주시 완산구,건자재점,,전북특별자치도 전주시 완산구 용머리로 152,,G21001 / 효자1동,미방문,
함라철물,전북특별자치도 익산시,철물점,,전북특별자치도 익산시 함라면 함낭로 8,,G21001 / 함라면,미방문,
은성종합건재철물,전북특별자치도 전주시 덕진구,건자재점,,전북특별자치도 전주시 덕진구 송천로 35,,G21001 / 송천2동,미방문,
대설종합건재사,전북특별자치도 전주시 완산구,건자재점,,전북특별자치도 전주시 완산구 팔달로 290,,G21099 / 노송동,미방문,
광진철물,전북특별자치도 김제시,철물점,,전북특별자치도 김제시 동서9길 25,,G21001 / 요촌동,미방문,
모든카공업사,전북특별자치도 전주시 완산구,공구점,,전북특별자치도 전주시 완산구 계룡산길 125,,S20301 / 삼천3동,미방문,
우정공업사,전북특별자치도 임실군,공구점,,전북특별자치도 임실군 임실읍 춘향로 2963,,S20301 / 임실읍,미방문,
나운철물공구,전북특별자치도 군산시,철물점,,전북특별자치도 군산시 신설로 24,,G20801 / 나운1동,미방문,
영진철물,전북특별자치도 고창군,철물점,,전북특별자치도 고창군 상하면 상하1길 13-1,,G21001 / 상하면,미방문,
무주제일건재,전북특별자치도 무주군,건자재점,,전북특별자치도 무주군 무주읍 주계로 66-1,,G21001 / 무주읍,미방문,
현대종합철물,전북특별자치도 완주군,철물점,,전북특별자치도 완주군 봉동읍 봉동로 130,,G21001 / 봉동읍,미방문,
중앙철물설비,전북특별자치도 고창군,철물점,,전북특별자치도 고창군 고창읍 동리로 60,,G21001 / 고창읍,미방문,
경동철물,전북특별자치도 남원시,철물점,,전북특별자치도 남원시 의총로 50,,G21001 / 금동,미방문,
동아철물,전북특별자치도 군산시,철물점,,전북특별자치도 군산시 구시장로 40-1,,G21001 / 중앙동,미방문,
소망철물,전북특별자치도 익산시,철물점,,전북특별자치도 익산시 함열읍 함열중앙로 25,,G21001 / 함열읍,미방문,
선진공업사,전북특별자치도 무주군,공구점,,전북특별자치도 무주군 안성면 칠연로 1,,S20301 / 안성면,미방문,
육일철물점,전북특별자치도 완주군,철물점,,전북특별자치도 완주군 고산면 고산로 91,,G21001 / 고산면,미방문,
성화철물,전북특별자치도 장수군,철물점,,전북특별자치도 장수군 장수읍 장천로 146,,G21001 / 장수읍,미방문,
우리철물점,전북특별자치도 임실군,철물점,,전북특별자치도 임실군 임실읍 봉황11길 46-1,,G21001 / 임실읍,미방문,
금호공업사,전북특별자치도 순창군,공구점,,전북특별자치도 순창군 순창읍 유등로 14,,S20301 / 순창읍,미방문,
금성철물,전북특별자치도 정읍시,철물점,,전북특별자치도 정읍시 입암면 정읍남로 497,,G21001 / 입암면,미방문,
대림공업사,전북특별자치도 군산시,공구점,,전북특별자치도 군산시 외항로 377-8,,S20301 / 미성동,미방문,
회현철물,전북특별자치도 군산시,철물점,,전북특별자치도 군산시 회현면 회현로 175-1,,G21001 / 회현면,미방문,
현대공구철물,전북특별자치도 부안군,철물점,,전북특별자치도 부안군 부안읍 번영로 85-1,,G21001 / 부안읍,미방문,
태정공업사,전북특별자치도 군산시,공구점,,전북특별자치도 군산시 공항로 430,,S20301 / 미성동,미방문,
우승공업사,전북특별자치도 김제시,공구점,,전북특별자치도 김제시 만경읍 능제로 77-5,,S20401 / 만경읍,미방문,
태양종합철물,전북특별자치도 익산시,철물점,,전북특별자치도 익산시 황등면 황등7길 22-1,,G21001 / 황등면,미방문,
대동공업고창;월드카공업사;호남농기계상사신,전북특별자치도 고창군,농자재점,,전북특별자치도 고창군 고창읍 녹두로 1327,,S20301 / 고창읍,미방문,
우리철물공구,전북특별자치도 전주시 완산구,철물점,,전북특별자치도 전주시 완산구 장승배기7길 2,,G21001 / 서서학동,미방문,
다온철물,전북특별자치도 완주군,철물점,,전북특별자치도 완주군 삼례읍 동학로 61,,G21001 / 삼례읍,미방문,
제일기계공구,전북특별자치도 남원시,공구점,,전북특별자치도 남원시 검멀길 1,,G21001 / 금동,미방문,
신성철물,전북특별자치도 전주시 완산구,철물점,,전북특별자치도 전주시 완산구 풍남문2길 121-18,,G21001 / 중앙동,미방문,
한길밧데리공업사,전북특별자치도 군산시,공구점,,전북특별자치도 군산시 외항로 293,,S20301 / 미성동,미방문,
아도철물,전북특별자치도 익산시,철물점,,전북특별자치도 익산시 중앙로13길 3,,G21001 / 마동,미방문,
큰별철물점,전북특별자치도 전주시 완산구,철물점,,전북특별자치도 전주시 완산구 쑥고개로 401,,G21001 / 효자4동,미방문,
중앙종합건재,전북특별자치도 군산시,건자재점,,전북특별자치도 군산시 구영2길 28,,G21003 / 월명동,미방문,
호남철물,전북특별자치도 익산시,철물점,,전북특별자치도 익산시 동서로23길 8,,G21001 / 남중동,미방문,
금성철물,전북특별자치도 고창군,철물점,,전북특별자치도 고창군 고창읍 동리로 79-1,,G21001 / 고창읍,미방문,
온누리철물농자재,전북특별자치도 고창군,농자재점,,전북특별자치도 고창군 상하면 진암구시포로 6,,G21001 / 상하면,미방문,
광천철물,전북특별자치도 완주군,철물점,,전북특별자치도 완주군 구이면 구이로 1358,,G21001 / 구이면,미방문,
보국철물,전북특별자치도 군산시,철물점,,전북특별자치도 군산시 대명2길 14-1,,G21001 / 흥남동,미방문,
우방철물,전북특별자치도 전주시 덕진구,철물점,,전북특별자치도 전주시 덕진구 심방죽로 62-1,,G21001 / 인후1동,미방문,
태성당건재한약도매,전북특별자치도 김제시,건자재점,,전북특별자치도 김제시 동헌4길 18-5,,G22199 / 요촌동,미방문,
신광상사철물,전북특별자치도 전주시 완산구,철물점,,전북특별자치도 전주시 완산구 송정로 22,,G21001 / 삼천1동,미방문,
하나철물공구,전북특별자치도 전주시 완산구,철물점,,전북특별자치도 전주시 완산구 장승배기로 203,,G21001 / 평화2동,미방문,
화호철물점,전북특별자치도 정읍시,철물점,,전북특별자치도 정읍시 신태인읍 화호7길 4,,G21001 / 신태인읍,미방문,
경진철물건재,전북특별자치도 전주시 덕진구,건자재점,,전북특별자치도 전주시 덕진구 팽나무1길 26,,G21001 / 인후2동,미방문,
광진공업사,전북특별자치도 고창군,공구점,,전북특별자치도 고창군 고창읍 보릿골로 128,,S20301 / 고창읍,미방문,
제일전기철물,전북특별자치도 전주시 덕진구,철물점,,전북특별자치도 전주시 덕진구 안덕원로 66,,G21001 / 진북동,미방문,
문화전기철물공구,전북특별자치도 전주시 덕진구,철물점,,전북특별자치도 전주시 덕진구 안덕원로 279,,G21201 / 인후1동,미방문,
대성철물설비,전북특별자치도 남원시,철물점,,전북특별자치도 남원시 의총로 52,,G21001 / 금동,미방문,
심원철물상회,전북특별자치도 고창군,철물점,,전북특별자치도 고창군 심원면 심원로 222,,G21001 / 심원면,미방문,
현대농자재,전북특별자치도 고창군,농자재점,,전북특별자치도 고창군 고창읍 보릿골로 78-1,,G21002 / 고창읍,미방문,
한울농자재,전북특별자치도 무주군,농자재점,,전북특별자치도 무주군 무주읍 죽향로 34,,G21001 / 무주읍,미방문,
창조철물공구,전북특별자치도 군산시,철물점,,전북특별자치도 군산시 공단대로 409,,G21001 / 나운3동,미방문,
대성철물점,전북특별자치도 진안군,철물점,,전북특별자치도 진안군 마령면 임진로 2105,,G21001 / 마령면,미방문,
지경철물,전북특별자치도 전주시 덕진구,철물점,,전북특별자치도 전주시 덕진구 쪽구름로 124,,G21001 / 조촌동,미방문,
광은카공업사,전북특별자치도 임실군,공구점,,전북특별자치도 임실군 임실읍 호국로 1807,,S20301 / 임실읍,미방문,
금성보일러철물,전북특별자치도 김제시,철물점,,전북특별자치도 김제시 남북로 214,,G21001 / 요촌동,미방문,
명연공업사,전북특별자치도 군산시,공구점,,전북특별자치도 군산시 해망로 681,,S20301 / 미성동,미방문,
태양철물점,전북특별자치도 전주시 완산구,철물점,,전북특별자치도 전주시 완산구 풍남문2길 78,,G21001 / 풍남동,미방문,
무주반디농자재,전북특별자치도 무주군,농자재점,,전북특별자치도 무주군 무주읍 적천로 269-1,,G21001 / 무주읍,미방문,
중앙농약농자재센터,전북특별자치도 군산시,농자재점,,전북특별자치도 군산시 대야면 대야관통로 86,,G22199 / 대야면,미방문,
삼성철물공업사,전북특별자치도 김제시,철물점,,전북특별자치도 김제시 금산면 원평로 136,,G21001 / 금산면,미방문,
동부철물점,전북특별자치도 전주시 완산구,철물점,,전북특별자치도 전주시 완산구 충경로 118,,G21001 / 풍남동,미방문,
오성안전건재,전북특별자치도 익산시,건자재점,,전북특별자치도 익산시 오산면 오산로 147-1,,G22199 / 오산면,미방문,
나라철물.건재,전북특별자치도 전주시 완산구,건자재점,,전북특별자치도 전주시 완산구 반태산1길 48,,G21001 / 노송동,미방문,
영진철물공구,전북특별자치도 완주군,철물점,,전북특별자치도 완주군 봉동읍 완주산단9로 59,,G21001 / 봉동읍,미방문,
동서열쇠전기철물설비,전북특별자치도 전주시 덕진구,철물점,,전북특별자치도 전주시 덕진구 호성1길 8-8,,G21001 / 우아1동,미방문,
제일농기계철물공구,전북특별자치도 완주군,농자재점,,전북특별자치도 완주군 봉동읍 봉동동서로 39-1,,G21001 / 봉동읍,미방문,
한양전기철물,전북특별자치도 익산시,철물점,,전북특별자치도 익산시 익산대로4길 31,,G21001 / 인화동,미방문,
종합철물,전북특별자치도 군산시,철물점,,전북특별자치도 군산시 옥서면 옥구저수지로 244,,G21001 / 옥서면,미방문,
동양건재종합상사,전북특별자치도 김제시,건자재점,,전북특별자치도 김제시 금산면 원평로 65,,G21001 / 금산면,미방문,
남원철물설비사,전북특별자치도 남원시,철물점,,전북특별자치도 남원시 동문로 39,,G21001 / 죽항동,미방문,
동진철물종합상사,전북특별자치도 군산시,철물점,,전북특별자치도 군산시 해망로 135,,G21001 / 중앙동,미방문,
엘지안전장식철물,전북특별자치도 익산시,철물점,,전북특별자치도 익산시 무왕로 931,,G21001 / 신동,미방문,
호남공업사출장,전북특별자치도 군산시,공구점,,전북특별자치도 군산시 사전안1길 6,,S20301 / 미성동,미방문,
원당건축자재,전북특별자치도 전주시 완산구,건자재점,,전북특별자치도 전주시 완산구 모악산자락길 270-7,,G21099 / 평화2동,미방문,
태평철물,전북특별자치도 전주시 덕진구,철물점,,전북특별자치도 전주시 덕진구 쪽구름2길 12-1,,G21001 / 여의동,미방문,
신일공업사,전북특별자치도 남원시,공구점,,전북특별자치도 남원시 의총로 35-1,,G21001 / 금동,미방문,
정읍농기구,전북특별자치도 고창군,농자재점,,전북특별자치도 고창군 고창읍 동리로 62-11,,G21001 / 고창읍,미방문,
광음철물,전북특별자치도 고창군,철물점,,전북특별자치도 고창군 무장면 왕제산로 730-1,,G21001 / 무장면,미방문,
대광철물,전북특별자치도 진안군,철물점,,전북특별자치도 진안군 백운면 운원로 3-11,,G21001 / 백운면,미방문,
모악철물,전북특별자치도 완주군,철물점,,전북특별자치도 완주군 구이면 구이로 1592,,G21001 / 구이면,미방문,
학길슈퍼，중앙소방전기철물,전북특별자치도 군산시,철물점,,전북특별자치도 군산시 축동안길 61,,G22199 / 수송동,미방문,
아인철물건재,전북특별자치도 군산시,건자재점,,전북특별자치도 군산시 임사안3길 46,,G21001 / 미성동,미방문,
대성조경철물,전북특별자치도 전주시 완산구,철물점,,전북특별자치도 전주시 완산구 공북로 85,,G21001 / 중앙동,미방문,
구이종합건재,전북특별자치도 완주군,건자재점,,전북특별자치도 완주군 구이면 구이로 1362,,G21099 / 구이면,미방문,
전주한강철물,전북특별자치도 전주시 완산구,철물점,,전북특별자치도 전주시 완산구 강변로 120,,G21001 / 효자3동,미방문,
한국공구철물점,전북특별자치도 부안군,철물점,,전북특별자치도 부안군 부안읍 번영로 169,,G21001 / 부안읍,미방문,
선정공업사,전북특별자치도 전주시 덕진구,공구점,,전북특별자치도 전주시 덕진구 신복로 102-34,,S20301 / 팔복동,미방문,
신화종합철물,전북특별자치도 익산시,철물점,,전북특별자치도 익산시 동서로51길 23,,G21001 / 영등1동,미방문,
진호카농기구수리센타,전북특별자치도 익산시,농자재점,,전북특별자치도 익산시 용안면 현내1로 41,,S20301 / 용안면,미방문,
철물상회,전북특별자치도 김제시,철물점,,전북특별자치도 김제시 광활면 광활로 462,,G21001 / 광활면,미방문,
에코앵글철물,전북특별자치도 전주시 덕진구,철물점,,전북특별자치도 전주시 덕진구 과학로 33,,G21001 / 송천2동,미방문,
동양철물설비,전북특별자치도 전주시 덕진구,철물점,,전북특별자치도 전주시 덕진구 매봉로 24-1,,G21001 / 금암동,미방문,
금강철물.공구,전북특별자치도 군산시,철물점,,전북특별자치도 군산시 팔마로 97,,G21001 / 흥남동,미방문,
동보공업사,전북특별자치도 전주시 덕진구,공구점,,전북특별자치도 전주시 덕진구 덕촌길 72,,S20301 / 팔복동,미방문,
대흥당건재한약방,전북특별자치도 전주시 덕진구,건자재점,,전북특별자치도 전주시 덕진구 권삼득로 127,,G22199 / 진북동,미방문,
대성건재,전북특별자치도 전주시 완산구,건자재점,,전북특별자치도 전주시 완산구 쑥고개로 376,,G21099 / 효자4동,미방문,
아름철물창호,전북특별자치도 군산시,건자재점,,전북특별자치도 군산시 성산면 동군산로 29,,G21001 / 성산면,미방문,
비치전기철물,전북특별자치도 익산시,철물점,,전북특별자치도 익산시 고봉로18길 61,,G21001 / 영등1동,미방문,
유성철물,전북특별자치도 익산시,철물점,,전북특별자치도 익산시 서동로26길 9,,G21001 / 동산동,미방문,
금호공업사,전북특별자치도 순창군,공구점,,전북특별자치도 순창군 순창읍 장류로 245,,S20302 / 순창읍,미방문,
우성철물설비,전북특별자치도 고창군,철물점,,전북특별자치도 고창군 대산면 대산시장길 25-1,,G21001 / 대산면,미방문,
태성철물,전북특별자치도 임실군,철물점,,전북특별자치도 임실군 청웅면 청웅로 175,,G21001 / 청웅면,미방문,
미래철물공구,전북특별자치도 군산시,철물점,,전북특별자치도 군산시 상지곡3길 53,,G21001 / 수송동,미방문,
남신철물,전북특별자치도 남원시,철물점,,전북특별자치도 남원시 충정로 34,,G21001 / 동충동,미방문,
신진공업사,전북특별자치도 군산시,공구점,,전북특별자치도 군산시 옥녀로 42,,S20301 / 미성동,미방문,
명성공업사,전북특별자치도 김제시,공구점,,전북특별자치도 김제시 향교길 9,,S20301 / 교월동,미방문,
명성공업사,전북특별자치도 군산시,공구점,,전북특별자치도 군산시 외항로 309,,S20301 / 미성동,미방문,
진흥철물공구,전북특별자치도 완주군,철물점,,전북특별자치도 완주군 삼례읍 삼례로 377,,G21001 / 삼례읍,미방문,
광활철물점설비,전북특별자치도 김제시,철물점,,전북특별자치도 김제시 광활면 광활로 472-69,,G21001 / 광활면,미방문,
광진철물,전북특별자치도 순창군,철물점,,전북특별자치도 순창군 구림면 구림로 479-1,,G21001 / 구림면,미방문,
덕원철물,전북특별자치도 전주시 완산구,철물점,,전북특별자치도 전주시 완산구 중화산로 48,,G21001 / 중화산2동,미방문,
바보철물점,전북특별자치도 임실군,철물점,,전북특별자치도 임실군 관촌면 사선로 50,,G21001 / 관촌면,미방문,
대성안전건재,전북특별자치도 무주군,건자재점,,전북특별자치도 무주군 무주읍 단천로 184,,G22199 / 무주읍,미방문,
대성철물안전,전북특별자치도 전주시 덕진구,철물점,,전북특별자치도 전주시 덕진구 석소5길 47,,G22199 / 우아2동,미방문,
신우공업사,전북특별자치도 군산시,공구점,,전북특별자치도 군산시 외항로 367,,S20301 / 미성동,미방문,
그린농약농자재,전북특별자치도 완주군,농자재점,,전북특별자치도 완주군 용진읍 구억명덕로 166,,G22199 / 용진읍,미방문,
형산종합건재,전북특별자치도 무주군,건자재점,,전북특별자치도 무주군 무주읍 한풍루로 298-6,,G21099 / 무주읍,미방문,
대흥철물점,전북특별자치도 남원시,철물점,,전북특별자치도 남원시 금지면 요천로 538,,G21001 / 금지면,미방문,
강쌤철물점,전북특별자치도 김제시,철물점,,전북특별자치도 김제시 화동길 24,,G21001 / 요촌동,미방문,
공음철물농자재,전북특별자치도 고창군,농자재점,,전북특별자치도 고창군 공음면 공음길 41,,G21001 / 공음면,미방문,
대일철물,전북특별자치도 익산시,철물점,,전북특별자치도 익산시 왕궁면 왕궁로 521,,G21001 / 왕궁면,미방문,
서봉철물,전북특별자치도 순창군,철물점,,전북특별자치도 순창군 순창읍 남계로 52,,G21202 / 순창읍,미방문,
예감인테리어장식철물,전북특별자치도 전주시 완산구,건자재점,,전북특별자치도 전주시 완산구 태평1길 28,,G21099 / 중앙동,미방문,
해달철물&별별집수리,전북특별자치도 전주시 덕진구,철물점,,전북특별자치도 전주시 덕진구 기지로 77,,G21001 / 혁신동,미방문,
농장농기구수리쎈타,전북특별자치도 김제시,농자재점,,전북특별자치도 김제시 진봉면 남고7길 9,,S20699 / 진봉면,미방문,
대한공업사,전북특별자치도 군산시,공구점,,전북특별자치도 군산시 번영로 243,,S20301 / 개정동,미방문,
종합기계공구,전북특별자치도 남원시,공구점,,전북특별자치도 남원시 쑥고개로 41,,G20803 / 노암동,미방문,
부농농자재유통부안얀마농기계，부농농자재,전북특별자치도 부안군,농자재점,,전북특별자치도 부안군 행안면 번영로 11-4,,G22199 / 행안면,미방문,
대신건재,전북특별자치도 고창군,건자재점,,전북특별자치도 고창군 고창읍 보릿골로 57-7,,G21001 / 고창읍,미방문,
센스카공업사,전북특별자치도 군산시,공구점,,전북특별자치도 군산시 미장서로 98,,S20301 / 수송동,미방문,
마보철물점,전북특별자치도 임실군,철물점,,전북특별자치도 임실군 관촌면 사선로 50,,S20699 / 관촌면,미방문,
건진종합철물,전북특별자치도 군산시,철물점,,전북특별자치도 군산시 황룡안길 41,,G21001 / 나운3동,미방문,
태양당한약건재도매,전북특별자치도 정읍시,건자재점,,전북특별자치도 정읍시 중앙로 48-1,,G22199 / 연지동,미방문,
해달카공업사,전북특별자치도 전주시 완산구,공구점,,전북특별자치도 전주시 완산구 권삼득로 40-1,,S20301 / 노송동,미방문,
낭산철물,전북특별자치도 익산시,철물점,,전북특별자치도 익산시 낭산면 진북로 832,,G21001 / 낭산면,미방문,
복흥건재,전북특별자치도 순창군,건자재점,,전북특별자치도 순창군 복흥면 정동길 32-2,,G21001 / 복흥면,미방문,
대성종합건재,전북특별자치도 진안군,건자재점,,전북특별자치도 진안군 진안읍 진무로 833-9,,G21001 / 진안읍,미방문,
현대철물,전북특별자치도 순창군,철물점,,전북특별자치도 순창군 순창읍 순창7길 19,,G21001 / 순창읍,미방문,
진성건축자재,전북특별자치도 전주시 완산구,건자재점,,전북특별자치도 전주시 완산구 봉곡로 41-1,,G21003 / 효자4동,미방문,
종합철물,전북특별자치도 전주시 완산구,철물점,,전북특별자치도 전주시 완산구 팔달로 39,,G21001 / 서서학동,미방문,
삼호공업사,전북특별자치도 남원시,공구점,,전북특별자치도 남원시 춘향로 74-26,,S20301 / 도통동,미방문,
우리철물,전북특별자치도 정읍시,철물점,,전북특별자치도 정읍시 칠보면 칠보신흥길 7,,G21001 / 칠보면,미방문,
동계철물,전북특별자치도 순창군,철물점,,전북특별자치도 순창군 동계면 동계로 14,,G21001 / 동계면,미방문,
하가종합철물,전북특별자치도 전주시 덕진구,철물점,,전북특별자치도 전주시 덕진구 하가로 27,,G21001 / 덕진동,미방문,
임실중앙철물,전북특별자치도 임실군,철물점,,전북특별자치도 임실군 임실읍 호국로 1766,,G21001 / 임실읍,미방문,
희망안전철물공구,전북특별자치도 전주시 완산구,철물점,,전북특별자치도 전주시 완산구 맏내2길 8,,G21001 / 평화2동,미방문,
키움농자재,전북특별자치도 전주시 덕진구,농자재점,,전북특별자치도 전주시 덕진구 반월로 22,,G21001 / 조촌동,미방문,
상동철물설비,전북특별자치도 정읍시,철물점,,전북특별자치도 정읍시 충정로 116-1,,G21001 / 내장상동,미방문,
합동기계공구,전북특별자치도 김제시,공구점,,전북특별자치도 김제시 향교길 206,,G21001 / 요촌동,미방문,
인경철물,전북특별자치도 김제시,철물점,,전북특별자치도 김제시 용지면 용지로 439,,G21001 / 용지면,미방문,
신일철물기계설비,전북특별자치도 익산시,철물점,,전북특별자치도 익산시 배산로 193-16,,G21001 / 모현동,미방문,
고산농협영농자재센터,전북특별자치도 완주군,농자재점,,전북특별자치도 완주군 고산면 고산천로 578,,G22199 / 고산면,미방문,
대한철물마트,전북특별자치도 부안군,철물점,,전북특별자치도 부안군 변산면 격포로 227,,G21001 / 변산면,미방문,
안전공업사,전북특별자치도 전주시 덕진구,공구점,,전북특별자치도 전주시 덕진구 신행로 57,,S20301 / 팔복동,미방문,
동서공업사,전북특별자치도 군산시,공구점,,전북특별자치도 군산시 번영로 110,,S20301 / 조촌동,미방문,
광일철물,전북특별자치도 부안군,철물점,,전북특별자치도 부안군 부안읍 문정로 1,,G21001 / 부안읍,미방문,
대신건재,전북특별자치도 익산시,건자재점,,전북특별자치도 익산시 평동로 886,,G21002 / 동산동,미방문,
대영철물점,전북특별자치도 고창군,철물점,,전북특별자치도 고창군 대산면 공음대산로 920,,G21001 / 대산면,미방문,
모래내철물,전북특별자치도 전주시 덕진구,철물점,,전북특별자치도 전주시 덕진구 건산로 36,,G21001 / 진북동,미방문,
대흥공업사,전북특별자치도 군산시,공구점,,전북특별자치도 군산시 대야면 만경로 1929-16,,G21001 / 대야면,미방문,
광명철물,전북특별자치도 전주시 덕진구,철물점,,전북특별자치도 전주시 덕진구 안덕원로 129,,G21001 / 진북동,미방문,
현대철재건재,전북특별자치도 장수군,건자재점,,전북특별자치도 장수군 장수읍 장천로 259,,G21099 / 장수읍,미방문,
터미널철물공구,전북특별자치도 김제시,철물점,,전북특별자치도 김제시 만경읍 만경로 812,,G21001 / 만경읍,미방문,
동산철물점,전북특별자치도 전주시 덕진구,철물점,,전북특별자치도 전주시 덕진구 쪽구름로 71,,G21001 / 조촌동,미방문,
세이브안전철물,전북특별자치도 전주시 덕진구,철물점,,전북특별자치도 전주시 덕진구 모래내1길 6,,G22199 / 금암동,미방문,
한국철물건재,전북특별자치도 익산시,건자재점,,전북특별자치도 익산시 약촌로 68,,G21001 / 팔봉동,미방문,
명장카공업사,전북특별자치도 정읍시,공구점,,전북특별자치도 정읍시 충정로 132,,S20301 / 장명동,미방문,
럭키종합건재,전북특별자치도 장수군,건자재점,,전북특별자치도 장수군 장수읍 장천로 254-3,,G21001 / 장수읍,미방문,
봉동철물종합,전북특별자치도 완주군,철물점,,전북특별자치도 완주군 봉동읍 봉동로 171,,G21001 / 봉동읍,미방문,
재철물점,전북특별자치도 무주군,철물점,,전북특별자치도 무주군 안성면 안성로 249,,G21001 / 안성면,미방문,
현대철물,전북특별자치도 고창군,철물점,,전북특별자치도 고창군 고창읍 보릿골로 95,,G21001 / 고창읍,미방문,
명진철물,전북특별자치도 전주시 덕진구,철물점,,전북특별자치도 전주시 덕진구 견훤왕궁로 268,,G21001 / 인후2동,미방문,
봉개대기철물,제주특별자치도 제주시,철물점,,제주특별자치도 제주시 번영로 514,,G21001 / 봉개동,미방문,
외도종합철물,제주특별자치도 제주시,철물점,,제주특별자치도 제주시 일주서로 7344,,G21001 / 외도동,미방문,
미광철물,제주특별자치도 서귀포시,철물점,,제주특별자치도 서귀포시 하신상로 2,,G21001 / 효돈동,미방문,
천보철물,제주특별자치도 제주시,철물점,,제주특별자치도 제주시 한림읍 한림로 633,,G21001 / 한림읍,미방문,
미래건재철물상사,제주특별자치도 제주시,건자재점,,제주특별자치도 제주시 일주서로 7844,,G21001 / 연동,미방문,
서광건재철물공구,제주특별자치도 서귀포시,건자재점,,제주특별자치도 서귀포시 안덕면 화순로 132,,G21001 / 안덕면,미방문,
대상열쇠철물종합수리,제주특별자치도 제주시,철물점,,제주특별자치도 제주시 천수로 16-1,,S20699 / 이도2동,미방문,
카공업사,제주특별자치도 서귀포시,공구점,,제주특별자치도 서귀포시 표선면 하천로99번길 35,,S20301 / 표선면,미방문,
광진철물,제주특별자치도 제주시,철물점,,제주특별자치도 제주시 중앙로 443,,G21001 / 아라동,미방문,
구남카공업사,제주특별자치도 제주시,공구점,,제주특별자치도 제주시 중앙로 399,,S20301 / 아라동,미방문,
신성농자재,제주특별자치도 제주시,농자재점,,제주특별자치도 제주시 한경면 신정로 616,,G21001 / 한경면,미방문,
한국철물건재,제주특별자치도 제주시,건자재점,,제주특별자치도 제주시 우정로8길 34,,G21001 / 외도동,미방문,
공항철물설비상사,제주특별자치도 제주시,철물점,,제주특별자치도 제주시 용문로 149,,G21001 / 용담2동,미방문,
일구종합철물,제주특별자치도 제주시,철물점,,제주특별자치도 제주시 진군2길 1,,G21001 / 노형동,미방문,
대영볼트공구상사,제주특별자치도 제주시,공구점,,제주특별자치도 제주시 노형로 357,,G21001 / 노형동,미방문,
대학동설비철물,제주특별자치도 제주시,철물점,,제주특별자치도 제주시 용담로 35,,G21001 / 용담2동,미방문,
수산건재,제주특별자치도 서귀포시,건자재점,,제주특별자치도 서귀포시 성산읍 고성오조로 56-1,,G21099 / 성산읍,미방문,
동부철물,제주특별자치도 제주시,철물점,,제주특별자치도 제주시 구좌읍 구좌로 55,,G21001 / 구좌읍,미방문,
３급종달카공업사,제주특별자치도 제주시,공구점,,제주특별자치도 제주시 구좌읍 종달로 60-6,,S20301 / 구좌읍,미방문,
공항철물상사,제주특별자치도 제주시,철물점,,제주특별자치도 제주시 용문로 149,,G21001 / 용담2동,미방문,
남양철물,제주특별자치도 서귀포시,철물점,,제주특별자치도 서귀포시 표선면 표선동서로 208,,G21001 / 표선면,미방문,
한림철물종합건재,제주특별자치도 제주시,건자재점,,제주특별자치도 제주시 한림읍 드르밧길 1,,G21001 / 한림읍,미방문,
납읍대성카공업사,제주특별자치도 제주시,공구점,,제주특별자치도 제주시 애월읍 중산간서로 5432,,S20301 / 애월읍,미방문,
우림카공업사,제주특별자치도 제주시,공구점,,제주특별자치도 제주시 오광로 135,,S20301 / 노형동,미방문,
대광철물,제주특별자치도 제주시,철물점,,제주특별자치도 제주시 중앙로 122,,G21001 / 삼도2동,미방문,
천일종합카공업사,제주특별자치도 제주시,공구점,,제주특별자치도 제주시 오광로 5,,S20301 / 이호동,미방문,
시장종합철물,제주특별자치도 제주시,철물점,,제주특별자치도 제주시 연동9길 29,,G21001 / 연동,미방문,
오일공업사,제주특별자치도 서귀포시,공구점,,제주특별자치도 서귀포시 중산간동로7894번길 18-5,,G21001 / 동홍동,미방문,
한라농자재,제주특별자치도 제주시,농자재점,,제주특별자치도 제주시 조천읍 남조로 3080,,G21001 / 조천읍,미방문,
신영보일러설비，전기，철물，경동보일러,제주특별자치도 제주시,철물점,,제주특별자치도 제주시 서문로6길 9,,G21001 / 용담1동,미방문,
삼미철강농자재,제주특별자치도 제주시,농자재점,,제주특별자치도 제주시 서사로 126,,G21001 / 삼도1동,미방문,
성준공업사,제주특별자치도 서귀포시,공구점,,제주특별자치도 서귀포시 성산읍 일주동로 5067,,S20699 / 성산읍,미방문,
중앙철물설비,제주특별자치도 서귀포시,철물점,,제주특별자치도 서귀포시 남원읍 위미대원하로 30,,G21001 / 남원읍,미방문,
동암공업사,제주특별자치도 제주시,공구점,,제주특별자치도 제주시 조천읍 신촌2길 2,,S20301 / 조천읍,미방문,
남원철물,제주특별자치도 서귀포시,철물점,,제주특별자치도 서귀포시 남원읍 남원회관로 75,,G21001 / 남원읍,미방문,
서문철물,제주특별자치도 제주시,철물점,,제주특별자치도 제주시 서문로 63,,G21001 / 용담1동,미방문,
해동공업사,제주특별자치도 제주시,공구점,,제주특별자치도 제주시 우도면 우도비양길 15-56,,S20401 / 우도면,미방문,
토탈철물건재,제주특별자치도 서귀포시,건자재점,,제주특별자치도 서귀포시 안덕면 신화역사로 372-16,,G21001 / 안덕면,미방문,
신흥철물,제주특별자치도 제주시,철물점,,제주특별자치도 제주시 한림읍 한림중앙로 81,,G21001 / 한림읍,미방문,
광양건재상사,제주특별자치도 제주시,건자재점,,제주특별자치도 제주시 중앙로 186,,G21001 / 이도1동,미방문,
조광철물페인트,제주특별자치도 제주시,건자재점,,제주특별자치도 제주시 구좌읍 김녕로 90,,G21001 / 구좌읍,미방문,
제일카공업사,제주특별자치도 제주시,공구점,,제주특별자치도 제주시 동문로10길 10,,S20301 / 일도1동,미방문,
서부종합철물,제주특별자치도 제주시,철물점,,제주특별자치도 제주시 용두암길 64,,G21001 / 용담2동,미방문,
남성철물,제주특별자치도 제주시,철물점,,제주특별자치도 제주시 남성로 42-1,,G21001 / 용담1동,미방문,
국진철물,제주특별자치도 제주시,철물점,,제주특별자치도 제주시 애월읍 애월로 115,,G21001 / 애월읍,미방문,
공항철물누수설비상사,제주특별자치도 제주시,철물점,,제주특별자치도 제주시 용문로 149,,G21001 / 용담2동,미방문,
한성철물전기,제주특별자치도 제주시,철물점,,제주특별자치도 제주시 오현길 41,,G21201 / 이도1동,미방문,
성심카공업사,제주특별자치도 제주시,공구점,,제주특별자치도 제주시 거로남2길 8,,S20301 / 화북동,미방문,
영창공업사,제주특별자치도 제주시,공구점,,제주특별자치도 제주시 조천읍 일주동로 906,,S20301 / 조천읍,미방문,
대영철물,제주특별자치도 제주시,철물점,,제주특별자치도 제주시 조천읍 신북로 570,,G21001 / 조천읍,미방문,
부흥공업사,제주특별자치도 서귀포시,공구점,,제주특별자치도 서귀포시 남원읍 중산간동로 6726,,S20699 / 남원읍,미방문,
동흥카공업사,제주특별자치도 서귀포시,공구점,,제주특별자치도 서귀포시 중산간동로 7891-1,,S20301 / 동홍동,미방문,
현민농자재,제주특별자치도 서귀포시,농자재점,,제주특별자치도 서귀포시 표선면 중산간동로 5527,,G21001 / 표선면,미방문,
현대철물,제주특별자치도 서귀포시,철물점,,제주특별자치도 서귀포시 일주동로 8519,,G21001 / 영천동,미방문,
산지공업사,제주특별자치도 제주시,공구점,,제주특별자치도 제주시 선반로 62,,S20301 / 화북동,미방문,
대동철물,제주특별자치도 서귀포시,철물점,,제주특별자치도 서귀포시 일주서로 320,,G21001 / 대천동,미방문,
디엠카공업사,제주특별자치도 제주시,공구점,,제주특별자치도 제주시 애월읍 애조로 458,,S20301 / 애월읍,미방문,
삼우종합철물,제주특별자치도 서귀포시,철물점,,제주특별자치도 서귀포시 대정읍 동일하모로 158-3,,G21001 / 대정읍,미방문,
중문철물건재,제주특별자치도 서귀포시,건자재점,,제주특별자치도 서귀포시 천제연로232번길 9,,G21001 / 중문동,미방문,
신흥철물,제주특별자치도 서귀포시,철물점,,제주특별자치도 서귀포시 대정읍 신영로 124,,G21001 / 대정읍,미방문,
삼거리동양철물상사,제주특별자치도 제주시,철물점,,제주특별자치도 제주시 애월읍 하귀로 78,,G21001 / 애월읍,미방문,
태양철물상사,제주특별자치도 제주시,철물점,,제주특별자치도 제주시 애월읍 일주서로 6773,,G21001 / 애월읍,미방문,
유성철물,제주특별자치도 제주시,철물점,,제주특별자치도 제주시 연삼로 538,,G21001 / 일도2동,미방문,
훈일경정비공업사,제주특별자치도 제주시,공구점,,제주특별자치도 제주시 구좌읍 세화7길 11,,S20301 / 구좌읍,미방문,
주창철물,제주특별자치도 제주시,철물점,,제주특별자치도 제주시 중앙로 110,,G21001 / 삼도2동,미방문,
동아공업사,제주특별자치도 제주시,공구점,,제주특별자치도 제주시 청풍남8길 34,,S20301 / 화북동,미방문,
스마일공업사,제주특별자치도 제주시,공구점,,제주특별자치도 제주시 애월읍 고내로 77,,S20301 / 애월읍,미방문,
평화로공업사,제주특별자치도 제주시,공구점,,제주특별자치도 제주시 애월읍 평화로 2551-3,,S20301 / 애월읍,미방문,
호남종합건재,제주특별자치도 제주시,건자재점,,제주특별자치도 제주시 삼성로 123,,G21001 / 일도2동,미방문,
고성공업사,제주특별자치도 제주시,공구점,,제주특별자치도 제주시 애월읍 광성로 86-1,,S20301 / 애월읍,미방문,
대광철물상사,제주특별자치도 서귀포시,철물점,,제주특별자치도 서귀포시 성산읍 일출로 32-2,,G21001 / 성산읍,미방문,
우도공업사,제주특별자치도 제주시,공구점,,제주특별자치도 제주시 우도면 우도로 89,,S20301 / 우도면,미방문,
창신철물,제주특별자치도 서귀포시,철물점,,제주특별자치도 서귀포시 대정읍 상모로 318,,G21001 / 대정읍,미방문,
우경Diesel공업사,제주특별자치도 제주시,공구점,,제주특별자치도 제주시 선반로4길 5-3,,S20301 / 화북동,미방문,
２３시３급공업사,제주특별자치도 제주시,공구점,,제주특별자치도 제주시 거로남8길 12-7,,S20301 / 화북동,미방문,
바오철물상사,제주특별자치도 제주시,철물점,,제주특별자치도 제주시 연북로 630,,G21001 / 아라동,미방문,
삼보철물,제주특별자치도 서귀포시,철물점,,제주특별자치도 서귀포시 동문로 35,,G21001 / 중앙동,미방문,
카N카공업사,제주특별자치도 제주시,공구점,,제주특별자치도 제주시 오라로 51,,S20301 / 오라동,미방문,
만능철물,제주특별자치도 제주시,철물점,,제주특별자치도 제주시 월랑로10길 41,,G21001 / 노형동,미방문,
세일건재,제주특별자치도 제주시,건자재점,,제주특별자치도 제주시 도남로 13-7,,G21001 / 이도2동,미방문,
용신공구마트,제주특별자치도 서귀포시,공구점,,제주특별자치도 서귀포시 일주동로 8592,,G21001 / 동홍동,미방문,
남구철물건재,제주특별자치도 서귀포시,건자재점,,제주특별자치도 서귀포시 중앙로150번길 1,,G21001 / 동홍동,미방문,
청수카공업사,제주특별자치도 제주시,공구점,,제주특별자치도 제주시 한경면 대한로 1033,,S20301 / 한경면,미방문,
제일종합철물,제주특별자치도 서귀포시,철물점,,제주특별자치도 서귀포시 동홍로 127,,G21001 / 동홍동,미방문,
세광농자재,제주특별자치도 제주시,농자재점,,제주특별자치도 제주시 조천읍 함대로 121,,G21001 / 조천읍,미방문,
조은타이어마트카공업사,제주특별자치도 제주시,공구점,,제주특별자치도 제주시 연삼로 458-1,,G20201 / 이도2동,미방문,
세영종합기계공구,제주특별자치도 제주시,공구점,,제주특별자치도 제주시 연삼로 451,,N11101 / 이도2동,미방문,
신태광3급공업사,제주특별자치도 제주시,공구점,,제주특별자치도 제주시 정존15길 35,,S20301 / 노형동,미방문,
번영철물공구,제주특별자치도 제주시,철물점,,제주특별자치도 제주시 번영로 534,,G21001 / 봉개동,미방문,
삼화종합철물,제주특별자치도 제주시,철물점,,제주특별자치도 제주시 관덕로 6,,G21001 / 삼도2동,미방문,
제주철물아울렛,제주특별자치도 제주시,철물점,,제주특별자치도 제주시 동문로 134,,G21001 / 일도2동,미방문,
태영철물,제주특별자치도 제주시,철물점,,제주특별자치도 제주시 노형로 365,,G21001 / 노형동,미방문,
오공구철물전기인테리어,제주특별자치도 서귀포시,건자재점,,제주특별자치도 서귀포시 표선면 표선관정로104번길 8-1,,M11201 / 표선면,미방문,
대광철물보일러,제주특별자치도 서귀포시,철물점,,제주특별자치도 서귀포시 성산읍 일출로 32-2,,G21001 / 성산읍,미방문,
생활철물공구낚시,제주특별자치도 서귀포시,철물점,,제주특별자치도 서귀포시 효돈로 148,,G21001 / 효돈동,미방문,
산남３급카공업사,제주특별자치도 서귀포시,공구점,,제주특별자치도 서귀포시 동홍동로 37,,S20301 / 동홍동,미방문,
고구려철물상사,제주특별자치도 제주시,철물점,,제주특별자치도 제주시 원노형로 9,,G21001 / 노형동,미방문,
제일철물,제주특별자치도 제주시,철물점,,제주특별자치도 제주시 한림읍 한림상로 144,,G21001 / 한림읍,미방문,
홍가네튼튼철물,제주특별자치도 제주시,철물점,,제주특별자치도 제주시 아봉로 354,,G21001 / 아라동,미방문,
한경종합철물,제주특별자치도 제주시,철물점,,제주특별자치도 제주시 한경면 두신로 96,,G21001 / 한경면,미방문,
백록건재,제주특별자치도 제주시,건자재점,,제주특별자치도 제주시 애월읍 제시리길 118,,G21099 / 애월읍,미방문,
하림건재마트,제주특별자치도 제주시,건자재점,,제주특별자치도 제주시 한림읍 한림중앙로 88,,G21001 / 한림읍,미방문,
신흥건재,제주특별자치도 서귀포시,건자재점,,제주특별자치도 서귀포시 천제연로 162-1,,G21001 / 중문동,미방문,
제일종합건재,제주특별자치도 제주시,건자재점,,제주특별자치도 제주시 노형로 341,,G21001 / 노형동,미방문,
승인카공업사,제주특별자치도 제주시,공구점,,제주특별자치도 제주시 원당로3길 11-3,,S20301 / 삼양동,미방문,
대성철물,제주특별자치도 서귀포시,철물점,,제주특별자치도 서귀포시 대정읍 동일하모로 213,,G21001 / 대정읍,미방문,
대성철물전기상사,제주특별자치도 제주시,철물점,,제주특별자치도 제주시 한림읍 한림중앙로 6,,G21201 / 한림읍,미방문,
뉴그린카공업사,제주특별자치도 제주시,공구점,,제주특별자치도 제주시 우평로 45-1,,S20301 / 외도동,미방문,
365종합건재철물,제주특별자치도 제주시,건자재점,,제주특별자치도 제주시 일주동로 281,,G21001 / 화북동,미방문,
정도공업사,제주특별자치도 제주시,공구점,,제주특별자치도 제주시 동광로9길 1,,S20301 / 이도1동,미방문,
지성농자재·농기계,제주특별자치도 서귀포시,농자재점,,제주특별자치도 서귀포시 염돈로 9,,G21001 / 대천동,미방문,
한라건재한약품,제주특별자치도 제주시,건자재점,,제주특별자치도 제주시 조천읍 신촌남8길 269,,Q10211 / 조천읍,미방문,
금호공업사,제주특별자치도 제주시,공구점,,제주특별자치도 제주시 애월읍 항몽로 505,,S20301 / 애월읍,미방문,
현민농자재,제주특별자치도 서귀포시,농자재점,,제주특별자치도 서귀포시 남원읍 태수로358번길 7-8,,G21001 / 남원읍,미방문,
종합철물수리,제주특별자치도 제주시,철물점,,제주특별자치도 제주시 신성로4길 27,,S20699 / 이도2동,미방문,
동부건재,제주특별자치도 제주시,건자재점,,제주특별자치도 제주시 번영로 5,,G21001 / 화북동,미방문,
금악건재철물,제주특별자치도 제주시,건자재점,,제주특별자치도 제주시 한림읍 중산간서로 4286,,G21001 / 한림읍,미방문,
한성철물,제주특별자치도 서귀포시,철물점,,제주특별자치도 서귀포시 대정읍 상모로 306,,G21001 / 대정읍,미방문,
레인보우공업사,제주특별자치도 제주시,공구점,,제주특별자치도 제주시 연삼로 145,,G20202 / 오라동,미방문,
육공업사,제주특별자치도 제주시,공구점,,제주특별자치도 제주시 고마로 46,,I20107 / 일도2동,미방문,
신성철물건재,제주특별자치도 서귀포시,건자재점,,제주특별자치도 서귀포시 천제연로 187,,G21001 / 중문동,미방문,
현대농자재,제주특별자치도 제주시,농자재점,,제주특별자치도 제주시 한림읍 명월성로 394,,G21001 / 한림읍,미방문,
신광철물,제주특별자치도 서귀포시,철물점,,제주특별자치도 서귀포시 대정읍 하모중앙로 76,,G21001 / 대정읍,미방문,
장원철물점,제주특별자치도 제주시,철물점,,제주특별자치도 제주시 한림읍 한림북동길 7,,G21001 / 한림읍,미방문,
철물점,제주특별자치도 제주시,철물점,,제주특별자치도 제주시 동문로 36,,G21001 / 일도1동,미방문,
우도철물,제주특별자치도 제주시,철물점,,제주특별자치도 제주시 우도면 우도로 192,,G21001 / 우도면,미방문,
삼이철물,제주특별자치도 제주시,철물점,,제주특별자치도 제주시 일주동로 364,,G21001 / 삼양동,미방문,
영택철물,제주특별자치도 제주시,철물점,,제주특별자치도 제주시 용화로 29,,G21001 / 용담2동,미방문,
스마트공업사,제주특별자치도 제주시,공구점,,제주특별자치도 제주시 제성1길 55,,S20301 / 도두동,미방문,
킴스건재,제주특별자치도 제주시,건자재점,,제주특별자치도 제주시 연신로 81-3,,G21099 / 이도2동,미방문,
강성건재사,제주특별자치도 제주시,건자재점,,제주특별자치도 제주시 애월읍 일주서로 6827,,G21003 / 애월읍,미방문,
광장철물안전마트,제주특별자치도 서귀포시,철물점,,제주특별자치도 서귀포시 표선면 일주동로 6186,,G21001 / 표선면,미방문,
시온철물，유리,제주특별자치도 서귀포시,건자재점,,제주특별자치도 서귀포시 법환로 28,,G21001 / 대륜동,미방문,
동양철물,제주특별자치도 서귀포시,철물점,,제주특별자치도 서귀포시 표선면 표선동서로 241-2,,G21001 / 표선면,미방문,
철물세상,제주특별자치도 제주시,철물점,,제주특별자치도 제주시 애월읍 하귀10길 2,,G21001 / 애월읍,미방문,
해태철물,제주특별자치도 제주시,철물점,,제주특별자치도 제주시 구좌읍 구좌로 72,,G21001 / 구좌읍,미방문,
태양철물건재,충청남도 천안시 동남구,건자재점,,충청남도 천안시 동남구 천안천변길 195-49,,G21001 / 신방동,미방문,
한일기계공구,충청남도 아산시,공구점,,충청남도 아산시 음봉면 산동로 30,,G21001 / 음봉면,미방문,
서논산공업사,충청남도 논산시,공구점,,충청남도 논산시 광석면 논산평야로 940,,S20301 / 광석면,미방문,
조광철물건재,충청남도 천안시 동남구,건자재점,,충청남도 천안시 동남구 병천면 아우내순대길 32,,G21001 / 병천면,미방문,
신일건재,충청남도 서산시,건자재점,,충청남도 서산시 소탐6길 57,,G21002 / 수석동,미방문,
내포사랑철물,충청남도 홍성군,철물점,,충청남도 홍성군 홍북읍 홍북로 463,,G21001 / 홍북읍,미방문,
신광철물,충청남도 천안시 동남구,철물점,,충청남도 천안시 동남구 풍세면 용무길 20,,G21001 / 풍세면,미방문,
대광공업사,충청남도 논산시,공구점,,충청남도 논산시 중앙로506번길 9,,S20699 / 부창동,미방문,
한국엔진보링공업사,충청남도 서산시,공구점,,충청남도 서산시 소탐1로 16,,S20301 / 수석동,미방문,
상호철물건재,충청남도 천안시 서북구,건자재점,,충청남도 천안시 서북구 성환읍 신방로 510,,G21001 / 성환읍,미방문,
우리종합철물,충청남도 청양군,철물점,,충청남도 청양군 청양읍 칠갑산로2길 9,,G21001 / 청양읍,미방문,
종합철물,충청남도 보령시,철물점,,충청남도 보령시 대천항로 327-1,,G21001 / 대천5동,미방문,
내포건재,충청남도 예산군,건자재점,,충청남도 예산군 덕산면 충의로 10,,G21001 / 덕산면,미방문,
D.C철물,충청남도 서천군,철물점,,충청남도 서천군 장항읍 장항로139번길 6,,G21001 / 장항읍,미방문,
대전건재,충청남도 논산시,건자재점,,충청남도 논산시 연무읍 득안대로 474,,G21001 / 연무읍,미방문,
중앙철물점,충청남도 금산군,철물점,,충청남도 금산군 금산읍 금산로 1409,,G21001 / 금산읍,미방문,
대원철물,충청남도 보령시,철물점,,충청남도 보령시 신설2길 22,,G21001 / 대천3동,미방문,
프로토앤드태양전기철물,충청남도 부여군,철물점,,충청남도 부여군 부여읍 성왕로 140,,G21201 / 부여읍,미방문,
동일공업사,충청남도 천안시 동남구,공구점,,충청남도 천안시 동남구 대흥로 115-9,,G21305 / 중앙동,미방문,
계룡건재,충청남도 공주시,건자재점,,충청남도 공주시 계룡면 영규대사로 491,,G21001 / 계룡면,미방문,
시화보링공업사,충청남도 청양군,공구점,,충청남도 청양군 비봉면 충절로 2146-7,,S20301 / 비봉면,미방문,
대성철물전기,충청남도 천안시 동남구,철물점,,충청남도 천안시 동남구 신부12길 29-2,,G21001 / 신안동,미방문,
금강철물공구,충청남도 부여군,철물점,,충청남도 부여군 부여읍 성왕로 151,,G21001 / 부여읍,미방문,
한일전문정비공업사,충청남도 서천군,공구점,,충청남도 서천군 서천읍 사곡로 111,,S20301 / 서천읍,미방문,
아산건재약업사,충청남도 아산시,건자재점,,충청남도 아산시 시민로393번길 7-1,,G22199 / 온양1동,미방문,
성남전파사철물,충청남도 천안시 동남구,철물점,,충청남도 천안시 동남구 성남면 신사대화로 143,,S20501 / 성남면,미방문,
신성철물점,충청남도 천안시 서북구,철물점,,충청남도 천안시 서북구 미라8길 33,,G21001 / 쌍용1동,미방문,
대양철물,충청남도 서산시,철물점,,충청남도 서산시 장동오남길 26-7,,G21001 / 석남동,미방문,
신성철물,충청남도 논산시,철물점,,충청남도 논산시 연무읍 연무로 175,,G21001 / 연무읍,미방문,
우리집카공업사,충청남도 공주시,공구점,,충청남도 공주시 관골1길 34-15,,S20301 / 신관동,미방문,
미래농자재,충청남도 논산시,농자재점,,충청남도 논산시 은진면 원앙로1348번길 87,,G21001 / 은진면,미방문,
홍심농자재,충청남도 예산군,농자재점,,충청남도 예산군 예산읍 충서로 1256,,G22199 / 예산읍,미방문,
목면농자재,충청남도 청양군,농자재점,,충청남도 청양군 목면 충신문길 60,,G21001 / 목면,미방문,
계룡공업사,충청남도 공주시,공구점,,충청남도 공주시 계룡면 금띠길 14,,S20699 / 계룡면,미방문,
효성카공업사,충청남도 당진시,공구점,,충청남도 당진시 신평면 북부산업로 131,,S20301 / 신평면,미방문,
만물공구，철물,충청남도 태안군,철물점,,충청남도 태안군 태안읍 동백로 213,,G21001 / 태안읍,미방문,
계룡철물,충청남도 공주시,철물점,,충청남도 공주시 금성길 14,,G21001 / 웅진동,미방문,
백강철물,충청남도 부여군,철물점,,충청남도 부여군 부여읍 성왕로 125-1,,G21001 / 부여읍,미방문,
고향철물설비,충청남도 아산시,철물점,,충청남도 아산시 남산로 108,,G21001 / 온양2동,미방문,
동흥공업사,충청남도 아산시,공구점,,충청남도 아산시 선장면 선장로 108-1,,S20699 / 선장면,미방문,
이레농자재,충청남도 당진시,농자재점,,충청남도 당진시 신평면 독암길 111,,G21001 / 신평면,미방문,
도원당건재약업사,충청남도 금산군,건자재점,,충청남도 금산군 금산읍 인삼약초로 45,,G22199 / 금산읍,미방문,
신광철물점,충청남도 보령시,철물점,,충청남도 보령시 대천항로 178,,G21001 / 대천5동,미방문,
명가건재철물,충청남도 천안시 동남구,건자재점,,충청남도 천안시 동남구 다가12길 28,,G21001 / 일봉동,미방문,
금석철물점,충청남도 청양군,철물점,,충청남도 청양군 청양읍 중앙로 106,,G21202 / 청양읍,미방문,
신진1급정비공업사,충청남도 공주시,공구점,,충청남도 공주시 장척로 98-3,,S20301 / 월송동,미방문,
제일건재,충청남도 예산군,건자재점,,충청남도 예산군 대술면 대술로 141,,G21001 / 대술면,미방문,
형제공업사,충청남도 서천군,공구점,,충청남도 서천군 기산면 삼산북길 63,,S20301 / 기산면,미방문,
환도공업사,충청남도 부여군,공구점,,충청남도 부여군 규암면 수북로 28,,S20699 / 규암면,미방문,
문래공업사,충청남도 천안시 동남구,공구점,,충청남도 천안시 동남구 청당산업길 33,,S20301 / 청룡동,미방문,
한양보링공업사,충청남도 예산군,공구점,,충청남도 예산군 예산읍 간양길 42,,S20301 / 예산읍,미방문,
지곡철물,충청남도 서산시,철물점,,충청남도 서산시 시장1로 4-9,,G21001 / 동문2동,미방문,
시민한약건재약업사,충청남도 천안시 동남구,건자재점,,충청남도 천안시 동남구 영성로 30,,G22199 / 중앙동,미방문,
홍성호철물점,충청남도 예산군,철물점,,충청남도 예산군 예산읍 천변로 188,,G21001 / 예산읍,미방문,
진봉건재약업사,충청남도 금산군,건자재점,,충청남도 금산군 금산읍 인삼약초로 22,,G22199 / 금산읍,미방문,
철물25,충청남도 천안시 서북구,철물점,,충청남도 천안시 서북구 양지14길 40-30,,G21001 / 성정1동,미방문,
대성３급부분정비공업사,충청남도 서천군,공구점,,충청남도 서천군 장항읍 신창서로 70,,S20301 / 장항읍,미방문,
천호철물,충청남도 천안시 동남구,철물점,,충청남도 천안시 동남구 쌍용대로 176,,G21001 / 봉명동,미방문,
서전공업사,충청남도 서천군,공구점,,충청남도 서천군 장항읍 장서로 140,,S20301 / 장항읍,미방문,
신용건재약업사,충청남도 금산군,건자재점,,충청남도 금산군 금산읍 인삼약초로 45,,G22199 / 금산읍,미방문,
삼성공업사,충청남도 서산시,공구점,,충청남도 서산시 소탐1로 37,,S20301 / 수석동,미방문,
현대카공업사,충청남도 당진시,공구점,,충청남도 당진시 송악읍 송악로 765,,S20301 / 송악읍,미방문,
동양카공업사,충청남도 서천군,공구점,,충청남도 서천군 종천면 석촌길 5,,S20301 / 종천면,미방문,
대경건설철물,충청남도 아산시,철물점,,충청남도 아산시 음봉면 산동로 8,,G21001 / 음봉면,미방문,
항구낚시철물,충청남도 태안군,철물점,,충청남도 태안군 소원면 모항항길 122-29,,G21306 / 소원면,미방문,
영성철물,충청남도 천안시 동남구,철물점,,충청남도 천안시 동남구 영성로 21,,G21001 / 중앙동,미방문,
금남공업사,충청남도 공주시,공구점,,충청남도 공주시 금흥안터길 21,,S20699 / 월송동,미방문,
형제카공업사,충청남도 당진시,공구점,,충청남도 당진시 송악읍 송악로 52,,S20301 / 송악읍,미방문,
순성건재,충청남도 당진시,건자재점,,충청남도 당진시 순성면 순성로 516,,G21001 / 순성면,미방문,
제일철물건재,충청남도 당진시,건자재점,,충청남도 당진시 당진중앙3로 42,,G21001 / 당진1동,미방문,
종합건재상사,충청남도 당진시,건자재점,,충청남도 당진시 역천로 881-92,,G21001 / 당진2동,미방문,
홍성철물,충청남도 홍성군,철물점,,충청남도 홍성군 갈산면 갈산로 116-1,,G21001 / 갈산면,미방문,
금남철물건재,충청남도 서산시,건자재점,,충청남도 서산시 대산읍 충의로 2563,,G21001 / 대산읍,미방문,
현대공업사,충청남도 서산시,공구점,,충청남도 서산시 해미면 남문4로 17-1,,S20301 / 해미면,미방문,
신일철물공구,충청남도 아산시,철물점,,충청남도 아산시 청운로84번길 20,,G21001 / 온양1동,미방문,
영성마트철물,충청남도 당진시,철물점,,충청남도 당진시 면천면 면천로 625,,G21001 / 면천면,미방문,
현대철물,충청남도 서산시,철물점,,충청남도 서산시 고북면 고북1로 265,,G21001 / 고북면,미방문,
대성철물,충청남도 금산군,철물점,,충청남도 금산군 금산읍 인삼로 103-5,,G21001 / 금산읍,미방문,
우강공업사,충청남도 천안시 서북구,공구점,,충청남도 천안시 서북구 직산읍 신갈1길 71-9,,S20301 / 직산읍,미방문,
농후건재약업사,충청남도 금산군,건자재점,,충청남도 금산군 금산읍 인삼약초로 40,,G22199 / 금산읍,미방문,
제일철물,충청남도 보령시,철물점,,충청남도 보령시 웅천읍 장터중앙길 147,,G21001 / 웅천읍,미방문,
강경철물점,충청남도 논산시,철물점,,충청남도 논산시 강경읍 금백로 124,,G21001 / 강경읍,미방문,
직산동신철물공구,충청남도 천안시 서북구,철물점,,충청남도 천안시 서북구 직산읍 부송로 322,,G21001 / 직산읍,미방문,
규암철물,충청남도 부여군,철물점,,충청남도 부여군 규암면 수북로 18,,G21001 / 규암면,미방문,
동진철물건재,충청남도 논산시,건자재점,,충청남도 논산시 광석면 논산평야로 932,,G21001 / 광석면,미방문,
판교카공업사,충청남도 서천군,공구점,,충청남도 서천군 판교면 대백제로 1884-2,,S20301 / 판교면,미방문,
동진종합철물건재,충청남도 논산시,건자재점,,충청남도 논산시 계백로 1195,,G21001 / 취암동,미방문,
광신철물인지점,충청남도 서산시,철물점,,충청남도 서산시 인지면 무학로 1695,,G21001 / 인지면,미방문,
대림철물,충청남도 보령시,철물점,,충청남도 보령시 보령남로 61,,G21001 / 대천4동,미방문,
에스에이치공업사,충청남도 천안시 동남구,공구점,,충청남도 천안시 동남구 광덕면 차령고개로 786,,N10901 / 광덕면,미방문,
영구당건재약업사,충청남도 금산군,건자재점,,충청남도 금산군 금산읍 인삼약초로 22,,G22199 / 금산읍,미방문,
중앙철물,충청남도 아산시,철물점,,충청남도 아산시 아산로 19,,G21001 / 온양1동,미방문,
일진기계공업사,충청남도 부여군,공구점,,충청남도 부여군 부여읍 흑천로12번길 16,,S20301 / 부여읍,미방문,
신광철물점,충청남도 당진시,철물점,,충청남도 당진시 정미면 정미로 702,,G21001 / 정미면,미방문,
수원철물.건재.설비,충청남도 논산시,건자재점,,충청남도 논산시 강경읍 옥녀봉로19번길 30-8,,G21001 / 강경읍,미방문,
삼성철물,충청남도 천안시 동남구,철물점,,충청남도 천안시 동남구 중앙로 256,,G21001 / 신안동,미방문,
명신철물건재,충청남도 태안군,건자재점,,충청남도 태안군 안면읍 장터로 61,,G21001 / 안면읍,미방문,
동신철물,충청남도 천안시 서북구,철물점,,충청남도 천안시 서북구 성환읍 성환1로 153,,G21001 / 성환읍,미방문,
홍익종합배관철물,충청남도 천안시 동남구,철물점,,충청남도 천안시 동남구 서부대로 554,,G21001 / 봉명동,미방문,
진흥철물건재상사,충청남도 보령시,건자재점,,충청남도 보령시 보령남로 49-3,,G21001 / 대천4동,미방문,
산수농기구쎈타,충청남도 홍성군,농자재점,,충청남도 홍성군 홍북읍 금북로 376,,S20699 / 홍북읍,미방문,
동원기계공구,충청남도 논산시,공구점,,충청남도 논산시 연무읍 안심로 150-4,,G21001 / 연무읍,미방문,
공단철물,충청남도 천안시 서북구,철물점,,충청남도 천안시 서북구 직산읍 직산로 208,,G21001 / 직산읍,미방문,
형제철물,충청남도 예산군,철물점,,충청남도 예산군 예산읍 예산로 48,,G21001 / 예산읍,미방문,
명일건축철물,충청남도 천안시 서북구,철물점,,충청남도 천안시 서북구 선영5길 2,,G21001 / 성정1동,미방문,
동광부분정비공업사,충청남도 예산군,공구점,,충청남도 예산군 예산읍 충서로 1258,,S20301 / 예산읍,미방문,
대성철물,충청남도 천안시 서북구,철물점,,충청남도 천안시 서북구 신당새터1길 73-4,,G21001 / 부성1동,미방문,
고정농기구센타,충청남도 보령시,농자재점,,충청남도 보령시 주교면 감적골길 65,,S20601 / 주교면,미방문,
신현농자재,충청남도 논산시,농자재점,,충청남도 논산시 양촌면 바랑산길 39-10,,G21001 / 양촌면,미방문,
가야농자재,충청남도 논산시,농자재점,,충청남도 논산시 가야곡면 덕은로 189,,G22199 / 가야곡면,미방문,
한신철물공구,충청남도 서산시,철물점,,충청남도 서산시 대산읍 명지1로 33,,G21001 / 대산읍,미방문,
온양철물,충청남도 당진시,철물점,,충청남도 당진시 당진시장서길 27,,G20803 / 당진1동,미방문,
태양철물건재상사,충청남도 논산시,건자재점,,충청남도 논산시 계백로 1081,,G21001 / 취암동,미방문,
형제철물점,충청남도 보령시,철물점,,충청남도 보령시 오천면 충청수영로 835-10,,G21001 / 오천면,미방문,
충남철물,충청남도 부여군,철물점,,충청남도 부여군 부여읍 성왕로 140,,G21001 / 부여읍,미방문,
천북농협영농자재판매장,충청남도 보령시,농자재점,,충청남도 보령시 천북면 천광로 557,,G21401 / 천북면,미방문,
아산철물공작소,충청남도 아산시,철물점,,충청남도 아산시 영인면 아산리길6번길 5,,G21001 / 영인면,미방문,
인주공업사,충청남도 아산시,공구점,,충청남도 아산시 인주면 아산만로 1420,,S20301 / 인주면,미방문,
대웅건재약업사,충청남도 금산군,건자재점,,충청남도 금산군 금산읍 인삼약초로 22,,G22199 / 금산읍,미방문,
진성공업사,충청남도 서천군,공구점,,충청남도 서천군 서면 서인로 703,,S20699 / 서면,미방문,
서해철물,충청남도 당진시,철물점,,충청남도 당진시 석문면 대호만로 1760,,G21001 / 석문면,미방문,
두성골재철물,충청남도 홍성군,철물점,,충청남도 홍성군 갈산면 백야로546번길 85,,G21001 / 갈산면,미방문,
동백선구철물,충청남도 서천군,철물점,,충청남도 서천군 서면 서인로 508,,G21001 / 서면,미방문,
홍산철물,충청남도 아산시,철물점,,충청남도 아산시 아산로 15,,G21001 / 온양1동,미방문,
서산현대LPG공업사,충청남도 서산시,공구점,,충청남도 서산시 수석순환로 5,,S20301 / 수석동,미방문,
오성철물공구,충청남도 천안시 서북구,철물점,,충청남도 천안시 서북구 한들1로 91,,G21001 / 백석동,미방문,
경동철물,충청남도 보령시,철물점,,충청남도 보령시 중앙로 148,,G21001 / 대천2동,미방문,
동백철물,충청남도 서천군,철물점,,충청남도 서천군 서면 서인로 508,,G21001 / 서면,미방문,
만물철물,충청남도 태안군,철물점,,충청남도 태안군 태안읍 시장2길 38-8,,G21001 / 태안읍,미방문,
건설철물건재목재,충청남도 천안시 서북구,건자재점,,충청남도 천안시 서북구 성환읍 천안대로 2178,,G21001 / 성환읍,미방문,
경희철물,충청남도 논산시,철물점,,충청남도 논산시 계백로 956,,G21001 / 부창동,미방문,
계룡건재약업사,충청남도 금산군,건자재점,,충청남도 금산군 금산읍 인삼약초로 33,,G22199 / 금산읍,미방문,
벌곡건재,충청남도 논산시,건자재점,,충청남도 논산시 벌곡면 대둔로 833,,G21099 / 벌곡면,미방문,
팔삼공업사,충청남도 서천군,공구점,,충청남도 서천군 장항읍 장마로62번길 9,,S20301 / 장항읍,미방문,
형제카공업사,충청남도 당진시,공구점,,충청남도 당진시 신평면 덕평로 1317,,S20301 / 신평면,미방문,
대흥철물공구,충청남도 아산시,철물점,,충청남도 아산시 둔포면 관대길39번길 16,,G21001 / 둔포면,미방문,
대명철물,충청남도 당진시,철물점,,충청남도 당진시 고대면 고대로 124,,G21001 / 고대면,미방문,
세창종합건재,충청남도 논산시,건자재점,,충청남도 논산시 연무읍 왕릉로 2,,G21003 / 연무읍,미방문,
다됨철물설비,충청남도 천안시 서북구,철물점,,충청남도 천안시 서북구 쌍용대로 289-11,,G21001 / 성정2동,미방문,
성창상회;성창철물,충청남도 홍성군,철물점,,충청남도 홍성군 홍성읍 조양로119번길 15,,G21001 / 홍성읍,미방문,
남부철물,충청남도 아산시,철물점,,충청남도 아산시 시민로 332,,G21001 / 온양2동,미방문,
구룡공업사자전차,충청남도 부여군,공구점,,충청남도 부여군 구룡면 흥수로 164,,S20699 / 구룡면,미방문,
한일종합건재,충청남도 보령시,건자재점,,충청남도 보령시 중앙로 8,,G21001 / 대천3동,미방문,
현대공업사,충청남도 예산군,공구점,,충청남도 예산군 신양면 신양1길 31-21,,S20699 / 신양면,미방문,
현진공구상사,충청남도 보령시,공구점,,충청남도 보령시 신설1길 47,,G21001 / 대천3동,미방문,
현대철물공구안전,충청남도 보령시,철물점,,충청남도 보령시 웅천읍 장터중앙길 156,,G21001 / 웅천읍,미방문,
유한철물.전기,충청남도 홍성군,철물점,,충청남도 홍성군 홍성읍 도청대로 27,,G21001 / 홍성읍,미방문,
수신공단철물건재,충청남도 천안시 동남구,건자재점,,충청남도 천안시 동남구 수신면 5산단로 68,,G21001 / 수신면,미방문,
순성철물,충청남도 당진시,철물점,,충청남도 당진시 순성면 순성로 516,,G21001 / 순성면,미방문,
정풍공업사,충청남도 천안시 동남구,공구점,,충청남도 천안시 동남구 광덕면 신흥리1길 168,,S20301 / 광덕면,미방문,
벌곡문구철물,충청남도 논산시,철물점,,충청남도 논산시 벌곡면 대둔로813번길 4,,G21302 / 벌곡면,미방문,
천일카공업사,충청남도 서천군,공구점,,충청남도 서천군 판교면 대백제로 2046,,S20301 / 판교면,미방문,
삼흥공업사카,충청남도 공주시,공구점,,충청남도 공주시 소학동길 87,,S20301 / 옥룡동,미방문,
수정공업사,충청남도 천안시 동남구,공구점,,충청남도 천안시 동남구 동면 충절로 2171,,S20301 / 동면,미방문,
현대전기조명철물,충청남도 서천군,건자재점,,충청남도 서천군 장항읍 장항로139번길 8,,G21001 / 장항읍,미방문,
일성철물,충청남도 아산시,철물점,,충청남도 아산시 도고면 도고면로 79,,G21001 / 도고면,미방문,
대흥철물,충청남도 아산시,철물점,,충청남도 아산시 온양역길 28-2,,G21001 / 온양2동,미방문,
한일철물점,충청남도 아산시,철물점,,충청남도 아산시 청운로 70,,G21001 / 온양2동,미방문,
형제종합건재,충청남도 천안시 서북구,건자재점,,충청남도 천안시 서북구 불당11로 7,,G21001 / 불당1동,미방문,
가야공구철물,충청남도 서산시,철물점,,충청남도 서산시 석지2길 5,,G21001 / 석남동,미방문,
영진철물,충청남도 보령시,철물점,,충청남도 보령시 성주면 화장골길 70,,G21001 / 성주면,미방문,
시민건재약업사,충청남도 아산시,건자재점,,충청남도 아산시 온양역길 124,,G20508 / 온양2동,미방문,
모아안전건재,충청남도 아산시,건자재점,,충청남도 아산시 도고면 온천대로 10,,G21001 / 도고면,미방문,
현대카공업사,충청남도 당진시,공구점,,충청남도 당진시 송악읍 정곡로 632,,S20301 / 송악읍,미방문,
대광건재약업사,충청남도 금산군,건자재점,,충청남도 금산군 금산읍 인삼약초로 24,,G22199 / 금산읍,미방문,
하나철물,충청남도 아산시,철물점,,충청남도 아산시 영인면 영인로 53,,G21001 / 영인면,미방문,
대우종합건재,충청남도 청양군,건자재점,,충청남도 청양군 청양읍 중앙로 194,,G21099 / 청양읍,미방문,
길형건재약업사,충청남도 금산군,건자재점,,충청남도 금산군 금산읍 비단로 144,,G22199 / 금산읍,미방문,
고덕철물,충청남도 예산군,철물점,,충청남도 예산군 고덕면 용고길 338-9,,G21001 / 고덕면,미방문,
국제열쇠철물,충청남도 아산시,철물점,,충청남도 아산시 배방읍 모산로 81,,G21001 / 배방읍,미방문,
흥농철물,충청남도 예산군,철물점,,충청남도 예산군 덕산면 봉운로 45-1,,G21001 / 덕산면,미방문,
건흥철물공구,충청남도 서천군,철물점,,충청남도 서천군 서천읍 서문로 60-1,,G21001 / 서천읍,미방문,
베스트공업사,충청남도 천안시 서북구,공구점,,충청남도 천안시 서북구 성거읍 망향로 824,,S20301 / 성거읍,미방문,
물탕철물건재,충청남도 아산시,건자재점,,충청남도 아산시 도고면 기곡로84번길 21-1,,G21001 / 도고면,미방문,
명진농자재,충청남도 금산군,농자재점,,충청남도 금산군 추부면 서대산로 214,,G21001 / 추부면,미방문,
가나전기열쇠철물,충청남도 천안시 서북구,철물점,,충청남도 천안시 서북구 봉정로 248-5,,G21201 / 성정2동,미방문,
대림건재약업사,충청남도 금산군,건자재점,,충청남도 금산군 금산읍 인삼약초로 28,,G22199 / 금산읍,미방문,
대양철물,충청남도 보령시,철물점,,충청남도 보령시 대흥로 82-3,,G21001 / 대천2동,미방문,
칠성건재약업사,충청남도 금산군,건자재점,,충청남도 금산군 금산읍 비단로 144,,G22199 / 금산읍,미방문,
서해공업사,충청남도 당진시,공구점,,충청남도 당진시 신평면 진살미길 91,,S20301 / 신평면,미방문,
금강철물건재,충청남도 당진시,건자재점,,충청남도 당진시 고대면 고대로 5-1,,G21001 / 고대면,미방문,
서령철물건재,충청남도 서산시,건자재점,,충청남도 서산시 시장1로 6,,G21001 / 동문2동,미방문,
옹암공업사,충청남도 홍성군,공구점,,충청남도 홍성군 광천읍 광천로 208,,S20301 / 광천읍,미방문,
현대공업사,충청남도 부여군,공구점,,충청남도 부여군 규암면 흥수로 858-9,,S20301 / 규암면,미방문,
우성철물,충청남도 공주시,철물점,,충청남도 공주시 우성면 동대리길 89,,G21001 / 우성면,미방문,
우리장식철물,충청남도 공주시,철물점,,충청남도 공주시 전막1길 16-5,,G21001 / 신관동,미방문,
효성건재,충청남도 부여군,건자재점,,충청남도 부여군 규암면 수북로 42,,G22199 / 규암면,미방문,
용일종합건재,충청남도 예산군,건자재점,,충청남도 예산군 광시면 예당로 194,,G21001 / 광시면,미방문,
광명철물,충청남도 당진시,철물점,,충청남도 당진시 송산면 송산로 500,,G21001 / 송산면,미방문,
대산철물공구,충청남도 서산시,철물점,,충청남도 서산시 대산읍 충의로 1921,,G21001 / 대산읍,미방문,
서울철물,충청남도 부여군,철물점,,충청남도 부여군 부여읍 성왕로 357-4,,G21001 / 부여읍,미방문,
동일철물,충청남도 아산시,철물점,,충청남도 아산시 배방읍 갈산교로 72-6,,G21001 / 배방읍,미방문,
당진철물건재상사,충청남도 당진시,건자재점,,충청남도 당진시 서부로 85-8,,G21001 / 당진2동,미방문,
한진종합건재,충청남도 당진시,건자재점,,충청남도 당진시 고대면 고대로 220-14,,G21001 / 고대면,미방문,
백두모터스·종합중기공업사,충청남도 아산시,공구점,,충청남도 아산시 영인면 영인로 142,,S20301 / 영인면,미방문,
대일철물설비,충청남도 천안시 동남구,철물점,,충청남도 천안시 동남구 원성9길 1,,G21001 / 원성1동,미방문,
성원철물점,충청남도 금산군,철물점,,충청남도 금산군 금산읍 인삼로 139,,G21001 / 금산읍,미방문,
붕붕카부분정비공업사,충청남도 홍성군,공구점,,충청남도 홍성군 갈산면 갈산로 142,,S20301 / 갈산면,미방문,
서진공구철물,충청남도 아산시,철물점,,충청남도 아산시 선장면 서부남로 103,,G21001 / 선장면,미방문,
한일종합건재상사,충청남도 당진시,건자재점,,충청남도 당진시 송산로 92,,G21001 / 당진3동,미방문,
청성철물,충청남도 청양군,철물점,,충청남도 청양군 청양읍 중앙로 107,,G21001 / 청양읍,미방문,
남기공업사,충청남도 당진시,공구점,,충청남도 당진시 정미면 상구실로 2,,S20301 / 정미면,미방문,
1급안전공업사,충청남도 논산시,공구점,,충청남도 논산시 연산면 청동로 137,,S20301 / 연산면,미방문,
우남농자재,충청남도 논산시,농자재점,,충청남도 논산시 양촌면 황산벌로 1319,,G21001 / 양촌면,미방문,
공주철물,충청남도 공주시,철물점,,충청남도 공주시 금성길 8,,G21001 / 웅진동,미방문,
판교철물，건재,충청남도 서천군,건자재점,,충청남도 서천군 판교면 종판로887번길 65,,G21001 / 판교면,미방문,
스마트종합건재,충청남도 서산시,건자재점,,충청남도 서산시 서해로 3431,,G21001 / 수석동,미방문,
광신건재,충청남도 서산시,건자재점,,충청남도 서산시 양유정3로 2,,G21099 / 부춘동,미방문,
삼우공업사,충청남도 당진시,공구점,,충청남도 당진시 원당로 15,,S20301 / 당진3동,미방문,
부흥종합건재,충청남도 아산시,건자재점,,충청남도 아산시 음봉면 산동로 192-4,,G21001 / 음봉면,미방문,
충남공업사,충청남도 공주시,공구점,,충청남도 공주시 무령로 427,,S20301 / 신관동,미방문,
성남철물,충청남도 천안시 동남구,철물점,,충청남도 천안시 동남구 성남면 신사대화로 117,,G21001 / 성남면,미방문,
행정공구철물,충청남도 천안시 동남구,철물점,,충청남도 천안시 동남구 광덕면 행정길 18,,G21001 / 광덕면,미방문,
형제농자재마트,충청남도 서천군,농자재점,,충청남도 서천군 서천읍 충절로59번길 11-11,,G22199 / 서천읍,미방문,
서울공업사,충청남도 공주시,공구점,,충청남도 공주시 전막1길 16-9,,S20301 / 신관동,미방문,
영일종합건재,충청남도 논산시,건자재점,,충청남도 논산시 강변로308번길 12,,G21099 / 부창동,미방문,
장동철물공구마트,충청남도 서산시,철물점,,충청남도 서산시 장동3길 5-33,,G21001 / 석남동,미방문,
상록종합건재,충청남도 당진시,건자재점,,충청남도 당진시 송악읍 월곡로 1,,G21001 / 송악읍,미방문,
세도농자재,충청남도 부여군,농자재점,,충청남도 부여군 세도면 세도중앙로 17,,G21001 / 세도면,미방문,
가송철물점,충청남도 홍성군,철물점,,충청남도 홍성군 광천읍 광천로315번길 5,,G21001 / 광천읍,미방문,
홍산정비공업사,충청남도 부여군,공구점,,충청남도 부여군 홍산면 홍산로 65,,S20301 / 홍산면,미방문,
제일공구철물상사,충청남도 태안군,철물점,,충청남도 태안군 태안읍 능샘1길 49,,G21001 / 태안읍,미방문,
O.K공구마트,충청남도 서산시,공구점,,충청남도 서산시 문화로 8,,G21001 / 부춘동,미방문,
광덕농자재,충청남도 천안시 동남구,농자재점,,충청남도 천안시 동남구 광덕면 신덕리1길 62,,G20909 / 광덕면,미방문,
남현건재약업사,충청남도 금산군,건자재점,,충청남도 금산군 금산읍 인삼약초로 25,,G22199 / 금산읍,미방문,
현대철물건재,충청남도 논산시,건자재점,,충청남도 논산시 연산면 연산4길 54,,G21099 / 연산면,미방문,
삼팔철물건재,충청남도 천안시 동남구,건자재점,,충청남도 천안시 동남구 목천읍 충절로 700,,G21001 / 목천읍,미방문,
시장철물건재,충청남도 천안시 서북구,건자재점,,충청남도 천안시 서북구 성환읍 성환12길 13-9,,G21001 / 성환읍,미방문,
부여건재약업사지금여기cafe&meal,충청남도 부여군,건자재점,,충청남도 부여군 부여읍 부장대로 25,,G22199 / 부여읍,미방문,
서신철물,충청남도 예산군,철물점,,충청남도 예산군 고덕면 고덕중앙로 81-1,,G21001 / 고덕면,미방문,
아크로공업사,충청남도 서산시,공구점,,충청남도 서산시 해미면 한티로 24,,S20301 / 해미면,미방문,
중앙철물설비,충청남도 예산군,철물점,,충청남도 예산군 예산읍 역전로 113,,G21001 / 예산읍,미방문,
경동철물,충청남도 천안시 동남구,철물점,,충청남도 천안시 동남구 대흥로 193,,G21001 / 중앙동,미방문,
고려철물,충청남도 천안시 동남구,철물점,,충청남도 천안시 동남구 충절로 129-1,,G21001 / 원성1동,미방문,
동방철물건재,충청남도 논산시,건자재점,,충청남도 논산시 연무읍 연무로 150,,G21001 / 연무읍,미방문,
하나건재,충청남도 서산시,건자재점,,충청남도 서산시 여전중앙길 13-2,,G21099 / 석남동,미방문,
덕흥철물,충청남도 태안군,철물점,,충청남도 태안군 안면읍 장터로 129,,G21001 / 안면읍,미방문,
선운부분정비공업사,충청남도 당진시,공구점,,충청남도 당진시 석문면 대호만로 2304,,S20301 / 석문면,미방문,
제일건재공구,충청남도 예산군,공구점,,충청남도 예산군 예산읍 벚꽃로 204,,G21001 / 예산읍,미방문,
보령중기공업사,충청남도 보령시,공구점,,충청남도 보령시 원뚝길 135,,S20301 / 대천2동,미방문,
대천선구철물,충청남도 보령시,철물점,,충청남도 보령시 대천항4길 42,,G21001 / 대천5동,미방문,
현대공구철물,충청남도 서천군,철물점,,충청남도 서천군 장항읍 장서로 68,,G21001 / 장항읍,미방문,
논산건재,충청남도 논산시,건자재점,,충청남도 논산시 계백로 712-32,,G21003 / 부창동,미방문,
미돌철물,충청남도 공주시,철물점,,충청남도 공주시 무령로 239,,I20105 / 웅진동,미방문,
신계철물,충청남도 천안시 동남구,철물점,,충청남도 천안시 동남구 목천읍 충절로 804,,G21001 / 목천읍,미방문,
금정철물건재,충청남도 계룡시,건자재점,,충청남도 계룡시 엄사면 번영로 10,,G21001 / 엄사면,미방문,
대경안전철물,충청남도 보령시,철물점,,충청남도 보령시 명해로 83,,G22199 / 대천5동,미방문,
정산철물건재,충청남도 청양군,건자재점,,충청남도 청양군 정산면 효자길 27,,G21001 / 정산면,미방문,
승진철물건재공구상사,충청남도 부여군,건자재점,,충청남도 부여군 규암면 흥수로529번길 4,,G21001 / 규암면,미방문,
삼영건재,충청남도 홍성군,건자재점,,충청남도 홍성군 광천읍 광천로 257,,G21001 / 광천읍,미방문,
성신공업사,충청남도 예산군,공구점,,충청남도 예산군 예산읍 충서로 940,,G21001 / 예산읍,미방문,
현대철물건재,충청남도 금산군,건자재점,,충청남도 금산군 금산읍 비단로 180,,G21001 / 금산읍,미방문,
한일철물,충청남도 서산시,철물점,,충청남도 서산시 시장1로 6,,G21001 / 동문2동,미방문,
화성철물상회,충청남도 서산시,철물점,,충청남도 서산시 음암면 도당큰말길 6,,G21001 / 음암면,미방문,
대성철물,충청남도 서산시,철물점,,충청남도 서산시 시장1로 6,,G21001 / 동문2동,미방문,
연무천막농자재,충청남도 논산시,농자재점,,충청남도 논산시 연무읍 안심로 66,,G21001 / 연무읍,미방문,
태성농자재,충청남도 천안시 동남구,농자재점,,충청남도 천안시 동남구 풍세면 풍세로 471,,G22199 / 풍세면,미방문,
대형정비공업사,충청남도 아산시,공구점,,충청남도 아산시 인주면 공세길 111-21,,S20301 / 인주면,미방문,
금성공구상사,충청남도 금산군,공구점,,충청남도 금산군 제원면 금강로 109,,G21001 / 제원면,미방문,
대산철물건재,충청남도 논산시,건자재점,,충청남도 논산시 관촉로277번길 23-7,,G21001 / 취암동,미방문,
대한철강철물상사,충청남도 공주시,철물점,,충청남도 공주시 유구읍 중앙2길 80-8,,G21001 / 유구읍,미방문,
제일기계공구,충청남도 논산시,공구점,,충청남도 논산시 강경읍 강경로 22,,G21001 / 강경읍,미방문,
덕수철물점,충청남도 예산군,철물점,,충청남도 예산군 예산읍 창말로 46,,G21001 / 예산읍,미방문,
천안종합농기구,충청남도 천안시 동남구,농자재점,,충청남도 천안시 동남구 성남면 신사운전길 7,,G21001 / 성남면,미방문,
육교철물,충청남도 천안시 동남구,철물점,,충청남도 천안시 동남구 충절로 55,,G21001 / 신안동,미방문,
금성철물점,충청남도 홍성군,철물점,,충청남도 홍성군 광천읍 광천로309번길 8-5,,G21001 / 광천읍,미방문,
쌍용건축철물,충청남도 천안시 서북구,철물점,,충청남도 천안시 서북구 쌍용7길 28,,G21001 / 쌍용3동,미방문,
목양정비공업사,충청남도 천안시 동남구,공구점,,충청남도 천안시 동남구 청당산업길 33,,S20301 / 청룡동,미방문,
해성공구철물,충청남도 서산시,철물점,,충청남도 서산시 성연면 일호리1길 2-12,,G21003 / 성연면,미방문,
부광카공업사,충청남도 당진시,공구점,,충청남도 당진시 송산면 틀모시로 1131,,S20301 / 송산면,미방문,
영공업사,충청남도 공주시,공구점,,충청남도 공주시 우금티로 724-1,,S20301 / 옥룡동,미방문,
덕수철물목재,충청남도 보령시,철물점,,충청남도 보령시 천북면 홍보로 471,,G21001 / 천북면,미방문,
신용카부분정비공업사,충청남도 서산시,공구점,,충청남도 서산시 고운로 310,,S20301 / 동문1동,미방문,
중앙공구상사,충청남도 서산시,공구점,,충청남도 서산시 고운로 96,,G21001 / 부춘동,미방문,
금성건재한약,충청남도 공주시,건자재점,,충청남도 공주시 웅진로 217-2,,G22199 / 웅진동,미방문,
JS카공업사,충청남도 당진시,공구점,,충청남도 당진시 송악읍 송악로 69-2,,S20301 / 송악읍,미방문,
현대냉동공업사,충청남도 당진시,공구점,,충청남도 당진시 당진시장길 5,,S20501 / 당진2동,미방문,
스마트공업사,충청남도 당진시,공구점,,충청남도 당진시 송악읍 반촌로 179,,S20301 / 송악읍,미방문,
미래공업사,충청남도 아산시,공구점,,충청남도 아산시 인주면 서해로 492,,S20301 / 인주면,미방문,
한강철물,충청남도 천안시 동남구,철물점,,충청남도 천안시 동남구 중앙로 49,,G21001 / 중앙동,미방문,
송학철물건재,충청남도 청양군,건자재점,,충청남도 청양군 정산면 정현길 54,,G21001 / 정산면,미방문,
오성건재,충청남도 아산시,건자재점,,충청남도 아산시 인주면 현대로 1296-1,,G21001 / 인주면,미방문,
다온농자재,충청남도 논산시,농자재점,,충청남도 논산시 연무읍 연무로 14,,G21099 / 연무읍,미방문,
아름다운철물점신영금속,충청남도 아산시,철물점,,충청남도 아산시 온천대로 1716,,G21001 / 온양6동,미방문,
형도공업사,충청남도 부여군,공구점,,충청남도 부여군 석성면 석성북로151번길 36,,S20699 / 석성면,미방문,
양촌카공업사,충청남도 논산시,공구점,,충청남도 논산시 양촌면 황산벌로 476,,S20301 / 양촌면,미방문,
우리공구·철물,충청남도 금산군,철물점,,충청남도 금산군 금산읍 인삼로 113,,G21001 / 금산읍,미방문,
서해카공업사,충청남도 서천군,공구점,,충청남도 서천군 장항읍 장항로171번길 76,,S20301 / 장항읍,미방문,
하경철물,충청남도 태안군,철물점,,충청남도 태안군 태안읍 동백로 17,,G21001 / 태안읍,미방문,
대명전기철물,충청남도 보령시,철물점,,충청남도 보령시 머드로 57,,G21001 / 대천5동,미방문,
선우철물,충청남도 태안군,철물점,,충청남도 태안군 태안읍 시장2길 32-1,,G21001 / 태안읍,미방문,
봉명카공업사,충청남도 당진시,공구점,,충청남도 당진시 송악읍 북부산업로 821,,S20301 / 송악읍,미방문,
삼원철물,충청남도 당진시,철물점,,충청남도 당진시 대호지면 44만세로 88-3,,G21001 / 대호지면,미방문,
광명철물,충청남도 공주시,철물점,,충청남도 공주시 정안면 정안중앙길 167,,G21001 / 정안면,미방문,
광영건재,충청남도 보령시,건자재점,,충청남도 보령시 대흥로 101,,G21099 / 대천2동,미방문,
신흥공업사,충청남도 예산군,공구점,,충청남도 예산군 예산읍 충서로 1122-7,,S20301 / 예산읍,미방문,
제일카공업사,충청남도 서산시,공구점,,충청남도 서산시 석림4로 5,,S20301 / 수석동,미방문,
동양철물,충청남도 천안시 동남구,철물점,,충청남도 천안시 동남구 영성로 28-1,,G21001 / 중앙동,미방문,
태영정비공업사,충청남도 부여군,공구점,,충청남도 부여군 부여읍 백제문화로 103,,S20301 / 부여읍,미방문,
문화철물건재,충청남도 아산시,건자재점,,충청남도 아산시 둔포면 둔포로 6-19,,G21001 / 둔포면,미방문,
반포종합건재,충청남도 공주시,건자재점,,충청남도 공주시 반포면 수실1길 8-10,,G22199 / 반포면,미방문,
금호철물,충청남도 부여군,철물점,,충청남도 부여군 양화면 입포로 54,,G21001 / 양화면,미방문,
제일철물,충청남도 홍성군,철물점,,충청남도 홍성군 홍성읍 의사로43번길 13-7,,G21001 / 홍성읍,미방문,
온세철물,충청남도 보령시,철물점,,충청남도 보령시 남대천로 61,,G21001 / 대천1동,미방문,
미성철물,충청남도 서산시,철물점,,충청남도 서산시 고북면 고북3로 12,,G21001 / 고북면,미방문,
천북철물,충청남도 보령시,철물점,,충청남도 보령시 천북면 하궁길 22,,G21001 / 천북면,미방문,
천지열쇠철물,충청남도 천안시 서북구,철물점,,충청남도 천안시 서북구 서부17길 5,,G21001 / 성정2동,미방문,
두마철물건재공구,충청남도 계룡시,건자재점,,충청남도 계룡시 엄사면 계백로 3021,,G21001 / 엄사면,미방문,
신중건재약업사;금산신중홍삼,충청남도 금산군,건자재점,,충청남도 금산군 금산읍 인삼약초로 29-6,,G22199 / 금산읍,미방문,
하나로기계공구,충청남도 당진시,공구점,,충청남도 당진시 고실1길 39,,G21001 / 당진1동,미방문,
한일철물건재,충청남도 천안시 동남구,건자재점,,충청남도 천안시 동남구 영성로 19,,G21001 / 중앙동,미방문,
신화철물,충청남도 천안시 서북구,철물점,,충청남도 천안시 서북구 성정로 68,,G21001 / 성정1동,미방문,
현대철물,충청남도 천안시 동남구,철물점,,충청남도 천안시 동남구 병천면 아우내장터1길 41,,G21001 / 병천면,미방문,
양지앵글공업사,충청남도 공주시,공구점,,충청남도 공주시 금성길 10-1,,G21001 / 웅진동,미방문,
중부농자재,충청남도 논산시,농자재점,,충청남도 논산시 상월면 백일헌로 1175,,G21001 / 상월면,미방문,
명신철물마트,충청남도 공주시,철물점,,충청남도 공주시 쌍신길 88,,G21001 / 신관동,미방문,
현대철물건재,충청남도 부여군,건자재점,,충청남도 부여군 초촌면 선사로 96,,G21001 / 초촌면,미방문,
아산건재상사,충청남도 아산시,건자재점,,충청남도 아산시 둔포면 충무로 1805,,G21001 / 둔포면,미방문,
외산철물，조경,충청남도 부여군,철물점,,충청남도 부여군 외산면 외산로 112,,G21001 / 외산면,미방문,
금성철물,충청남도 천안시 동남구,철물점,,충청남도 천안시 동남구 영성로 39-1,,G21001 / 중앙동,미방문,
배방전기철물,충청남도 아산시,철물점,,충청남도 아산시 배방읍 북수로 50,,G21001 / 배방읍,미방문,
동일철물,충청남도 서산시,철물점,,충청남도 서산시 해미면 읍성마을1길 18,,G21001 / 해미면,미방문,
태양철물건재,충청남도 서산시,건자재점,,충청남도 서산시 공림5길 30,,G21099 / 석남동,미방문,
기림철물상사,충청남도 부여군,철물점,,충청남도 부여군 부여읍 성왕로 126,,G21001 / 부여읍,미방문,
태신종합건재,충청남도 당진시,건자재점,,충청남도 당진시 합덕읍 면천로 1730,,G21001 / 합덕읍,미방문,
보령철물건재,충청남도 보령시,건자재점,,충청남도 보령시 중앙로 59,,G21001 / 대천1동,미방문,
대흥철물,충청남도 공주시,철물점,,충청남도 공주시 정안면 정안중앙길 165,,G21001 / 정안면,미방문,
삼원철물,충청남도 천안시 서북구,철물점,,충청남도 천안시 서북구 서부19길 21,,G21001 / 성정2동,미방문,
월드부분정비공업사,충청남도 태안군,공구점,,충청남도 태안군 태안읍 샘골로 51,,S20301 / 태안읍,미방문,
보광카공업사,충청남도 태안군,공구점,,충청남도 태안군 안면읍 장터로 172,,S20301 / 안면읍,미방문,
비행장카공업사,충청남도 서산시,공구점,,충청남도 서산시 고북면 신성로 35,,S20301 / 고북면,미방문,
대한건재,충청남도 아산시,건자재점,,충청남도 아산시 번영로93번길 7,,G20701 / 온양1동,미방문,
예산철물,충청남도 청양군,철물점,,충청남도 청양군 청양읍 중앙로5길 10,,G21001 / 청양읍,미방문,
형제철물점,충청남도 공주시,철물점,,충청남도 공주시 계룡면 영규대사로 478,,G21001 / 계룡면,미방문,
봉명철물,충청남도 천안시 동남구,철물점,,충청남도 천안시 동남구 봉정로 15-1,,G21001 / 봉명동,미방문,
재철공업사,충청남도 논산시,공구점,,충청남도 논산시 연무읍 고내곡로 1,,S20699 / 연무읍,미방문,
덕산철물농약,충청남도 예산군,철물점,,충청남도 예산군 덕산면 읍내길 10,,G21001 / 덕산면,미방문,
태성농자재,충청남도 예산군,농자재점,,충청남도 예산군 예산읍 충서로 1138,,G21001 / 예산읍,미방문,
한뜻농자재,충청남도 서산시,농자재점,,충청남도 서산시 음암면 백제사신로 1159,,G21001 / 음암면,미방문,
신용공업사,충청남도 보령시,공구점,,충청남도 보령시 미산면 만수로 1135,,S20301 / 미산면,미방문,
현대철물,충청남도 논산시,철물점,,충청남도 논산시 중앙로 506,,G21001 / 부창동,미방문,
충남공업사,충청남도 당진시,공구점,,충청남도 당진시 합덕읍 덕평로 444,,S20301 / 합덕읍,미방문,
덕성공업사,충청남도 논산시,공구점,,충청남도 논산시 강경읍 계백로153번길 25-5,,S20699 / 강경읍,미방문,
진산철물건재,충청남도 금산군,건자재점,,충청남도 금산군 진산면 대둔산로 412-3,,G21001 / 진산면,미방문,
성능종합건재,충청남도 공주시,건자재점,,충청남도 공주시 신풍면 벌뜸길 4-9,,G21001 / 신풍면,미방문,
갈산공업사,충청남도 홍성군,공구점,,충청남도 홍성군 갈산면 갈산로 177,,S20301 / 갈산면,미방문,
대우종합철물공구,충청남도 아산시,철물점,,충청남도 아산시 온천대로 1595,,G21001 / 온양3동,미방문,
동방농자재,충청남도 예산군,농자재점,,충청남도 예산군 예산읍 충서로 1034,,G22199 / 예산읍,미방문,
금성철물,충청남도 천안시 서북구,철물점,,충청남도 천안시 서북구 성환읍 성환중앙로 67,,G21001 / 성환읍,미방문,
서산농자재,충청남도 서산시,농자재점,,충청남도 서산시 수석1길 32-32,,G21001 / 수석동,미방문,
남선공업사,충청남도 천안시 서북구,공구점,,충청남도 천안시 서북구 성환읍 신방로 513,,G21099 / 성환읍,미방문,
동대철물안전,충청남도 보령시,철물점,,충청남도 보령시 보령북로 11,,G21001 / 대천3동,미방문,
소소한집수리철물,충청남도 논산시,철물점,,충청남도 논산시 시민로194번길 32,,G21001 / 취암동,미방문,
한성당건재약업사,충청남도 금산군,건자재점,,충청남도 금산군 금산읍 비단로 147,,G20508 / 금산읍,미방문,
대흥공구철물,충청남도 예산군,철물점,,충청남도 예산군 예산읍 역전로 42,,G21001 / 예산읍,미방문,
강원공업사,충청남도 당진시,공구점,,충청남도 당진시 송악읍 대섬길 188,,S20301 / 송악읍,미방문,
태창철물집,충청남도 아산시,철물점,,충청남도 아산시 둔포면 둔포면로 17,,G21001 / 둔포면,미방문,
서문전기철물공구,충청남도 서산시,철물점,,충청남도 서산시 해미면 남문5로 8-1,,G21001 / 해미면,미방문,
용진토건재,충청남도 금산군,건자재점,,충청남도 금산군 복수면 자라전길 45,,N11101 / 복수면,미방문,
신흥철물철재,충청남도 홍성군,철물점,,충청남도 홍성군 홍성읍 충절로 924,,G21001 / 홍성읍,미방문,
금강철물공구,충청남도 금산군,철물점,,충청남도 금산군 복수면 복수로 103,,G21001 / 복수면,미방문,
문성철물점,충청남도 아산시,철물점,,충청남도 아산시 온천대로 1436-1,,G21001 / 온양2동,미방문,
우성공업사,충청남도 공주시,공구점,,충청남도 공주시 우성면 우성길 127,,S20301 / 우성면,미방문,
대운공업사,충청남도 공주시,공구점,,충청남도 공주시 우성면 공수원로 3-97,,S20301 / 우성면,미방문,
경성철물,충청남도 서산시,철물점,,충청남도 서산시 해미면 남문1로 27,,G21001 / 해미면,미방문,
도원금속건재,충청남도 천안시 동남구,건자재점,,충청남도 천안시 동남구 봉정로 5,,G21001 / 봉명동,미방문,
현대건재상회,충청남도 논산시,건자재점,,충청남도 논산시 양촌면 황산벌로 473,,G21001 / 양촌면,미방문,
대성철물건재상사,충청남도 태안군,건자재점,,충청남도 태안군 안면읍 장터로 99-16,,G21001 / 안면읍,미방문,
대우철물,충청남도 서산시,철물점,,충청남도 서산시 시장1로 6,,G21001 / 동문2동,미방문,
선진부분정비공업사,충청남도 서산시,공구점,,충청남도 서산시 고운로 317,,S20301 / 동문1동,미방문,
우림건재철물점,충청남도 예산군,건자재점,,충청남도 예산군 신양면 청신로 411,,G21001 / 신양면,미방문,
대성철물,충청남도 홍성군,철물점,,충청남도 홍성군 홍성읍 조양로 173,,G21001 / 홍성읍,미방문,
홍성철물,충청남도 홍성군,철물점,,충청남도 홍성군 홍성읍 의사로43번길 13,,G21001 / 홍성읍,미방문,
광천철물점,충청남도 청양군,철물점,,충청남도 청양군 화성면 장터길 9-1,,G21001 / 화성면,미방문,
현대오토공업사,충청남도 서산시,공구점,,충청남도 서산시 중앙로 198-3,,S20301 / 수석동,미방문,
하만농기구오토바이쎈타,충청남도 보령시,농자재점,,충청남도 보령시 천북면 홍보로 531,,S20699 / 천북면,미방문,
백산철물,충청남도 부여군,철물점,,충청남도 부여군 석성면 증산로 35,,G21001 / 석성면,미방문,
예당공구철물,충청남도 예산군,철물점,,충청남도 예산군 예산읍 충서로 812,,G21001 / 예산읍,미방문,
신관공업사,충청남도 공주시,공구점,,충청남도 공주시 신관로 20,,S20301 / 신관동,미방문,
가나철물건재,충청남도 당진시,건자재점,,충청남도 당진시 신평면 신평길 42,,G21001 / 신평면,미방문,
다수리철물,충청남도 논산시,철물점,,충청남도 논산시 시민로 358-1,,G21001 / 취암동,미방문,
보령철물점,충청남도 보령시,철물점,,충청남도 보령시 청소면 청소큰길 166,,G21001 / 청소면,미방문,
성림목재철물,충청남도 논산시,철물점,,충청남도 논산시 은진면 시민로 11,,G21001 / 은진면,미방문,
광시철물,충청남도 예산군,철물점,,충청남도 예산군 광시면 예당로 186,,G21001 / 광시면,미방문,
안면철물,충청남도 태안군,철물점,,충청남도 태안군 안면읍 밧개길 8,,G21001 / 안면읍,미방문,
태양공업사,충청남도 논산시,공구점,,충청남도 논산시 부창로37번길 21,,S20301 / 부창동,미방문,
정함카부분정비공업사,충청남도 서산시,공구점,,충청남도 서산시 대산읍 명지1로 235,,S20301 / 대산읍,미방문,
금강철물,충청남도 서천군,철물점,,충청남도 서천군 장항읍 장항로 109,,G21001 / 장항읍,미방문,
쌍용정비공업사,충청남도 당진시,공구점,,충청남도 당진시 남부로 21,,S20301 / 당진2동,미방문,
석문철물,충청남도 당진시,철물점,,충청남도 당진시 석문면 통정3안길 8-9,,G20701 / 석문면,미방문,
초원정비공업사,충청남도 부여군,공구점,,충청남도 부여군 부여읍 성왕로 290-3,,S20302 / 부여읍,미방문,
함북농자재,충청남도 논산시,농자재점,,충청남도 논산시 대화로 39,,G22199 / 부창동,미방문,
대림철물,충청남도 서산시,철물점,,충청남도 서산시 안견로 270,,G21001 / 동문2동,미방문,
형제공업사,충청남도 공주시,공구점,,충청남도 공주시 탄천면 통산로 212,,S20301 / 탄천면,미방문,
현대철물공구상사,충청남도 서산시,철물점,,충청남도 서산시 대산읍 구진로 79,,G21001 / 대산읍,미방문,
장기건설기계정비공업사,충청남도 태안군,공구점,,충청남도 태안군 태안읍 안면대로 101-24,,S20301 / 태안읍,미방문,
서산보링공업사,충청남도 서산시,공구점,,충청남도 서산시 수석산업로 21-8,,S20301 / 수석동,미방문,
광성공업사,충청남도 공주시,공구점,,충청남도 공주시 금성길 10,,S20699 / 웅진동,미방문,
그린카공업사,충청남도 서산시,공구점,,충청남도 서산시 문화로 14,,S20301 / 부춘동,미방문,
서울철물점,충청남도 아산시,철물점,,충청남도 아산시 선장면 선장로 105-1,,G21001 / 선장면,미방문,
장평철물건재,충청남도 청양군,건자재점,,충청남도 청양군 장평면 충의로 359,,G21001 / 장평면,미방문,
남호종합철물건재,충청남도 아산시,건자재점,,충청남도 아산시 음봉면 음봉로 307-5,,G21001 / 음봉면,미방문,
장평공업사,충청남도 청양군,공구점,,충청남도 청양군 장평면 닭우리고개길 46,,S20301 / 장평면,미방문,
삼거리철물,충청남도 홍성군,철물점,,충청남도 홍성군 갈산면 내포로 1662-1,,G21001 / 갈산면,미방문,
삼호건재,충청남도 보령시,건자재점,,충청남도 보령시 청소면 청소큰길 181,,G21001 / 청소면,미방문,
백마공업사,충청남도 서산시,공구점,,충청남도 서산시 지곡면 충의로 1585,,S20301 / 지곡면,미방문,
태승고려페인트철물,충청남도 천안시 동남구,건자재점,,충청남도 천안시 동남구 중앙로 205,,G21001 / 신안동,미방문,
현대카공업사,충청남도 계룡시,공구점,,충청남도 계룡시 엄사면 계룡대로 451,,S20301 / 엄사면,미방문,
동양철물상사,충청남도 서산시,철물점,,충청남도 서산시 시장1로 6,,G21001 / 동문2동,미방문,
직산철물,충청남도 천안시 서북구,철물점,,충청남도 천안시 서북구 입장면 입장시장3길 8-2,,G21001 / 입장면,미방문,
중앙철물상사,충청남도 공주시,철물점,,충청남도 공주시 유구읍 중앙2길 62,,G21001 / 유구읍,미방문,
형통보링중기공업사,충청남도 천안시 서북구,공구점,,충청남도 천안시 서북구 천일고2길 107-10,,S20301 / 부성1동,미방문,
상운철물종합상사,충청남도 공주시,철물점,,충청남도 공주시 용당길 29,,G21001 / 웅진동,미방문,
안심공업사,충청남도 논산시,공구점,,충청남도 논산시 연무읍 죽본길 113,,S20699 / 연무읍,미방문,
제일종합공구상사,충청남도 공주시,공구점,,충청남도 공주시 번영1로 30,,G21001 / 신관동,미방문,
동일철물건재종합상사,충청남도 천안시 동남구,건자재점,,충청남도 천안시 동남구 목천읍 동평3길 190,,G21001 / 목천읍,미방문,
황화정농자재,충청남도 논산시,농자재점,,충청남도 논산시 연무읍 득안대로 380-2,,G21001 / 연무읍,미방문,
태안농협농자재마트,충청남도 태안군,농자재점,,충청남도 태안군 태안읍 동문4길 10,,G22199 / 태안읍,미방문,
육일팔공업사,충청남도 당진시,공구점,,충청남도 당진시 대호만로 96,,S20301 / 당진2동,미방문,
우진종합건재상사,충청남도 보령시,건자재점,,충청남도 보령시 한내로 125,,G21001 / 대천4동,미방문,
KT철물마트,충청남도 공주시,철물점,,충청남도 공주시 반포면 동학사1로 131,,G21001 / 반포면,미방문,
전원철물점,충청남도 천안시 동남구,철물점,,충청남도 천안시 동남구 북면 위례성로 5,,G21001 / 북면,미방문,
제일카공업사,충청남도 당진시,공구점,,충청남도 당진시 면천면 순성로 5,,S20301 / 면천면,미방문,
결성부분정비공업사,충청남도 홍성군,공구점,,충청남도 홍성군 결성면 구성남로 41,,S20301 / 결성면,미방문,
영원공업사,충청남도 당진시,공구점,,충청남도 당진시 우강면 덕평로 598,,S20301 / 우강면,미방문,
금강공업사,충청남도 서천군,공구점,,충청남도 서천군 마서면 장서로 327-2,,S20301 / 마서면,미방문,
왕산철물보일러,충청남도 서천군,철물점,,충청남도 서천군 한산면 한산모시길 38,,G21001 / 한산면,미방문,
신라철물,충청남도 당진시,철물점,,충청남도 당진시 당진중앙3로 44,,G21001 / 당진1동,미방문,
상월철물,충청남도 논산시,철물점,,충청남도 논산시 상월면 백일헌로 1015,,G21001 / 상월면,미방문,
늘푸른공업사,충청남도 당진시,공구점,,충청남도 당진시 송악읍 부곡공단1길 10,,G20201 / 송악읍,미방문,
쌍용카공업사,충청남도 천안시 서북구,공구점,,충청남도 천안시 서북구 봉명로 9-1,,S20301 / 쌍용1동,미방문,
대령토탈카공업사,충청남도 부여군,공구점,,충청남도 부여군 규암면 계백로 72,,S20301 / 규암면,미방문,
석교철물건재상사,충청남도 천안시 동남구,건자재점,,충청남도 천안시 동남구 복자1길 14-1,,G21001 / 문성동,미방문,
서해종합기계.농자재,충청남도 태안군,농자재점,,충청남도 태안군 태안읍 평천길 3-14,,G21001 / 태안읍,미방문,
만물공구철물,충청남도 서천군,철물점,,충청남도 서천군 서천읍 서천로 173-2,,G21001 / 서천읍,미방문,
송림농기계공업사,충청남도 예산군,농자재점,,충청남도 예산군 대술면 차동로 1137,,S20301 / 대술면,미방문,
서울철물건재,충청남도 아산시,건자재점,,충청남도 아산시 탕정면 탕정면로 210,,G21001 / 탕정면,미방문,
신광철물,충청남도 태안군,철물점,,충청남도 태안군 안면읍 응지마을길 34,,G21001 / 안면읍,미방문,
명일공업사,충청남도 아산시,공구점,,충청남도 아산시 인주면 인주산단로 23-4,,S20301 / 인주면,미방문,
대진철물종합상사,충청남도 천안시 서북구,철물점,,충청남도 천안시 서북구 천안대로 1230,,G21001 / 부성1동,미방문,
준공업사,충청남도 아산시,공구점,,충청남도 아산시 배방읍 고불로 273,,G21099 / 배방읍,미방문,
보람철물,충청남도 서천군,철물점,,충청남도 서천군 한산면 한마로 74,,G21001 / 한산면,미방문,
국일철물,충청남도 예산군,철물점,,충청남도 예산군 응봉면 응봉로 160,,G21001 / 응봉면,미방문,
한국종합건재,충청남도 태안군,건자재점,,충청남도 태안군 태안읍 동백로 56,,G21001 / 태안읍,미방문,
가나안한약건재약업사,충청남도 당진시,건자재점,,충청남도 당진시 시장중앙길 84,,G22199 / 당진1동,미방문,
진영철물건재,충청남도 당진시,건자재점,,충청남도 당진시 정미면 충장로 7-8,,G21001 / 정미면,미방문,
대동철물,충청남도 부여군,철물점,,충청남도 부여군 부여읍 성왕로 182-1,,G21001 / 부여읍,미방문,
동광건재한약방,충청남도 부여군,건자재점,,충청남도 부여군 부여읍 부여로 9-24,,G20508 / 부여읍,미방문,
임천철물건재,충청남도 부여군,건자재점,,충청남도 부여군 임천면 성흥로 113-1,,G21001 / 임천면,미방문,
은혜철물,충청남도 홍성군,철물점,,충청남도 홍성군 광천읍 홍남로606번길 1,,G21001 / 광천읍,미방문,
문화철망철물,충청남도 천안시 동남구,철물점,,충청남도 천안시 동남구 목천읍 학수소사길 92,,G21001 / 목천읍,미방문,
형제철물,충청남도 천안시 서북구,철물점,,충청남도 천안시 서북구 입장면 입장시장3길 9-2,,G21001 / 입장면,미방문,
풍세철물,충청남도 천안시 동남구,철물점,,충청남도 천안시 동남구 풍세면 풍년길 49,,G21001 / 풍세면,미방문,
내포농자재,충청남도 예산군,농자재점,,충청남도 예산군 삽교읍 상성길 87,,G21001 / 삽교읍,미방문,
금성철물,충청남도 아산시,철물점,,충청남도 아산시 시민로393번길 7,,G21001 / 온양1동,미방문,
한국타이어명신공업사,충청남도 예산군,공구점,,충청남도 예산군 덕산면 수암산로 30,,S20301 / 덕산면,미방문,
진산건재약초,충청남도 금산군,건자재점,,충청남도 금산군 금산읍 인삼광장로 47,,G22199 / 금산읍,미방문,
신우종합건재상사,충청남도 청양군,건자재점,,충청남도 청양군 비봉면 충절로 1606-3,,G21099 / 비봉면,미방문,
일일구공업사,충청남도 예산군,공구점,,충청남도 예산군 신암면 오신로 837,,S20301 / 신암면,미방문,
고마워철물건재,충청남도 당진시,건자재점,,충청남도 당진시 석문면 대호만로 1760,,G21001 / 석문면,미방문,
신신철물안전용품,충청남도 계룡시,철물점,,충청남도 계룡시 계룡대로 239,,G21001 / 금암동,미방문,
연무철물,충청남도 논산시,철물점,,충청남도 논산시 연무읍 안심로 77,,G21001 / 연무읍,미방문,
만물종합철물건재,충청남도 천안시 서북구,건자재점,,충청남도 천안시 서북구 성정중3길 36,,G21001 / 성정2동,미방문,
제원철물,충청남도 금산군,철물점,,충청남도 금산군 제원면 제원로 16,,G21001 / 제원면,미방문,
동양철물,충청남도 예산군,철물점,,충청남도 예산군 예산읍 신례원로 222,,G21001 / 예산읍,미방문,
한일공업사,충청남도 금산군,공구점,,충청남도 금산군 금산읍 뒷담말2길 22,,S20301 / 금산읍,미방문,
한마당공업사,충청남도 서산시,공구점,,충청남도 서산시 대산읍 독곶1로 15,,S20301 / 대산읍,미방문,
중앙철물,충청남도 논산시,철물점,,충청남도 논산시 해월로143번길 32,,G21001 / 취암동,미방문,
성원철물,충청남도 논산시,철물점,,충청남도 논산시 연무읍 안심로 115,,S20699 / 연무읍,미방문,
남흥철물,충청남도 천안시 동남구,철물점,,충청남도 천안시 동남구 명동길 2,,G21001 / 중앙동,미방문,
현대공업사,충청남도 홍성군,공구점,,충청남도 홍성군 광천읍 광천로 185,,S20301 / 광천읍,미방문,
공구마트,충청남도 천안시 서북구,공구점,,충청남도 천안시 서북구 성거읍 망향로 705,,G21001 / 성거읍,미방문,
신세계공업사,충청남도 천안시 동남구,공구점,,충청남도 천안시 동남구 청당산업길 19-9,,S20301 / 청룡동,미방문,
결성철물,충청남도 홍성군,철물점,,충청남도 홍성군 결성면 구성남로 24,,G21001 / 결성면,미방문,
엘림농자재물류센타,충청남도 태안군,농자재점,,충청남도 태안군 태안읍 서해로 1995,,G21001 / 태안읍,미방문,
국도철물건재,충청남도 천안시 서북구,건자재점,,충청남도 천안시 서북구 성거읍 망향로 826,,G21001 / 성거읍,미방문,
한강철물,충청남도 아산시,철물점,,충청남도 아산시 배방읍 모산로 172,,G21001 / 배방읍,미방문,
금강철물,충청남도 당진시,철물점,,충청남도 당진시 송악읍 틀모시로 777,,G21001 / 송악읍,미방문,
광흥철물,충청남도 예산군,철물점,,충청남도 예산군 예산읍 형제고개로 955,,G21001 / 예산읍,미방문,
더트럭공업사,충청남도 아산시,공구점,,충청남도 아산시 둔포면 충무로 1368,,S20301 / 둔포면,미방문,
길성철물,충청남도 보령시,철물점,,충청남도 보령시 대천항로 332,,G21001 / 대천5동,미방문,
육교연탄철물,충청남도 천안시 서북구,철물점,,충청남도 천안시 서북구 성환읍 복모1길 22,,G21403 / 성환읍,미방문,
고향카공업사,충청남도 아산시,공구점,,충청남도 아산시 시민로 195,,S20301 / 온양5동,미방문,
생활철물,충청남도 아산시,철물점,,충청남도 아산시 온천대로 1124-8,,G21001 / 온양4동,미방문,
상록공업사,충청남도 태안군,공구점,,충청남도 태안군 안면읍 안면대로 3011,,S20301 / 안면읍,미방문,
신성건설기계공구,충청남도 천안시 동남구,공구점,,충청남도 천안시 동남구 목천읍 충절로 829,,G21001 / 목천읍,미방문,
현대철물,충청남도 홍성군,철물점,,충청남도 홍성군 서부면 서부로 534,,G21001 / 서부면,미방문,
낙원건재약업사,충청남도 금산군,건자재점,,충청남도 금산군 금산읍 인삼약초로 24,,G22199 / 금산읍,미방문,
대성보링공업사,충청남도 서산시,공구점,,충청남도 서산시 운암로 62,,S20301 / 수석동,미방문,
연무종합정비공업사,충청남도 논산시,공구점,,충청남도 논산시 연무읍 동안로 928,,S20301 / 연무읍,미방문,
고향건재철물점,충청남도 예산군,건자재점,,충청남도 예산군 삽교읍 두리4길 36,,G21001 / 삽교읍,미방문,
제일철물공구,충청남도 논산시,철물점,,충청남도 논산시 계백로 1068,,G21001 / 취암동,미방문,
대성철물,충청남도 보령시,철물점,,충청남도 보령시 주산면 충서로 407,,G21001 / 주산면,미방문,
황화철물,충청남도 논산시,철물점,,충청남도 논산시 연무읍 마봉로 6,,G21001 / 연무읍,미방문,
어송철물,충청남도 서산시,철물점,,충청남도 서산시 팔봉면 팔봉1로 12,,G21001 / 팔봉면,미방문,
신기전기철물,충청남도 공주시,철물점,,충청남도 공주시 계룡면 구부내로 878,,G21001 / 계룡면,미방문,
대한공업사,충청남도 천안시 서북구,공구점,,충청남도 천안시 서북구 두정역서3길 94,,S20301 / 부성1동,미방문,
대한철물.설비,충청남도 논산시,철물점,,충청남도 논산시 강경읍 계백로147번길 12-18,,G21001 / 강경읍,미방문,
배방공업사,충청남도 아산시,공구점,,충청남도 아산시 배방읍 모산로 17,,S20301 / 배방읍,미방문,
연무건재사,충청남도 논산시,건자재점,,충청남도 논산시 연무읍 안심로 177,,G21099 / 연무읍,미방문,
부여농자재,충청남도 부여군,농자재점,,충청남도 부여군 부여읍 성왕로 172,,G22199 / 부여읍,미방문,
대형공업사,충청남도 당진시,공구점,,충청남도 당진시 송악읍 정곡로 632,,S20301 / 송악읍,미방문,
청일건재,충청남도 천안시 서북구,건자재점,,충청남도 천안시 서북구 성환읍 연암율금로 377,,G21099 / 성환읍,미방문,
용상카부분정비공업사,충청남도 홍성군,공구점,,충청남도 홍성군 홍성읍 도청대로96번길 5,,S20301 / 홍성읍,미방문,
금성종합건재,충청남도 아산시,건자재점,,충청남도 아산시 삼동로 23-1,,G21001 / 온양1동,미방문,
대덕공업사,충청남도 아산시,공구점,,충청남도 아산시 외암로 1356,,S20301 / 온양6동,미방문,
한성공업사,충청남도 공주시,공구점,,충청남도 공주시 반포면 송곡로 270,,S20301 / 반포면,미방문,
청양중기공업사,충청남도 청양군,공구점,,충청남도 청양군 청양읍 구봉로 1159-43,,G21001 / 청양읍,미방문,
대산공업사,충청남도 서산시,공구점,,충청남도 서산시 대산읍 평신1로 3-9,,S20301 / 대산읍,미방문,
대전철물,충청남도 금산군,철물점,,충청남도 금산군 금산읍 금산천1길 79-1,,G21001 / 금산읍,미방문,
충남카공업사,충청남도 공주시,공구점,,충청남도 공주시 계룡면 영규대사로 99,,S20301 / 계룡면,미방문,
응봉철물,충청남도 예산군,철물점,,충청남도 예산군 응봉면 응봉로 168,,G21001 / 응봉면,미방문,
현대건재북리태양광발전소,충청남도 예산군,건자재점,,충청남도 예산군 덕산면 덕산온천로 380,,G21001 / 덕산면,미방문,
금강농자재,충청남도 부여군,농자재점,,충청남도 부여군 규암면 흥수로 550,,G22199 / 규암면,미방문,
성일공업사,충청남도 논산시,공구점,,충청남도 논산시 강경읍 옥녀봉로19번길 30-25,,G21001 / 강경읍,미방문,
대영철물건재,충청남도 부여군,건자재점,,충청남도 부여군 홍산면 홍산시장로 18,,G21001 / 홍산면,미방문,
경희건재약업사,충청남도 금산군,건자재점,,충청남도 금산군 금산읍 인삼약초로 22,,G22199 / 금산읍,미방문,
춘풍농자재산업,충청남도 논산시,농자재점,,충청남도 논산시 노성면 노성로 638,,G22199 / 노성면,미방문,
천안&용인특장공업사,충청남도 천안시 서북구,공구점,,충청남도 천안시 서북구 천일고2길 87,,S20301 / 부성1동,미방문,
금학공업사,충청남도 공주시,공구점,,충청남도 공주시 우금티로 479,,S20301 / 금학동,미방문,
금강종합철물건재,충청남도 논산시,건자재점,,충청남도 논산시 관촉로 274-1,,G21001 / 취암동,미방문,
신성농자재,충청남도 금산군,농자재점,,충청남도 금산군 추부면 서대산로 214,,G21001 / 추부면,미방문,
영진철물건재,충청남도 홍성군,건자재점,,충청남도 홍성군 광천읍 홍남로 617,,G21001 / 광천읍,미방문,
선두농자재,충청남도 아산시,농자재점,,충청남도 아산시 영인면 영인로 337,,G21001 / 영인면,미방문,
정성철물농자재,충청남도 논산시,농자재점,,충청남도 논산시 광석면 광석로 119,,G21001 / 광석면,미방문,
영신생활철물,충청남도 금산군,철물점,,충청남도 금산군 금산읍 만자동1길 3,,G21001 / 금산읍,미방문,
계룡철물,충청남도 계룡시,철물점,,충청남도 계룡시 금암로 166,,G21001 / 금암동,미방문,
삼거리철물,충청남도 천안시 동남구,철물점,,충청남도 천안시 동남구 충절로 258,,G21001 / 청룡동,미방문,
보령철물,충청남도 천안시 동남구,철물점,,충청남도 천안시 동남구 풍세로 913,,G21001 / 일봉동,미방문,
동일천막공업사,충청남도 공주시,공구점,,충청남도 공주시 국고개길 53-1,,G20906 / 중학동,미방문,
일흥공업사,충청남도 당진시,공구점,,충청남도 당진시 우강면 덕평로 669-3,,S20301 / 우강면,미방문,
농기구수리,충청남도 당진시,농자재점,,충청남도 당진시 송산면 송산로 831-2,,S20699 / 송산면,미방문,
신양철물건재중기,충청남도 예산군,건자재점,,충청남도 예산군 신양면 청신로 352,,G21001 / 신양면,미방문,
태안철물,충청남도 태안군,철물점,,충청남도 태안군 태안읍 동백로 401-29,,G21001 / 태안읍,미방문,
현대종합카정비공업사,충청남도 당진시,공구점,,충청남도 당진시 합덕읍 미락1길 31,,S20301 / 합덕읍,미방문,
웅천농자재마트,충청남도 보령시,농자재점,,충청남도 보령시 웅천읍 장터중앙길 150,,G22199 / 웅천읍,미방문,
중앙철물,충청남도 당진시,철물점,,충청남도 당진시 신평면 신평로 804,,G21001 / 신평면,미방문,
설악철물,충청남도 당진시,철물점,,충청남도 당진시 서부로 83,,G21001 / 당진2동,미방문,
월촌공업사,충청남도 태안군,공구점,,충청남도 태안군 소원면 행금길 89-1,,S20699 / 소원면,미방문,
효성건재,충청남도 보령시,건자재점,,충청남도 보령시 웅천읍 장터중앙길 190,,G21099 / 웅천읍,미방문,
화성철물,충청남도 청양군,철물점,,충청남도 청양군 화성면 장터길 2,,G21001 / 화성면,미방문,
천일건재약업사,충청남도 금산군,건자재점,,충청남도 금산군 금산읍 약초로 50,,G22199 / 금산읍,미방문,
명창철물건재,충청남도 당진시,건자재점,,충청남도 당진시 교동길 53,,G21001 / 당진1동,미방문,
구항농자재,충청남도 홍성군,농자재점,,충청남도 홍성군 구항면 구성남로 825,,G21001 / 구항면,미방문,
충대농자재,충청남도 천안시 동남구,농자재점,,충청남도 천안시 동남구 병천면 병천2로 34-5,,G20502 / 병천면,미방문,
영우철물건재,충청남도 금산군,건자재점,,충청남도 금산군 금산읍 비호로 104,,G21001 / 금산읍,미방문,
삼일공업사,충청남도 천안시 서북구,공구점,,충청남도 천안시 서북구 수레터1길 23,,S20301 / 부성2동,미방문,
현대공업사,충청남도 논산시,공구점,,충청남도 논산시 강경읍 계백로147번길 12-9,,S20699 / 강경읍,미방문,
화신건재,충청남도 당진시,건자재점,,충청남도 당진시 합덕읍 덕평로 568-10,,G21001 / 합덕읍,미방문,
동서건축철물,충청남도 예산군,철물점,,충청남도 예산군 대흥면 예당로 897,,G21001 / 대흥면,미방문,
대림철물,충청남도 당진시,철물점,,충청남도 당진시 송악읍 송악로 33,,G21001 / 송악읍,미방문,
신용철물,충청남도 당진시,철물점,,충청남도 당진시 송산면 서정6길 14-13,,G21001 / 송산면,미방문,
중앙철물,충청남도 천안시 동남구,철물점,,충청남도 천안시 동남구 병천면 아우내장터1길 4,,G21001 / 병천면,미방문,
이화타일건재,충청남도 당진시,건자재점,,충청남도 당진시 아미로 776,,G21003 / 당진2동,미방문,
범룡철물,충청남도 서천군,철물점,,충청남도 서천군 판교면 대백제로 1956,,G21001 / 판교면,미방문,
대광철물상사,충청남도 계룡시,철물점,,충청남도 계룡시 엄사면 엄사중앙로 5,,G21001 / 엄사면,미방문,
예산일등농자재,충청남도 예산군,농자재점,,충청남도 예산군 예산읍 예산로 218,,G22199 / 예산읍,미방문,
희성농자재,충청남도 태안군,농자재점,,충청남도 태안군 태안읍 오얏길 171-7,,G21001 / 태안읍,미방문,
건재공인중개사사무소,충청남도 청양군,건자재점,,충청남도 청양군 청양읍 칠갑산로 266-1,,L10203 / 청양읍,미방문,
대상건축자재,충청남도 아산시,건자재점,,충청남도 아산시 음봉면 음봉로 505-9,,G21001 / 음봉면,미방문,
태안온실농자재,충청남도 태안군,농자재점,,충청남도 태안군 태안읍 상옥2길 61,,G21001 / 태안읍,미방문,
대명철물,충청남도 천안시 서북구,철물점,,충청남도 천안시 서북구 직산읍 부송1길 8,,G21001 / 직산읍,미방문,
마스타공업사,충청남도 청양군,공구점,,충청남도 청양군 화성면 죽성로 1166,,S20699 / 화성면,미방문,
건우네철물점,충청남도 논산시,철물점,,충청남도 논산시 연무읍 왕릉로108번길 30,,G21001 / 연무읍,미방문,
대산항공업사,충청남도 서산시,공구점,,충청남도 서산시 대산읍 충의로 2658,,S20699 / 대산읍,미방문,
형제농자재,충청남도 서천군,농자재점,,충청남도 서천군 기산면 충절로667번길 72-10,,G21001 / 기산면,미방문,
한성공업사,충청남도 서천군,공구점,,충청남도 서천군 한산면 충절로 1158,,S20301 / 한산면,미방문,
현대기성철물,충청남도 논산시,철물점,,충청남도 논산시 해월로 106,,G21001 / 부창동,미방문,
대성철물,충청남도 태안군,철물점,,충청남도 태안군 안면읍 장터로 129,,G21001 / 안면읍,미방문,
종합건재,충청남도 홍성군,건자재점,,충청남도 홍성군 서부면 이호길 69,,G21001 / 서부면,미방문,
서울카공업사,충청남도 당진시,공구점,,충청남도 당진시 합덕읍 운산로 60,,S20301 / 합덕읍,미방문,
대흥농기구농기계종합상사,충청남도 금산군,농자재점,,충청남도 금산군 금산읍 인삼로 174,,G21001 / 금산읍,미방문,
서해카공업사,충청남도 홍성군,공구점,,충청남도 홍성군 홍성읍 백월로 20,,S20301 / 홍성읍,미방문,
수신건재,충청남도 천안시 동남구,건자재점,,충청남도 천안시 동남구 수신면 속창1길 3-6,,G21001 / 수신면,미방문,
서울보링공업사,충청남도 천안시 서북구,공구점,,충청남도 천안시 서북구 두정공원2길 43-8,,S20301 / 부성1동,미방문,
금강농자재,충청남도 예산군,농자재점,,충청남도 예산군 삽교읍 충의로 269,,G21901 / 삽교읍,미방문,
임천철물점,충청남도 부여군,철물점,,충청남도 부여군 부여읍 성왕로173번길 12,,G21001 / 부여읍,미방문,
와이에스철물,충청남도 예산군,철물점,,충청남도 예산군 예산읍 주교로26번길 20-1,,G21099 / 예산읍,미방문,
한국농자재산업,충청남도 청양군,농자재점,,충청남도 청양군 목면 칠갑산로 2195-3,,G21001 / 목면,미방문,
현대철물,충청남도 공주시,철물점,,충청남도 공주시 번영1로 41,,G21001 / 신관동,미방문,
대한철물상사,충청남도 논산시,철물점,,충청남도 논산시 중앙로 504,,G21001 / 부창동,미방문,
팔팔철물점,충청남도 논산시,철물점,,충청남도 논산시 연무읍 안심로 78-2,,G21001 / 연무읍,미방문,
승리농기구,충청남도 공주시,농자재점,,충청남도 공주시 심산길 166,,G21001 / 신관동,미방문,
열린철물,충청남도 천안시 동남구,철물점,,충청남도 천안시 동남구 대흥로 107,,G21001 / 중앙동,미방문,
알엠바이오농자재,충청남도 논산시,농자재점,,충청남도 논산시 연무읍 황화로285번길 10-6,,G21001 / 연무읍,미방문,
다인철물,충청남도 홍성군,철물점,,충청남도 홍성군 홍성읍 충서로1707번길 17,,G21001 / 홍성읍,미방문,
강쌤철물점,충청남도 홍성군,철물점,,충청남도 홍성군 홍성읍 월산로50번길 19,,S20699 / 홍성읍,미방문,
고덕건재,충청남도 예산군,건자재점,,충청남도 예산군 고덕면 황금뜰로 245,,G21001 / 고덕면,미방문,
경인철물,충청남도 부여군,철물점,,충청남도 부여군 홍산면 홍산시장로 45-8,,G21001 / 홍산면,미방문,
한국건재약업사,충청남도 금산군,건자재점,,충청남도 금산군 금산읍 인삼약초로 25,,G22199 / 금산읍,미방문,
가나열쇠철물,충청남도 논산시,철물점,,충청남도 논산시 중앙로 394,,G21001 / 취암동,미방문,
삼봉철물건재,충청남도 당진시,건자재점,,충청남도 당진시 석문면 대호로 1560,,G21001 / 석문면,미방문,
시온철물점,충청남도 서천군,철물점,,충청남도 서천군 서천읍 충절로 42,,G21001 / 서천읍,미방문,
유구종합철재건재,충청남도 공주시,건자재점,,충청남도 공주시 유구읍 중앙2길 46,,G21001 / 유구읍,미방문,
계백철물공구,충청남도 논산시,철물점,,충청남도 논산시 연산면 계백로 2561,,G21001 / 연산면,미방문,
남관리철물점,충청남도 천안시 동남구,철물점,,충청남도 천안시 동남구 풍세면 풍세로 458,,G21001 / 풍세면,미방문,
대원철물건재,충청남도 천안시 서북구,건자재점,,충청남도 천안시 서북구 봉정로 87,,G21001 / 성정1동,미방문,
한국공업사,충청남도 예산군,공구점,,충청남도 예산군 응봉면 충서로 235,,S20301 / 응봉면,미방문,
부흥철물,충청남도 태안군,철물점,,충청남도 태안군 고남면 안면대로 4236-1,,G21001 / 고남면,미방문,
오가철물,충청남도 예산군,철물점,,충청남도 예산군 예산읍 예산로 8,,G21001 / 예산읍,미방문,
한솔종합철물,충청남도 공주시,철물점,,충청남도 공주시 사곡면 마곡사로 63,,G21001 / 사곡면,미방문,
종합농기구부속센타,충청남도 부여군,농자재점,,충청남도 부여군 부여읍 성왕로 177-1,,G21001 / 부여읍,미방문,
연포철물점,충청남도 태안군,철물점,,충청남도 태안군 태안읍 시장1길 34,,G21001 / 태안읍,미방문,
한승철물,충청남도 홍성군,철물점,,충청남도 홍성군 홍성읍 의사로43번길 13,,G21001 / 홍성읍,미방문,
부농공구상사,충청남도 당진시,공구점,,충청남도 당진시 석문면 대호만로 2256-15,,G21001 / 석문면,미방문,
청양종합철물,충청남도 청양군,철물점,,충청남도 청양군 청양읍 문화예술로 64-1,,G21001 / 청양읍,미방문,
수철종합철물,충청남도 예산군,철물점,,충청남도 예산군 예산읍 수철길 509,,G21001 / 예산읍,미방문,
중앙건재,충청남도 서산시,건자재점,,충청남도 서산시 운산면 운암로 1074,,G21099 / 운산면,미방문,
대진철물점,충청남도 서천군,철물점,,충청남도 서천군 서천읍 충절로 42,,G21001 / 서천읍,미방문,
홍산농자재,충청남도 부여군,농자재점,,충청남도 부여군 홍산면 홍산시장로 37,,G21001 / 홍산면,미방문,
성환공업사주,충청남도 천안시 서북구,공구점,,충청남도 천안시 서북구 성환읍 연암율금로 435-41,,S20301 / 성환읍,미방문,
창녕공업사,충청남도 홍성군,공구점,,충청남도 홍성군 홍성읍 내포로293번길 31,,S20301 / 홍성읍,미방문,
한양건재철물,충청남도 당진시,건자재점,,충청남도 당진시 순성면 순성로 530,,G21001 / 순성면,미방문,
수촌종합건재,충청남도 공주시,건자재점,,충청남도 공주시 의당면 의당길 21-1,,G21001 / 의당면,미방문,
동양공구철물,충청남도 예산군,철물점,,충청남도 예산군 삽교읍 삽교로 64-1,,G21001 / 삽교읍,미방문,
종합농기구,충청남도 아산시,농자재점,,충청남도 아산시 송악면 역촌길6번길 8,,S20699 / 송악면,미방문,
홍성철물,충청남도 태안군,철물점,,충청남도 태안군 태안읍 중앙로 98,,G21001 / 태안읍,미방문,
건안철물,충청남도 당진시,철물점,,충청남도 당진시 고대면 당미로 478-30,,G21099 / 고대면,미방문,
도산농자재미니슈퍼,충청남도 논산시,농자재점,,충청남도 논산시 벌곡면 수락로 7,,G22199 / 벌곡면,미방문,
대영철물,충청남도 서산시,철물점,,충청남도 서산시 부석면 취평2길 10-1,,G21001 / 부석면,미방문,
엠철물,충청남도 금산군,철물점,,충청남도 금산군 진산면 복수로 6,,G21001 / 진산면,미방문,
대호금산공업사,충청남도 금산군,공구점,,충청남도 금산군 제원면 인삼로 424,,S20301 / 제원면,미방문,
다있슈철물농자재,충청남도 예산군,농자재점,,충청남도 예산군 신암면 추사로 162,,G21001 / 신암면,미방문,
육일종합철물건재,충청남도 금산군,건자재점,,충청남도 금산군 진산면 대둔산로 387,,G21001 / 진산면,미방문,
백마종합철물,충청남도 아산시,철물점,,충청남도 아산시 배방읍 용연로 84-7,,G21001 / 배방읍,미방문,
호남건재약업사,충청남도 금산군,건자재점,,충청남도 금산군 금산읍 비단로 148,,G22199 / 금산읍,미방문,
도산농기구수리센타,충청남도 아산시,농자재점,,충청남도 아산시 도고면 도고산로316번길 34,,S20601 / 도고면,미방문,
풍년철물,충청남도 태안군,철물점,,충청남도 태안군 태안읍 시장5길 33,,G21001 / 태안읍,미방문,
해성공업사,충청북도 충주시,공구점,,충청북도 충주시 달신5길 3,,S20301 / 달천동,미방문,
천안철물,충청북도 청주시 청원구,철물점,,충청북도 청주시 청원구 오창읍 팔결로 685,,G21001 / 오창읍,미방문,
삼일건재종합상사,충청북도 음성군,건자재점,,충청북도 음성군 금왕읍 금일로 22,,G21001 / 금왕읍,미방문,
옥산중기공업사,충청북도 청주시 흥덕구,공구점,,충청북도 청주시 흥덕구 옥산면 오송가락로 730,,S20301 / 옥산면,미방문,
부강철물,충청북도 청주시 상당구,철물점,,충청북도 청주시 상당구 무심동로292번길 14,,G21001 / 성안동,미방문,
신진철물,충청북도 청주시 상당구,철물점,,충청북도 청주시 상당구 남사로102번길 71,,G21001 / 성안동,미방문,
강철철물,충청북도 청주시 상당구,철물점,,충청북도 청주시 상당구 무농정로31번길 2,,G21001 / 용암2동,미방문,
광덕철물,충청북도 제천시,철물점,,충청북도 제천시 청풍호로 40,,G21001 / 영서동,미방문,
봉양공업사,충청북도 제천시,공구점,,충청북도 제천시 봉양읍 제원로 197,,S20301 / 봉양읍,미방문,
１급세기공업사,충청북도 증평군,공구점,,충청북도 증평군 증평읍 증안길 20,,S20301 / 증평읍,미방문,
경동건재,충청북도 음성군,건자재점,,충청북도 음성군 맹동면 덕금로 416-1,,G21001 / 맹동면,미방문,
선동철물,충청북도 충주시,철물점,,충청북도 충주시 중앙로 136,,G21001 / 성내.충인동,미방문,
성원공업사타이어,충청북도 제천시,공구점,,충청북도 제천시 북부로 2303,,S20301 / 화산동,미방문,
대성건재,충청북도 음성군,건자재점,,충청북도 음성군 감곡면 장감로 217-10,,G21001 / 감곡면,미방문,
지구철물건재,충청북도 청주시 청원구,건자재점,,충청북도 청주시 청원구 오창읍 공항로 1020,,G21001 / 오창읍,미방문,
광신철물,충청북도 청주시 흥덕구,철물점,,충청북도 청주시 흥덕구 봉명로 123,,G21001 / 봉명1동,미방문,
대동개발.철물,충청북도 충주시,철물점,,충청북도 충주시 교동17길 7-12,,G21001 / 교현.안림동,미방문,
혁신종합건재,충청북도 음성군,건자재점,,충청북도 음성군 맹동면 용두1길 8,,G21099 / 맹동면,미방문,
대흥공업사;대흥사료,충청북도 청주시 상당구,공구점,,충청북도 청주시 상당구 영운로 132-1,,G22001 / 성안동,미방문,
수양공업사,충청북도 제천시,공구점,,충청북도 제천시 제천북로 934,,S20301 / 의림지동,미방문,
서울공업사,충청북도 음성군,공구점,,충청북도 음성군 삼성면 덕정로 29-39,,S20699 / 삼성면,미방문,
선진철물건재,충청북도 청주시 서원구,건자재점,,충청북도 청주시 서원구 대림로 420,,G21001 / 성화.개신.죽림동,미방문,
삼형제공업사,충청북도 충주시,공구점,,충청북도 충주시 동량면 대미길 36,,S20301 / 동량면,미방문,
행복철물집수리,충청북도 청주시 흥덕구,철물점,,충청북도 청주시 흥덕구 신율로 82,,G21001 / 복대2동,미방문,
연재철물공구마트,충청북도 청주시 흥덕구,철물점,,충청북도 청주시 흥덕구 옥산면 오산가좌로 386,,G20404 / 옥산면,미방문,
스마트공업사,충청북도 충주시,공구점,,충청북도 충주시 산척면 북부로 3002,,S20301 / 산척면,미방문,
충북보링공업사,충청북도 청주시 흥덕구,공구점,,충청북도 청주시 흥덕구 신전로 45,,S20301 / 강서1동,미방문,
신성공업사주,충청북도 청주시 서원구,공구점,,충청북도 청주시 서원구 남이면 청남로 1827-11,,S20301 / 남이면,미방문,
명성전기철물,충청북도 증평군,철물점,,충청북도 증평군 증평읍 초중2길 30,,G21001 / 증평읍,미방문,
윤아의철물상점,충청북도 청주시 흥덕구,철물점,,충청북도 청주시 흥덕구 죽천로89번길 13,,G21001 / 복대1동,미방문,
삼원철물,충청북도 청주시 서원구,철물점,,충청북도 청주시 서원구 내수동로 148,,G21001 / 사창동,미방문,
벽산건재배관,충청북도 청주시 서원구,건자재점,,충청북도 청주시 서원구 수곡로4번길 1,,G21001 / 산남동,미방문,
우리바른정비공업사,충청북도 청주시 흥덕구,공구점,,충청북도 청주시 흥덕구 덕암로29번길 24,,S20301 / 봉명2.송정동,미방문,
우연종합철물공구건재,충청북도 청주시 상당구,건자재점,,충청북도 청주시 상당구 영운천로 169,,G21001 / 용암1동,미방문,
대화전기·철물,충청북도 청주시 서원구,철물점,,충청북도 청주시 서원구 두꺼비로 62,,G21001 / 산남동,미방문,
동문카공업사,충청북도 청주시 상당구,공구점,,충청북도 청주시 상당구 가덕면 단재로 1615,,S20301 / 가덕면,미방문,
태광철물,충청북도 충주시,철물점,,충청북도 충주시 대가미7길 21,,G21001 / 칠금.금릉동,미방문,
진천중앙카공업사,충청북도 진천군,공구점,,충청북도 진천군 진천읍 중앙동로 149,,S20301 / 진천읍,미방문,
동양S카부분정비공업사,충청북도 청주시 흥덕구,공구점,,충청북도 청주시 흥덕구 월명로35번길 102,,S20301 / 복대1동,미방문,
우진카부분정비공업사,충청북도 청주시 상당구,공구점,,충청북도 청주시 상당구 단재로 439-43,,S20301 / 용암2동,미방문,
영진공업사,충청북도 청주시 청원구,공구점,,충청북도 청주시 청원구 내수읍 구성새동네길 93,,S20301 / 내수읍,미방문,
대호종합철물,충청북도 증평군,철물점,,충청북도 증평군 도안면 화성로 73,,G21001 / 도안면,미방문,
대전유리공업사,충청북도 청주시 상당구,공구점,,충청북도 청주시 상당구 미원면 미원초정로 1,,G21202 / 미원면,미방문,
하나전기조명철물,충청북도 청주시 상당구,건자재점,,충청북도 청주시 상당구 중고개로215번길 16,,G21201 / 용암1동,미방문,
덕산철물,충청북도 진천군,철물점,,충청북도 진천군 덕산읍 초금로 737,,G21001 / 덕산읍,미방문,
회인철물이불,충청북도 보은군,철물점,,충청북도 보은군 회인면 회인로2길 5-3,,G21001 / 회인면,미방문,
풍년농자재,충청북도 진천군,농자재점,,충청북도 진천군 덕산읍 초금로 744-12,,G21001 / 덕산읍,미방문,
성우철물건재상사,충청북도 청주시 상당구,건자재점,,충청북도 청주시 상당구 대성로 203-1,,G21001 / 중앙동,미방문,
풍년종합건재철물,충청북도 충주시,건자재점,,충청북도 충주시 노은면 연하중앙길 44,,G21001 / 노은면,미방문,
1급뉴충북공업사,충청북도 청주시 흥덕구,공구점,,충청북도 청주시 흥덕구 직지대로 212-1,,S20301 / 강서1동,미방문,
대륙종합건재상사,충청북도 청주시 흥덕구,건자재점,,충청북도 청주시 흥덕구 오송읍 봉산2길 31-1,,G21001 / 오송읍,미방문,
신송종합철물,충청북도 청주시 상당구,철물점,,충청북도 청주시 상당구 남일면 단재로 720,,G21001 / 남일면,미방문,
동창철물,충청북도 옥천군,철물점,,충청북도 옥천군 안남면 연주길 27-2,,G21001 / 안남면,미방문,
단양공업사,충청북도 단양군,공구점,,충청북도 단양군 매포읍 단양로 2087,,S20301 / 매포읍,미방문,
호반설비철물,충청북도 청주시 흥덕구,철물점,,충청북도 청주시 흥덕구 과상미로9번길 105,,G21001 / 봉명2.송정동,미방문,
삼거리공업사,충청북도 청주시 흥덕구,공구점,,충청북도 청주시 흥덕구 오송읍 오송가락로 422,,S20301 / 오송읍,미방문,
대광농약농자재마트,충청북도 단양군,농자재점,,충청북도 단양군 대강면 대강로 43,,G22199 / 대강면,미방문,
중앙설비철물,충청북도 청주시 흥덕구,철물점,,충청북도 청주시 흥덕구 봉명로228번길 36,,G21001 / 봉명1동,미방문,
금천공업사,충청북도 충주시,공구점,,충청북도 충주시 탄금대로 202-1,,G20201 / 칠금.금릉동,미방문,
동부친환경농자재,충청북도 충주시,농자재점,,충청북도 충주시 금가면 금가중앙2길 91-14,,G21001 / 금가면,미방문,
협신공업사,충청북도 제천시,공구점,,충청북도 제천시 단양로 3143,,S20301 / 신백동,미방문,
청천종합철물건재,충청북도 청주시 상당구,건자재점,,충청북도 청주시 상당구 단재로 158,,G21001 / 영운동,미방문,
음성청운농자재,충청북도 음성군,농자재점,,충청북도 음성군 삼성면 대금로 735,,G21001 / 삼성면,미방문,
백운철물건재,충청북도 제천시,건자재점,,충청북도 제천시 백운면 천등박달로 1309,,G21001 / 백운면,미방문,
금성철물,충청북도 진천군,철물점,,충청북도 진천군 진천읍 원덕로 390,,G21001 / 진천읍,미방문,
대민철물,충청북도 충주시,철물점,,충청북도 충주시 예성로 102,,G21001 / 용산동,미방문,
입상철물,충청북도 청주시 청원구,철물점,,충청북도 청주시 청원구 직지대로 848,,G21001 / 우암동,미방문,
복대철물,충청북도 청주시 흥덕구,철물점,,충청북도 청주시 흥덕구 2순환로 1289-7,,G21001 / 가경동,미방문,
현대기계공업사,충청북도 괴산군,공구점,,충청북도 괴산군 불정면 목도로1길 22,,S20301 / 불정면,미방문,
문화전기철물,충청북도 음성군,철물점,,충청북도 음성군 대소면 대금로 64,,G21001 / 대소면,미방문,
유일카공업사,충청북도 음성군,공구점,,충청북도 음성군 감곡면 음성로 2476,,S20301 / 감곡면,미방문,
가나공업사,충청북도 청주시 서원구,공구점,,충청북도 청주시 서원구 남이면 석실5길 48-1,,S20301 / 남이면,미방문,
경재카부분정비공업사,충청북도 청주시 흥덕구,공구점,,충청북도 청주시 흥덕구 월명로60번길 74,,S20301 / 봉명1동,미방문,
인초당건재도매한약，장생건강원,충청북도 청주시 청원구,건자재점,,충청북도 청주시 청원구 우암로 87,,G20508 / 내덕1동,미방문,
안림철물,충청북도 충주시,철물점,,충청북도 충주시 사직로 307,,G21001 / 교현.안림동,미방문,
대전공업사,충청북도 영동군,공구점,,충청북도 영동군 영동읍 영산로 91,,S20301 / 영동읍,미방문,
광신종합건재,충청북도 음성군,건자재점,,충청북도 음성군 금왕읍 무극로 199,,G21099 / 금왕읍,미방문,
대신철물,충청북도 충주시,철물점,,충청북도 충주시 탄금대로 23,,G20701 / 문화동,미방문,
대우철물,충청북도 충주시,철물점,,충청북도 충주시 중앙로 34,,G21001 / 문화동,미방문,
한빛조명철물/고쳐줘홈즈,충청북도 청주시 청원구,건자재점,,충청북도 청주시 청원구 안덕벌로 33-1,,G21201 / 내덕2동,미방문,
삼보전기철물,충청북도 청주시 서원구,철물점,,충청북도 청주시 서원구 천석로8번길 1,,G21001 / 사창동,미방문,
화랑３급공업사,충청북도 진천군,공구점,,충청북도 진천군 진천읍 문덕1길 6,,S20301 / 진천읍,미방문,
신우철물편의점,충청북도 청주시 서원구,철물점,,충청북도 청주시 서원구 궁뜰로 17,,G20404 / 분평동,미방문,
용산종합건재,충청북도 영동군,건자재점,,충청북도 영동군 용산면 용산로 361,,G21099 / 용산면,미방문,
희망카랜드정비공업사,충청북도 충주시,공구점,,충청북도 충주시 천변로 299-2,,S20301 / 교현.안림동,미방문,
중앙카부분정비공업사,충청북도 청주시 청원구,공구점,,충청북도 청주시 청원구 율봉로167번길 65-8,,S20301 / 율량.사천동,미방문,
현대공구건재,충청북도 음성군,공구점,,충청북도 음성군 삼성면 대성로 595,,G21001 / 삼성면,미방문,
팔팔종합철물.공구,충청북도 옥천군,철물점,,충청북도 옥천군 옥천읍 옥천로 1674,,G21001 / 옥천읍,미방문,
성심카부분정비공업사,충청북도 청주시 청원구,공구점,,충청북도 청주시 청원구 1순환로 272,,S20301 / 내덕1동,미방문,
대창철물,충청북도 청주시 청원구,철물점,,충청북도 청주시 청원구 안덕벌로 33,,G21001 / 내덕2동,미방문,
진천팜농자재마트,충청북도 진천군,농자재점,,충청북도 진천군 진천읍 성중로 4,,G22199 / 진천읍,미방문,
은혜종합철물,충청북도 충주시,철물점,,충청북도 충주시 동량면 조동1길 67,,G21001 / 동량면,미방문,
대신철물안전,충청북도 청주시 흥덕구,철물점,,충청북도 청주시 흥덕구 월명로 180,,G21001 / 봉명2.송정동,미방문,
태광중기공업사,충청북도 단양군,공구점,,충청북도 단양군 단양읍 단양로 954,,S20301 / 단양읍,미방문,
청주철물건재,충청북도 청주시 청원구,건자재점,,충청북도 청주시 청원구 사북로 141,,G21001 / 우암동,미방문,
동신철물,충청북도 보은군,철물점,,충청북도 보은군 보은읍 보은로 87,,G21001 / 보은읍,미방문,
상신건재상회,충청북도 괴산군,건자재점,,충청북도 괴산군 청천면 청천2길 18,,G21001 / 청천면,미방문,
동양철물장식,충청북도 청주시 상당구,철물점,,충청북도 청주시 상당구 남사로84번길 46,,G21001 / 성안동,미방문,
대성３급부분정비공업사,충청북도 청주시 흥덕구,공구점,,충청북도 청주시 흥덕구 강내면 태성탑연로 370,,S20301 / 강내면,미방문,
한국건재철물,충청북도 청주시 상당구,건자재점,,충청북도 청주시 상당구 낭성면 단재로 1774,,G21001 / 낭성면,미방문,
진양공업사,충청북도 제천시,공구점,,충청북도 제천시 내토로57길 12,,S20301 / 교동,미방문,
대동철물,충청북도 제천시,철물점,,충청북도 제천시 풍양로 108,,G21001 / 중앙동,미방문,
원터치카공업사,충청북도 청주시 상당구,공구점,,충청북도 청주시 상당구 남일면 단재로 490,,S20301 / 남일면,미방문,
형제종합공구상사,충청북도 음성군,공구점,,충청북도 음성군 금왕읍 덕금로 1173,,G21001 / 금왕읍,미방문,
세웅카정비공업사,충청북도 제천시,공구점,,충청북도 제천시 수산면 월악로26길 79,,S20301 / 수산면,미방문,
양지공업사,충청북도 청주시 청원구,공구점,,충청북도 청주시 청원구 율천북로 133-1,,S20301 / 율량.사천동,미방문,
척산종합철물건재,충청북도 청주시 서원구,건자재점,,충청북도 청주시 서원구 남이면 청남로 1277,,G21001 / 남이면,미방문,
생약건재약업사,충청북도 충주시,건자재점,,충청북도 충주시 사직산17길 23,,G22199 / 문화동,미방문,
대길건재,충청북도 청주시 상당구,건자재점,,충청북도 청주시 상당구 우암산로89번길 16,,G21099 / 중앙동,미방문,
형제공업사,충청북도 영동군,공구점,,충청북도 영동군 용산면 남부로 1235,,S20301 / 용산면,미방문,
대성카정비공업사,충청북도 음성군,공구점,,충청북도 음성군 생극면 음성로 1697,,S20301 / 생극면,미방문,
한빛철물종합상사,충청북도 청주시 상당구,철물점,,충청북도 청주시 상당구 월평로 146,,G21001 / 용암1동,미방문,
동성카공업사,충청북도 충주시,공구점,,충청북도 충주시 동량면 대미길 9,,S20301 / 동량면,미방문,
영광종합건재,충청북도 제천시,건자재점,,충청북도 제천시 덕산면 약초로 41,,G21001 / 덕산면,미방문,
장인카부분정비공업사,충청북도 청주시 흥덕구,공구점,,충청북도 청주시 흥덕구 예체로179번길 10,,S20301 / 봉명1동,미방문,
대원철물,충청북도 청주시 상당구,철물점,,충청북도 청주시 상당구 상당로1번길 4,,G21001 / 성안동,미방문,
송학농자재,충청북도 옥천군,농자재점,,충청북도 옥천군 이원면 신흥길 13-1,,G21001 / 이원면,미방문,
다솔건재철물,충청북도 제천시,건자재점,,충청북도 제천시 백운면 평동로 14,,G21001 / 백운면,미방문,
영덕공업사,충청북도 제천시,공구점,,충청북도 제천시 단양로 3043,,S20301 / 신백동,미방문,
서흥공업사,충청북도 단양군,공구점,,충청북도 단양군 단양읍 상진2길 55,,S20302 / 단양읍,미방문,
우성철물,충청북도 증평군,철물점,,충청북도 증평군 증평읍 사곡로 179-180,,G21001 / 증평읍,미방문,
명성철물건재,충청북도 괴산군,건자재점,,충청북도 괴산군 괴산읍 읍내로15길 8-7,,G21001 / 괴산읍,미방문,
고려철물,충청북도 진천군,철물점,,충청북도 진천군 덕산읍 초금로 749,,G21001 / 덕산읍,미방문,
남제천카공업사,충청북도 제천시,공구점,,충청북도 제천시 금성면 청풍호로 876,,S20301 / 금성면,미방문,
광원정비공업사,충청북도 충주시,공구점,,충청북도 충주시 예성로 19,,S20301 / 호암.직동,미방문,
한울공구상사,충청북도 음성군,공구점,,충청북도 음성군 감곡면 가곡로 32,,G21001 / 감곡면,미방문,
청주종합공구상사,충청북도 진천군,공구점,,충청북도 진천군 진천읍 대촌길 26,,G21001 / 진천읍,미방문,
제일농자재산업,충청북도 청주시 상당구,농자재점,,충청북도 청주시 상당구 산성로9번길 28,,G21001 / 탑대성동,미방문,
현대카랜드부분정비공업사,충청북도 청주시 상당구,공구점,,충청북도 청주시 상당구 수영로 99,,S20301 / 영운동,미방문,
시온정비공업사,충청북도 청주시 흥덕구,공구점,,충청북도 청주시 흥덕구 직지대로 118,,S20301 / 강서1동,미방문,
강원건재철물,충청북도 단양군,건자재점,,충청북도 단양군 매포읍 단양로 1947,,G21099 / 매포읍,미방문,
대호철물공구,충청북도 충주시,철물점,,충청북도 충주시 사직로 304-1,,G21001 / 교현.안림동,미방문,
새하늘공업사,충청북도 충주시,공구점,,충청북도 충주시 소태면 동막길 67,,S20699 / 소태면,미방문,
대광수도철물,충청북도 청주시 흥덕구,철물점,,충청북도 청주시 흥덕구 장구봉로 19,,G21001 / 가경동,미방문,
송림카공업사，송림스포츠,충청북도 진천군,공구점,,충청북도 진천군 이월면 진광로 849,,S20301 / 이월면,미방문,
둥이카전문정비공업사,충청북도 청주시 상당구,공구점,,충청북도 청주시 상당구 영운로 65,,S20301 / 영운동,미방문,
공항공업사,충청북도 청주시 청원구,공구점,,충청북도 청주시 청원구 발산로 2,,S20301 / 오근장동,미방문,
생극철물,충청북도 음성군,철물점,,충청북도 음성군 생극면 음성로 1645,,G21001 / 생극면,미방문,
바라카공업사,충청북도 제천시,공구점,,충청북도 제천시 내토로 809,,S20301 / 교동,미방문,
튼튼건재.골재,충청북도 청주시 청원구,건자재점,,충청북도 청주시 청원구 북이면 충청대로 1511,,G21099 / 북이면,미방문,
영신기계공구상사,충청북도 충주시,공구점,,충청북도 충주시 계명대로 147,,G21001 / 연수동,미방문,
제일공업사,충청북도 음성군,공구점,,충청북도 음성군 생극면 일생로 699,,S20301 / 생극면,미방문,
추풍령건재사,충청북도 영동군,건자재점,,충청북도 영동군 추풍령면 추풍령로 502,,G21099 / 추풍령면,미방문,
대경철물,충청북도 청주시 상당구,철물점,,충청북도 청주시 상당구 상당로1번길 27,,G21001 / 성안동,미방문,
삼덕건재,충청북도 음성군,건자재점,,충청북도 음성군 감곡면 장감로143번길 3-6,,G21001 / 감곡면,미방문,
신용철물,충청북도 충주시,철물점,,충청북도 충주시 주덕읍 신양로 75,,G21001 / 주덕읍,미방문,
대영공업사,충청북도 음성군,공구점,,충청북도 음성군 금왕읍 덕금로 986,,S20301 / 금왕읍,미방문,
수경철물,충청북도 청주시 서원구,철물점,,충청북도 청주시 서원구 모충로25번길 11,,G21001 / 성화.개신.죽림동,미방문,
세명중기공업사,충청북도 제천시,공구점,,충청북도 제천시 단양로 3106,,S20301 / 신백동,미방문,
태성공업사,충청북도 제천시,공구점,,충청북도 제천시 봉양읍 북부로6길 67,,S20301 / 봉양읍,미방문,
형제철물,충청북도 증평군,철물점,,충청북도 증평군 증평읍 중부로 2262,,G21001 / 증평읍,미방문,
중앙철물점,충청북도 보은군,철물점,,충청북도 보은군 보은읍 임업길 8,,G21001 / 보은읍,미방문,
동원철물건재,충청북도 청주시 청원구,건자재점,,충청북도 청주시 청원구 새터로 235,,G21001 / 율량.사천동,미방문,
일왕농기구,충청북도 청주시 상당구,농자재점,,충청북도 청주시 상당구 무심동로304번길 16,,G21001 / 성안동,미방문,
미원철물,충청북도 청주시 서원구,철물점,,충청북도 청주시 서원구 수영로35번길 16,,G21001 / 수곡1동,미방문,
청석공업사,충청북도 단양군,공구점,,충청북도 단양군 매포읍 단양로 1783,,S20301 / 매포읍,미방문,
황간종합건재,충청북도 영동군,건자재점,,충청북도 영동군 황간면 영동황간로 1600,,G21001 / 황간면,미방문,
수리닥터철물점,충청북도 청주시 서원구,철물점,,충청북도 청주시 서원구 창직로 21,,G21001 / 사창동,미방문,
광바우농기계공업사,충청북도 보은군,농자재점,,충청북도 보은군 회인면 고석길 5,,S20699 / 회인면,미방문,
태성공업사,충청북도 단양군,공구점,,충청북도 단양군 매포읍 단양로 2022,,S20301 / 매포읍,미방문,
천일철물,충청북도 단양군,철물점,,충청북도 단양군 매포읍 평동4로 131,,G21001 / 매포읍,미방문,
오창중기공업사,충청북도 진천군,공구점,,충청북도 진천군 진천읍 문진로 960,,S20301 / 진천읍,미방문,
영신철물,충청북도 영동군,철물점,,충청북도 영동군 영동읍 영동시장1길 11,,G21001 / 영동읍,미방문,
중원철물,충청북도 제천시,철물점,,충청북도 제천시 명륜로3길 2,,G21001 / 청전동,미방문,
천은보링공업사,충청북도 충주시,공구점,,충청북도 충주시 대가주1길 41-2,,S20301 / 달천동,미방문,
문광공업사,충청북도 괴산군,공구점,,충청북도 괴산군 문광면 광덕길 18-1,,S20699 / 문광면,미방문,
만물건재철물,충청북도 괴산군,건자재점,,충청북도 괴산군 연풍면 연풍로 1362,,G21001 / 연풍면,미방문,
우정공업사,충청북도 충주시,공구점,,충청북도 충주시 대소원면 첨단쉼터7길 8-7,,S20301 / 대소원면,미방문,
미래공업사,충청북도 제천시,공구점,,충청북도 제천시 봉양읍 북부로5길 16-67,,S20301 / 봉양읍,미방문,
청주카부분정비공업사,충청북도 청주시 청원구,공구점,,충청북도 청주시 청원구 우암로 16,,S20301 / 우암동,미방문,
태광철물,충청북도 괴산군,철물점,,충청북도 괴산군 칠성면 괴강로 546,,G21001 / 칠성면,미방문,
일광공구，철물，전기,충청북도 청주시 흥덕구,철물점,,충청북도 청주시 흥덕구 과상미로49번길 3,,G21001 / 봉명2.송정동,미방문,
신광철물건재,충청북도 청주시 상당구,건자재점,,충청북도 청주시 상당구 용담로 128,,G21001 / 용담.명암.산성동,미방문,
대소원카공업사,충청북도 충주시,공구점,,충청북도 충주시 대소원면 첨단쉼터3길 2-12,,S20301 / 대소원면,미방문,
엘지철물건재,충청북도 청주시 상당구,건자재점,,충청북도 청주시 상당구 단재로 87,,G21001 / 영운동,미방문,
대성철물건재,충청북도 청주시 청원구,건자재점,,충청북도 청주시 청원구 오창읍 두릉유리로 1122,,G21001 / 오창읍,미방문,
시장철물,충청북도 청주시 서원구,철물점,,충청북도 청주시 서원구 창신로32번길 1,,G21001 / 사창동,미방문,
금강공업사,충청북도 충주시,공구점,,충청북도 충주시 금가면 웃구라니길 3-1,,S20301 / 금가면,미방문,
대현철물건재,충청북도 괴산군,건자재점,,충청북도 괴산군 칠성면 도정로 86-1,,G21001 / 칠성면,미방문,
중앙건재,충청북도 음성군,건자재점,,충청북도 음성군 음성읍 시장로 74-1,,G21001 / 음성읍,미방문,
삼성철물건재，인테리어,충청북도 청주시 흥덕구,건자재점,,충청북도 청주시 흥덕구 봉명로 205,,G21001 / 봉명1동,미방문,
옥산철물,충청북도 청주시 흥덕구,철물점,,충청북도 청주시 흥덕구 예체로 175,,G21001 / 봉명1동,미방문,
씽씽카정비공업사,충청북도 충주시,공구점,,충청북도 충주시 성남6길 9,,S20301 / 성내.충인동,미방문,
괴산공업사,충청북도 괴산군,공구점,,충청북도 괴산군 칠성면 괴강로두천4길 1,,S20301 / 칠성면,미방문,
영동철물,충청북도 영동군,철물점,,충청북도 영동군 영동읍 중앙로4길 13,,G21001 / 영동읍,미방문,
수정카공업사,충청북도 청주시 서원구,공구점,,충청북도 청주시 서원구 수영로 53,,S20301 / 수곡1동,미방문,
통일철물종합상사,충청북도 증평군,철물점,,충청북도 증평군 증평읍 초평로 1680,,G21001 / 증평읍,미방문,
형제철물,충청북도 청주시 흥덕구,철물점,,충청북도 청주시 흥덕구 옥산면 옥산시내1길 35,,G21001 / 옥산면,미방문,
대영철물건재,충청북도 청주시 흥덕구,건자재점,,충청북도 청주시 흥덕구 강내면 태성탑연로 426,,G21001 / 강내면,미방문,
청주농자재,충청북도 청주시 상당구,농자재점,,충청북도 청주시 상당구 무심동로302번길 16,,G21001 / 성안동,미방문,
선화철물건재,충청북도 청주시 흥덕구,건자재점,,충청북도 청주시 흥덕구 강촌로 290,,G21001 / 강서1동,미방문,
삼보철물공구,충청북도 증평군,철물점,,충청북도 증평군 증평읍 중앙로 245,,G21001 / 증평읍,미방문,
인제공업사,충청북도 제천시,공구점,,충청북도 제천시 제천북로 815,,S20301 / 의림지동,미방문,
덕영설비철물,충청북도 괴산군,철물점,,충청북도 괴산군 괴산읍 읍내로15길 5,,G21001 / 괴산읍,미방문,
명진종합철물,충청북도 청주시 청원구,철물점,,충청북도 청주시 청원구 안덕벌로52번길 32-2,,G21001 / 내덕2동,미방문,
영춘공업사,충청북도 단양군,공구점,,충청북도 단양군 영춘면 별방창원로 430-9,,S20699 / 영춘면,미방문,
통일정비공업사주,충청북도 제천시,공구점,,충청북도 제천시 강저로 49,,S20301 / 화산동,미방문,
영풍철물,충청북도 영동군,철물점,,충청북도 영동군 황간면 남성2길 2,,G21001 / 황간면,미방문,
신용전자철물,충청북도 청주시 청원구,철물점,,충청북도 청주시 청원구 대성로 276,,G21001 / 우암동,미방문,
한일철물건재상사,충청북도 청주시 상당구,건자재점,,충청북도 청주시 상당구 미원면 단재로 2414,,G21001 / 미원면,미방문,
진흥철물,충청북도 청주시 흥덕구,철물점,,충청북도 청주시 흥덕구 가로수로1164번길 14,,G21001 / 강서1동,미방문,
창성카공업사,충청북도 충주시,공구점,,충청북도 충주시 동수5길 13,,S20301 / 연수동,미방문,
오성철물,충청북도 음성군,철물점,,충청북도 음성군 금왕읍 무극로333번길 32,,G21001 / 금왕읍,미방문,
대원공업사,충청북도 청주시 흥덕구,공구점,,충청북도 청주시 흥덕구 강촌로 292,,S20301 / 강서1동,미방문,
수도전기.철물,충청북도 청주시 청원구,철물점,,충청북도 청주시 청원구 율봉로 38,,G21001 / 율량.사천동,미방문,
서울건재공구,충청북도 괴산군,공구점,,충청북도 괴산군 괴산읍 괴강로 149,,G21099 / 괴산읍,미방문,
대교기계공구,충청북도 괴산군,공구점,,충청북도 괴산군 괴산읍 읍내로 326,,G21001 / 괴산읍,미방문,
대한건재사,충청북도 영동군,건자재점,,충청북도 영동군 추풍령면 추풍령로 473,,G21099 / 추풍령면,미방문,
현대농자재철물,충청북도 음성군,농자재점,,충청북도 음성군 감곡면 음성로 2647,,G21001 / 감곡면,미방문,
동아철물건재,충청북도 청주시 흥덕구,건자재점,,충청북도 청주시 흥덕구 복대로 203,,G21001 / 복대1동,미방문,
주원금속철물상사,충청북도 청주시 청원구,철물점,,충청북도 청주시 청원구 오창읍 팔결로 410,,G21001 / 오창읍,미방문,
분평철물전기,충청북도 청주시 서원구,철물점,,충청북도 청주시 서원구 청남로 2019,,G21001 / 산남동,미방문,
건양중기공업사,충청북도 단양군,공구점,,충청북도 단양군 매포읍 적성로 7,,S20301 / 매포읍,미방문,
대성철물건재,충청북도 청주시 서원구,건자재점,,충청북도 청주시 서원구 남들로 33,,G21001 / 수곡1동,미방문,
건태공업사,충청북도 청주시 흥덕구,공구점,,충청북도 청주시 흥덕구 1순환로 424,,S20301 / 운천.신봉동,미방문,
호암철물,충청북도 단양군,철물점,,충청북도 단양군 어상천면 어상천로 980,,G21001 / 어상천면,미방문,
신성타일건재,충청북도 음성군,건자재점,,충청북도 음성군 금왕읍 무극로 178,,G21003 / 금왕읍,미방문,
만물철물전기,충청북도 청주시 상당구,철물점,,충청북도 청주시 상당구 월평로238번길 3-5,,G21001 / 용암2동,미방문,
형제공업사,충청북도 괴산군,공구점,,충청북도 괴산군 연풍면 연풍로 1388,,S20699 / 연풍면,미방문,
단양종합건재,충청북도 단양군,건자재점,,충청북도 단양군 단양읍 상진1로 5,,G21001 / 단양읍,미방문,
복대부분정비공업사,충청북도 청주시 흥덕구,공구점,,충청북도 청주시 흥덕구 복대로163번길 40,,S20301 / 복대2동,미방문,
태림공업사,충청북도 제천시,공구점,,충청북도 제천시 단양로 2959,,S20301 / 신백동,미방문,
영창철물,충청북도 제천시,철물점,,충청북도 제천시 의병대로 60,,G21001 / 중앙동,미방문,
대원전기철물,충청북도 청주시 흥덕구,철물점,,충청북도 청주시 흥덕구 가경로 111,,G21201 / 가경동,미방문,
덕성철물,충청북도 청주시 청원구,철물점,,충청북도 청주시 청원구 새터로 12,,G21001 / 내덕1동,미방문,
중앙철물,충청북도 충주시,철물점,,충청북도 충주시 엄정면 토끼미1길 29,,G21001 / 엄정면,미방문,
가나철물공구,충청북도 괴산군,철물점,,충청북도 괴산군 괴산읍 읍내로 234,,G21001 / 괴산읍,미방문,
금호철물건재,충청북도 충주시,건자재점,,충청북도 충주시 대소원면 중원대로 3916,,G21001 / 대소원면,미방문,
대진３급정비공업사,충청북도 청주시 상당구,공구점,,충청북도 청주시 상당구 영운천로91번길 6,,S20301 / 영운동,미방문,
음성철물점,충청북도 청주시 서원구,철물점,,충청북도 청주시 서원구 호국로 131-1,,G21001 / 사직1동,미방문,
대광건재,충청북도 음성군,건자재점,,충청북도 음성군 음성읍 음성로 14,,G21001 / 음성읍,미방문,
대성철물전기,충청북도 청주시 흥덕구,철물점,,충청북도 청주시 흥덕구 사운로 283,,G21001 / 운천.신봉동,미방문,
한성건재,충청북도 영동군,건자재점,,충청북도 영동군 영동읍 영산로3길 18-1,,G21099 / 영동읍,미방문,
연풍철물건재,충청북도 괴산군,건자재점,,충청북도 괴산군 연풍면 중앙로행정1길 10-3,,G21001 / 연풍면,미방문,
바른1급종합정비공업사,충청북도 음성군,공구점,,충청북도 음성군 대소면 대금로196번길 16,,S20301 / 대소면,미방문,
통일공업사,충청북도 청주시 청원구,공구점,,충청북도 청주시 청원구 내수읍 청암로 91,,S20699 / 내수읍,미방문,
하나공업사,충청북도 청주시 흥덕구,공구점,,충청북도 청주시 흥덕구 신성로 63-2,,S20301 / 강서2동,미방문,
대림３급공업사,충청북도 청주시 흥덕구,공구점,,충청북도 청주시 흥덕구 가로수로1154번길 71,,S20301 / 강서1동,미방문,
청원철물건재상사,충청북도 청주시 청원구,건자재점,,충청북도 청주시 청원구 내수읍 내수로 746,,G21001 / 내수읍,미방문,
영성공업사,충청북도 충주시,공구점,,충청북도 충주시 목행산단2로 99,,S20301 / 목행.용탄동,미방문,
하나철물건재,충청북도 청주시 흥덕구,건자재점,,충청북도 청주시 흥덕구 오송읍 오송생명14로 345,,G21001 / 오송읍,미방문,
서울볼트공구철물,충청북도 증평군,철물점,,충청북도 증평군 증평읍 초중6길 59,,G21001 / 증평읍,미방문,
화명철물,충청북도 청주시 흥덕구,철물점,,충청북도 청주시 흥덕구 풍산로 122,,G21001 / 복대2동,미방문,
청남철물건재,충청북도 청주시 서원구,건자재점,,충청북도 청주시 서원구 남이면 척산5길 45,,G21001 / 남이면,미방문,
레이스카부분정비공업사,충청북도 청주시 청원구,공구점,,충청북도 청주시 청원구 내수읍 충청대로 832-5,,S20301 / 내수읍,미방문,
세왕공업사,충청북도 괴산군,공구점,,충청북도 괴산군 괴산읍 읍내로 296,,G21001 / 괴산읍,미방문,
청남철물,충청북도 청주시 서원구,철물점,,충청북도 청주시 서원구 남이면 척산5길 45,,G21001 / 남이면,미방문,
대광공업사주,충청북도 충주시,공구점,,충청북도 충주시 목행산단6로 15-10,,S20301 / 칠금.금릉동,미방문,
재창기계공구,충청북도 청주시 청원구,공구점,,충청북도 청주시 청원구 2순환로 364,,G21001 / 율량.사천동,미방문,
신일철물,충청북도 청주시 상당구,철물점,,충청북도 청주시 상당구 쇠내로114번길 10,,G21001 / 금천동,미방문,
삼정철물전기,충청북도 청주시 흥덕구,철물점,,충청북도 청주시 흥덕구 과상미로 80,,G21001 / 봉명2.송정동,미방문,
내수철물상회,충청북도 청주시 청원구,철물점,,충청북도 청주시 청원구 내수읍 내수로 730,,G21001 / 내수읍,미방문,
행복건재,충청북도 옥천군,건자재점,,충청북도 옥천군 옥천읍 마장로 6,,G21001 / 옥천읍,미방문,
세종철물,충청북도 청주시 서원구,철물점,,충청북도 청주시 서원구 사북로 59,,G21001 / 사직1동,미방문,
대웅철물,충청북도 청주시 청원구,철물점,,충청북도 청주시 청원구 내덕로18번길 19-1,,G21001 / 우암동,미방문,
진일농자재,충청북도 옥천군,농자재점,,충청북도 옥천군 이원면 이원역길 52,,G21201 / 이원면,미방문,
엄정철물건재,충청북도 충주시,건자재점,,충청북도 충주시 엄정면 내창로 257,,G21001 / 엄정면,미방문,
협성기계공구수리,충청북도 음성군,공구점,,충청북도 음성군 대소면 대금로 93,,S20699 / 대소면,미방문,
제일철물,충청북도 청주시 상당구,철물점,,충청북도 청주시 상당구 문의면 문의시내로 51-5,,G21001 / 문의면,미방문,
대신공업사,충청북도 청주시 청원구,공구점,,충청북도 청주시 청원구 토성로 422,,S20301 / 오근장동,미방문,
대성철물,충청북도 청주시 청원구,철물점,,충청북도 청주시 청원구 공항로 53-2,,G21001 / 내덕1동,미방문,
내덕카공업사,충청북도 청주시 청원구,공구점,,충청북도 청주시 청원구 향군로94번길 19,,S20301 / 우암동,미방문,
모시스공업사,충청북도 음성군,공구점,,충청북도 음성군 음성읍 음성로 8,,S20301 / 음성읍,미방문,
에니카랜드장락점오토테크카공업사,충청북도 제천시,공구점,,충청북도 제천시 신죽하로 73,,S20301 / 교동,미방문,
단양철물,충청북도 단양군,철물점,,충청북도 단양군 단성면 충혼길 44,,G21001 / 단성면,미방문,
대영공업사,충청북도 영동군,공구점,,충청북도 영동군 영동읍 동정로 18-38,,S20301 / 영동읍,미방문,
신광철물,충청북도 청주시 상당구,철물점,,충청북도 청주시 상당구 무심동로284번길 18,,G21001 / 성안동,미방문,
우리종합기계공구,충청북도 청주시 청원구,공구점,,충청북도 청주시 청원구 교서로 205,,N11101 / 우암동,미방문,
대화종합철물,충청북도 청주시 상당구,철물점,,충청북도 청주시 상당구 남일면 효덕길 3,,G21001 / 남일면,미방문,
성원카공업사,충청북도 청주시 흥덕구,공구점,,충청북도 청주시 흥덕구 동촌로 6,,S20301 / 강서1동,미방문,
역전철물,충청북도 충주시,철물점,,충청북도 충주시 중원대로 3458-1,,G21001 / 문화동,미방문,
금용부분정비공업사,충청북도 진천군,공구점,,충청북도 진천군 덕산읍 덕금로 817,,S20301 / 덕산읍,미방문,
동부철물건재,충청북도 괴산군,건자재점,,충청북도 괴산군 괴산읍 문무로역고개길 92,,G21001 / 괴산읍,미방문,
스피드공업사스피드태양광,충청북도 청주시 청원구,공구점,,충청북도 청주시 청원구 오창읍 괴정길 44-1,,S20301 / 오창읍,미방문,
중원카공업사,충청북도 괴산군,공구점,,충청북도 괴산군 연풍면 연풍로 1203-7,,G20202 / 연풍면,미방문,
광운카공업사,충청북도 충주시,공구점,,충청북도 충주시 탄금대로 274,,S20301 / 칠금.금릉동,미방문,
대명농자재,충청북도 옥천군,농자재점,,충청북도 옥천군 군서면 사양1길 132,,G21001 / 군서면,미방문,
대도철물,충청북도 충주시,철물점,,충청북도 충주시 자유시장길 32-1,,G21001 / 성내.충인동,미방문,
제원공업사,충청북도 제천시,공구점,,충청북도 제천시 강저로 7-12,,S20301 / 화산동,미방문,
중앙건재,충청북도 청주시 흥덕구,건자재점,,충청북도 청주시 흥덕구 오송읍 가로수로 206-1,,G21001 / 오송읍,미방문,
창조카공업사·창조세차장,충청북도 진천군,공구점,,충청북도 진천군 진천읍 중앙동로 139,,S20301 / 진천읍,미방문,
충북철물건재공구,충청북도 충주시,건자재점,,충청북도 충주시 주덕읍 시장길 1,,G21001 / 주덕읍,미방문,
대동공업사,충청북도 충주시,공구점,,충청북도 충주시 노은면 우성1길 7-4,,S20301 / 노은면,미방문,
제일공업사,충청북도 청주시 흥덕구,공구점,,충청북도 청주시 흥덕구 동촌로 78,,S20301 / 강서1동,미방문,
일신철물건재상사,충청북도 증평군,건자재점,,충청북도 증평군 증평읍 중앙로 150,,G21001 / 증평읍,미방문,
선경공업사,충청북도 제천시,공구점,,충청북도 제천시 장평천로 49,,S20301 / 화산동,미방문,
중앙철물건재,충청북도 진천군,건자재점,,충청북도 진천군 덕산읍 이덕로 788,,G21001 / 덕산읍,미방문,
한국철물건재,충청북도 청주시 청원구,건자재점,,충청북도 청주시 청원구 충청대로 36-1,,G21001 / 내덕2동,미방문,
대명종합공구상사,충청북도 음성군,공구점,,충청북도 음성군 음성읍 용광로247번길 33,,G21001 / 음성읍,미방문,
씨케이전기철물안전용품,충청북도 청주시 흥덕구,철물점,,충청북도 청주시 흥덕구 남석로575번길 52-97,,G21001 / 강서1동,미방문,
태양전기조명철물,충청북도 청주시 흥덕구,건자재점,,충청북도 청주시 흥덕구 봉명로227번길 27,,G21201 / 봉명1동,미방문,
대산전기열쇠철물,충청북도 청주시 서원구,철물점,,충청북도 청주시 서원구 수곡로 31,,G21201 / 수곡2동,미방문,
충북카공업사,충청북도 충주시,공구점,,충청북도 충주시 중원대로 3504,,S20301 / 봉방동,미방문,
유경철물,충청북도 청주시 청원구,철물점,,충청북도 청주시 청원구 율봉로167번길 65-6,,G21001 / 율량.사천동,미방문,
수안보철물,충청북도 충주시,철물점,,충청북도 충주시 수안보면 온천천변길 25,,G21001 / 수안보면,미방문,
청주철물,충청북도 청주시 서원구,철물점,,충청북도 청주시 서원구 모충로124번길 53,,G21001 / 모충동,미방문,
현대철물,충청북도 보은군,철물점,,충청북도 보은군 보은읍 보은로 81,,G21001 / 보은읍,미방문,
일흥공업사,충청북도 충주시,공구점,,충청북도 충주시 금가면 충원대로 1393,,S20699 / 금가면,미방문,
용산철물,충청북도 충주시,철물점,,충청북도 충주시 형설로 72-1,,G21001 / 용산동,미방문,
가구철물닷컴,충청북도 청주시 청원구,철물점,,충청북도 청주시 청원구 내수읍 충청대로 885,,G21001 / 내수읍,미방문,
오창철물건재,충청북도 청주시 흥덕구,건자재점,,충청북도 청주시 흥덕구 옥산면 남촌길 5,,G21001 / 옥산면,미방문,
신영농자재산업,충청북도 청주시 청원구,농자재점,,충청북도 청주시 청원구 내수읍 내수로 267-64,,G21001 / 내수읍,미방문,
남원정비공업사,충청북도 충주시,공구점,,충청북도 충주시 봉현로 102-1,,S20301 / 봉방동,미방문,
삼성건재상사,충청북도 옥천군,건자재점,,충청북도 옥천군 옥천읍 삼금로 31,,G21001 / 옥천읍,미방문,
조양철물,충청북도 청주시 상당구,철물점,,충청북도 청주시 상당구 중앙로 3,,G21001 / 중앙동,미방문,
용카부분정비공업사,충청북도 청주시 상당구,공구점,,충청북도 청주시 상당구 쇠내로 152,,S20301 / 영운동,미방문,
김천건재,충청북도 영동군,건자재점,,충청북도 영동군 황간면 황간로 55,,G21001 / 황간면,미방문,
남부철물,충청북도 충주시,철물점,,충청북도 충주시 용산로 34,,G21001 / 용산동,미방문,
건화농자재,충청북도 증평군,농자재점,,충청북도 증평군 증평읍 상평길 7,,G21001 / 증평읍,미방문,
천사카랜드정비공업사,충청북도 충주시,공구점,,충청북도 충주시 거룡13길 17-1,,S20301 / 용산동,미방문,
명성철물.설비.건재상사,충청북도 청주시 청원구,건자재점,,충청북도 청주시 청원구 대성로261번길 1,,G21001 / 우암동,미방문,
성환공업사,충청북도 음성군,공구점,,충청북도 음성군 금왕읍 금일로 23,,S20301 / 금왕읍,미방문,
형제카부분정비공업사,충청북도 청주시 청원구,공구점,,충청북도 청주시 청원구 오창읍 화산여천길 5,,S20301 / 오창읍,미방문,
영동보일러철물,충청북도 영동군,철물점,,충청북도 영동군 영동읍 영동시장1길 5-1,,G21001 / 영동읍,미방문,
영농건재,충청북도 옥천군,농자재점,,충청북도 옥천군 이원면 신흥길 16,,G21001 / 이원면,미방문,
중앙철물,충청북도 청주시 흥덕구,철물점,,충청북도 청주시 흥덕구 가경로189번길 19-2,,G21001 / 가경동,미방문,
대영공업사,충청북도 제천시,공구점,,충청북도 제천시 봉양읍 장평로 24,,S20301 / 봉양읍,미방문,
현대카공업사,충청북도 충주시,공구점,,충청북도 충주시 주덕읍 신양로 39,,S20301 / 주덕읍,미방문,
대금공업사,충청북도 음성군,공구점,,충청북도 음성군 대소면 대금로 687-1,,M10903 / 대소면,미방문,
금강공업사,충청북도 청주시 서원구,공구점,,충청북도 청주시 서원구 사운로145번길 3,,S20301 / 사직1동,미방문,
대진공업사,충청북도 제천시,공구점,,충청북도 제천시 봉양읍 북부로5길 16-11,,S20301 / 봉양읍,미방문,
지평건재주,충청북도 청주시 청원구,건자재점,,충청북도 청주시 청원구 공항로 288-2,,G20202 / 오근장동,미방문,
충북철물건재,충청북도 괴산군,건자재점,,충청북도 괴산군 괴산읍 읍내로15길 11,,G21001 / 괴산읍,미방문,
대명공업사,충청북도 제천시,공구점,,충청북도 제천시 장평천로 31,,S20301 / 화산동,미방문,
세림철물,충청북도 청주시 상당구,철물점,,충청북도 청주시 상당구 무심동로302번길 18,,G21001 / 성안동,미방문,
관성건재보일러,충청북도 옥천군,건자재점,,충청북도 옥천군 옥천읍 옥천로 1654-2,,G21001 / 옥천읍,미방문,
한일철물,충청북도 제천시,철물점,,충청북도 제천시 명륜로 112,,G21001 / 중앙동,미방문,
용산철물,충청북도 영동군,철물점,,충청북도 영동군 용산면 용산로 331,,G21001 / 용산면,미방문,
희망철물건재공구,충청북도 청주시 흥덕구,건자재점,,충청북도 청주시 흥덕구 남석로 609,,G21001 / 강서1동,미방문,
광신철물,충청북도 괴산군,철물점,,충청북도 괴산군 사리면 사리로 308,,G21001 / 사리면,미방문,
대진공업사,충청북도 충주시,공구점,,충청북도 충주시 목행산단2로 99,,S20301 / 목행.용탄동,미방문,
월드공업사,충청북도 제천시,공구점,,충청북도 제천시 단양로 3143,,G20202 / 신백동,미방문,
중원공업사,충청북도 제천시,공구점,,충청북도 제천시 강저로 47,,S20301 / 화산동,미방문,
국제장식철물.열쇠,충청북도 제천시,철물점,,충청북도 제천시 명륜로 92,,G21001 / 중앙동,미방문,
덕성건재철물,충청북도 괴산군,건자재점,,충청북도 괴산군 괴산읍 읍내로18길 21,,G21001 / 괴산읍,미방문,
보은철물전기조명,충청북도 보은군,건자재점,,충청북도 보은군 보은읍 남부로 4543,,G21001 / 보은읍,미방문,
앙성종합건재구경동,충청북도 충주시,건자재점,,충청북도 충주시 앙성면 가곡로 1398,,G21001 / 앙성면,미방문,
한국유리공업사,충청북도 청주시 청원구,공구점,,충청북도 청주시 청원구 토성로120번길 97-2,,G21202 / 오근장동,미방문,
국희카공업사,충청북도 진천군,공구점,,충청북도 진천군 진천읍 문덕1길 12,,S20301 / 진천읍,미방문,
만도플라자부분정비공업사,충청북도 청주시 청원구,공구점,,충청북도 청주시 청원구 사뜸로61번길 68,,S20301 / 율량.사천동,미방문,
가나안철물,충청북도 충주시,철물점,,충청북도 충주시 대소원면 쇠실로 1029,,G21001 / 대소원면,미방문,
현도공업사,충청북도 청주시 서원구,공구점,,충청북도 청주시 서원구 현도면 청남로 205,,S20301 / 현도면,미방문,
선영철물,충청북도 충주시,철물점,,충청북도 충주시 엄정면 미내장터길 9-1,,G21001 / 엄정면,미방문,
충북철물점,충청북도 청주시 상당구,철물점,,충청북도 청주시 상당구 성안로 107,,G21001 / 성안동,미방문,
조은철물마트,충청북도 청주시 청원구,철물점,,충청북도 청주시 청원구 공항로150번길 18,,G21001 / 율량.사천동,미방문,
분평전기철물점,충청북도 청주시 서원구,철물점,,충청북도 청주시 서원구 원마루로 12-1,,G21001 / 분평동,미방문,
현도철물,충청북도 청주시 서원구,철물점,,충청북도 청주시 서원구 현도면 죽전길 6,,G21001 / 현도면,미방문,
영춘철물,충청북도 단양군,철물점,,충청북도 단양군 영춘면 온달평강로 68-2,,G21001 / 영춘면,미방문,
대륙기계공구,충청북도 음성군,공구점,,충청북도 음성군 음성읍 설성로 38,,G21001 / 음성읍,미방문,
두진카부분정비공업사,충청북도 청주시 흥덕구,공구점,,충청북도 청주시 흥덕구 1순환로 394,,S20301 / 운천.신봉동,미방문,
삼원종합철물,충청북도 음성군,철물점,,충청북도 음성군 금왕읍 무극로 178,,G21001 / 금왕읍,미방문,
풍진철물건재상사,충청북도 청주시 흥덕구,건자재점,,충청북도 청주시 흥덕구 죽천로79번길 22,,G21001 / 복대1동,미방문,
나우철물,충청북도 청주시 청원구,철물점,,충청북도 청주시 청원구 율봉로 184,,G21001 / 율량.사천동,미방문,
지현철물,충청북도 충주시,철물점,,충청북도 충주시 천변로 213-1,,G21001 / 교현2동,미방문,
리더스카부분정비공업사,충청북도 청주시 상당구,공구점,,충청북도 청주시 상당구 영운천로127번길 7,,S20301 / 용암1동,미방문,
청산공업사,충청북도 옥천군,공구점,,충청북도 옥천군 청산면 남부로 2164,,S20301 / 청산면,미방문,
현아네건재,충청북도 청주시 청원구,건자재점,,충청북도 청주시 청원구 오창읍 구룡4길 18-5,,G21001 / 오창읍,미방문,
대한중기공업사주,충청북도 청주시 청원구,공구점,,충청북도 청주시 청원구 오창읍 괴정2길 144,,S20301 / 오창읍,미방문,
공단공업사주,충청북도 청주시 흥덕구,공구점,,충청북도 청주시 흥덕구 월명로201번길 2,,S20301 / 봉명2.송정동,미방문,
주신철물,충청북도 제천시,철물점,,충청북도 제천시 내토로 445,,G21001 / 화산동,미방문,
글로벌특장공업사,충청북도 청주시 청원구,공구점,,충청북도 청주시 청원구 내수읍 충청대로 563-25,,S20301 / 내수읍,미방문,
경성공업사,충청북도 충주시,공구점,,충청북도 충주시 상방7길 32,,S20301 / 봉방동,미방문,
일급삼형제공업사,충청북도 충주시,공구점,,충청북도 충주시 동량면 대미길 36,,S20301 / 동량면,미방문,
효촌철물공구,충청북도 청주시 상당구,철물점,,충청북도 청주시 상당구 남일면 단재로 509-1,,G21001 / 남일면,미방문,
고려철물,충청북도 충주시,철물점,,충청북도 충주시 충인1길 40,,G21001 / 성내.충인동,미방문,
금성건재철물점,충청북도 충주시,건자재점,,충청북도 충주시 대소원면 쇠실로 1050,,G21001 / 대소원면,미방문,
한양철물,충청북도 음성군,철물점,,충청북도 음성군 소이면 대장로 50-1,,G21001 / 소이면,미방문,
흥덕공업사,충청북도 청주시 서원구,공구점,,충청북도 청주시 서원구 남이면 2순환로 1636,,S20301 / 남이면,미방문,
중앙철물,충청북도 음성군,철물점,,충청북도 음성군 음성읍 시장로 88,,G21001 / 음성읍,미방문,
부강슈퍼철물,충청북도 충주시,철물점,,충청북도 충주시 노은면 대덕길 2,,G20404 / 노은면,미방문,
용광공업사,충청북도 옥천군,공구점,,충청북도 옥천군 안내면 현리3길 5,,S20699 / 안내면,미방문,
대교공업사주,충청북도 충주시,공구점,,충청북도 충주시 충원대로 1038,,S20301 / 목행.용탄동,미방문,
그린종합건재철물,충청북도 옥천군,건자재점,,충청북도 옥천군 옥천읍 마장로 6-2,,G21001 / 옥천읍,미방문,
삼일종합철물공구상사,충청북도 증평군,철물점,,충청북도 증평군 증평읍 역전로 41-1,,G21001 / 증평읍,미방문,
황금건설기계중기공업사,충청북도 제천시,공구점,,충청북도 제천시 제천북로 870,,S20301 / 의림지동,미방문,
웅농기구,충청북도 청주시 흥덕구,농자재점,,충청북도 청주시 흥덕구 신정로23번길 95,,G20499 / 강서2동,미방문,
진명종합철물건재상사,충청북도 충주시,건자재점,,충청북도 충주시 호암중앙2로 16,,G21001 / 호암.직동,미방문,
목행카공업사,충청북도 충주시,공구점,,충청북도 충주시 충원대로 986,,S20301 / 목행.용탄동,미방문,
동진공업사,충청북도 음성군,공구점,,충청북도 음성군 음성읍 반기문로 17,,S20301 / 음성읍,미방문,
북이철물;공구,충청북도 청주시 청원구,철물점,,충청북도 청주시 청원구 북이면 신대현암길 4,,G21001 / 북이면,미방문,
타이어마스타부분정비공업사,충청북도 청주시 상당구,공구점,,충청북도 청주시 상당구 1순환로1656번길 4,,G20201 / 용담.명암.산성동,미방문,
괴산현대공업사,충청북도 괴산군,공구점,,충청북도 괴산군 괴산읍 읍내로 181,,S20301 / 괴산읍,미방문,
대림정비공업사,충청북도 충주시,공구점,,충청북도 충주시 탄금대로 241,,S20301 / 칠금.금릉동,미방문,
푸른공업사,충청북도 보은군,공구점,,충청북도 보은군 보은읍 장신로 21,,S20699 / 보은읍,미방문,
진천철물,충청북도 진천군,철물점,,충청북도 진천군 진천읍 대촌길 6,,G21001 / 진천읍,미방문,
충주농협영농자재,충청북도 충주시,농자재점,,충청북도 충주시 중원대로 3534,,G22199 / 달천동,미방문,
사형제공업사,충청북도 충주시,공구점,,충청북도 충주시 충원대로 800-2,,S20301 / 칠금.금릉동,미방문,
모든종합공구상사,충청북도 음성군,공구점,,충청북도 음성군 삼성면 덕정로 149,,G21001 / 삼성면,미방문,
우진공업사,충청북도 청주시 서원구,공구점,,충청북도 청주시 서원구 남이면 남석로 342,,S20301 / 남이면,미방문,
주덕종합철물,충청북도 충주시,철물점,,충청북도 충주시 주덕읍 신덕로 1360,,G21001 / 주덕읍,미방문,
두산종합건재상사,충청북도 진천군,건자재점,,충청북도 진천군 이월면 대막2길 2,,G21201 / 이월면,미방문,
유로공업사,충청북도 제천시,공구점,,충청북도 제천시 봉양읍 의암로 12-2,,S20301 / 봉양읍,미방문,
사리카공업사,충청북도 괴산군,공구점,,충청북도 괴산군 사리면 모래재로 375,,S20301 / 사리면,미방문,
철이네철물,충청북도 청주시 청원구,철물점,,충청북도 청주시 청원구 오창읍 중심상업2로 31,,G21001 / 오창읍,미방문,
영진공업사,충청북도 보은군,공구점,,충청북도 보은군 내북면 남부로 6263-1,,S20699 / 내북면,미방문,
일광전기앤철물,충청북도 영동군,철물점,,충청북도 영동군 영동읍 영동시장1길 3,,G21001 / 영동읍,미방문,
상당철물점,충청북도 청주시 청원구,철물점,,충청북도 청주시 청원구 내수읍 내수로 730,,G21001 / 내수읍,미방문,
동양건재,충청북도 괴산군,건자재점,,충청북도 괴산군 불정면 목도로 19-1,,G21001 / 불정면,미방문,
진천농자재마트,충청북도 진천군,농자재점,,충청북도 진천군 진천읍 성중로 12,,G22199 / 진천읍,미방문,
중앙철물조명인테리어,충청북도 충주시,건자재점,,충청북도 충주시 중앙탑면 원앙9길 10,,G21001 / 중앙탑면,미방문,
천장기계공구수리,충청북도 진천군,공구점,,충청북도 진천군 진천읍 대촌길 25,,S20699 / 진천읍,미방문,
하늘공업사,충청북도 옥천군,공구점,,충청북도 옥천군 옥천읍 옥천동이로 235,,S20301 / 옥천읍,미방문,
공단카공업사,충청북도 음성군,공구점,,충청북도 음성군 금왕읍 무극로 44,,S20301 / 금왕읍,미방문,
모범공업사,충청북도 제천시,공구점,,충청북도 제천시 봉양읍 북부로 922,,S20301 / 봉양읍,미방문,
산남전기철물,충청북도 청주시 서원구,철물점,,충청북도 청주시 서원구 수곡로 99,,G21001 / 수곡2동,미방문,
신일철물,충청북도 청주시 흥덕구,철물점,,충청북도 청주시 흥덕구 진재로47번길 18-1,,G21001 / 복대1동,미방문,
태광농자재,충청북도 괴산군,농자재점,,충청북도 괴산군 연풍면 향교로행정2길 19,,G21001 / 연풍면,미방문,
삼성건재상사,충청북도 음성군,건자재점,,충청북도 음성군 삼성면 덕정로 34,,G21099 / 삼성면,미방문,
대경철물,충청북도 충주시,철물점,,충청북도 충주시 새말5길 17,,G21001 / 칠금.금릉동,미방문,
우일철물설비,충청북도 보은군,철물점,,충청북도 보은군 보은읍 보은로 155,,G21001 / 보은읍,미방문,
문백철물,충청북도 진천군,철물점,,충청북도 진천군 문백면 문진로 501,,G21001 / 문백면,미방문,
복천보링공업사,충청북도 청주시 흥덕구,공구점,,충청북도 청주시 흥덕구 송절로 75-42,,S20301 / 강서2동,미방문,
태광철물공구상사,충청북도 청주시 흥덕구,철물점,,충청북도 청주시 흥덕구 오송읍 오송2길 35,,G21001 / 오송읍,미방문,
오창1급대한공업사,충청북도 청주시 청원구,공구점,,충청북도 청주시 청원구 오창읍 두릉유리로 769,,S20301 / 오창읍,미방문,
형제농자재마트,충청북도 청주시 서원구,농자재점,,충청북도 청주시 서원구 남이면 청남로 1402,,G22199 / 남이면,미방문,
안전공업사,충청북도 제천시,공구점,,충청북도 제천시 덕산면 약초로 119,,S20401 / 덕산면,미방문,
광혜원1급공업사,충청북도 진천군,공구점,,충청북도 진천군 광혜원면 광혜원산단길 13,,S20301 / 광혜원면,미방문,
일성농자재,충청북도 영동군,농자재점,,충청북도 영동군 영동읍 영동황간로 747,,G21001 / 영동읍,미방문,
노원공업사,충청북도 진천군,공구점,,충청북도 진천군 이월면 신당길 8,,S20301 / 이월면,미방문,
고려인삼건재,충청북도 충주시,건자재점,,충청북도 충주시 충인2길 5-1,,G22199 / 성내.충인동,미방문,
우성앵글철물점,충청북도 충주시,철물점,,충청북도 충주시 우륵로 6,,G21001 / 칠금.금릉동,미방문,
일급서울정비공업사,충청북도 청주시 서원구,공구점,,충청북도 청주시 서원구 남이면 양촌4길 5,,S20301 / 남이면,미방문,
대동철물,충청북도 충주시,철물점,,충청북도 충주시 예성로 251,,G21001 / 교현2동,미방문,
평강공업사,충청북도 제천시,공구점,,충청북도 제천시 송학면 송학로 494,,S20301 / 송학면,미방문,
신영철물장식,충청북도 청주시 청원구,철물점,,충청북도 청주시 청원구 새터로 101,,G21001 / 내덕1동,미방문,
충주공업사,충청북도 충주시,공구점,,충청북도 충주시 중원대로 3752-2,,S20301 / 달천동,미방문,
백현공업사,충청북도 청주시 흥덕구,공구점,,충청북도 청주시 흥덕구 옥산면 오산가좌로 291-2,,S20301 / 옥산면,미방문,
형제열쇠.철물,충청북도 영동군,철물점,,충청북도 영동군 영동읍 중앙로 40,,G21001 / 영동읍,미방문,
밀레니엄1급종합공업사,충청북도 청주시 청원구,공구점,,충청북도 청주시 청원구 팔결로 86,,S20301 / 오근장동,미방문,
화창농자재건재철물,충청북도 보은군,농자재점,,충청북도 보은군 마로면 관기3길 5,,G21001 / 마로면,미방문,
오성철물,충청북도 괴산군,철물점,,충청북도 괴산군 청천면 청천2길 14,,G21001 / 청천면,미방문,
금성철물건재,충청북도 제천시,건자재점,,충청북도 제천시 금성면 청풍호로 1022,,G21001 / 금성면,미방문,
밝은빛조명전기철물,충청북도 청주시 서원구,건자재점,,충청북도 청주시 서원구 청남로 2092-2,,G21201 / 수곡1동,미방문,
현대공업사,충청북도 충주시,공구점,,충청북도 충주시 충주호수로 59,,S20301 / 목행.용탄동,미방문,
근원중기공업사,충청북도 괴산군,공구점,,충청북도 괴산군 청안면 광장로 642,,S20301 / 청안면,미방문,
중앙철물상회,충청북도 청주시 상당구,철물점,,충청북도 청주시 상당구 미원면 미원시내2길 35,,G21001 / 미원면,미방문,
남이공업사송절점,충청북도 청주시 흥덕구,공구점,,충청북도 청주시 흥덕구 사운로404번길 22,,S20301 / 강서2동,미방문,
동양카전문정비공업사,충청북도 청주시 흥덕구,공구점,,충청북도 청주시 흥덕구 대신로38번길 1-1,,S20301 / 복대1동,미방문,
제천중앙농자재,충청북도 제천시,농자재점,,충청북도 제천시 중말8길 16,,G22199 / 신백동,미방문,
영동전기철물,충청북도 청주시 흥덕구,철물점,,충청북도 청주시 흥덕구 사운로236번길 14-2,,G21001 / 운천.신봉동,미방문,
신흥공업사,충청북도 충주시,공구점,,충청북도 충주시 애향로 69,,S20301 / 봉방동,미방문,
1급현대공업사종합정비,충청북도 청주시 흥덕구,공구점,,충청북도 청주시 흥덕구 강서로 25,,S20301 / 강서1동,미방문,
세풍철물,충청북도 보은군,철물점,,충청북도 보은군 삼승면 원남로3길 6,,G21001 / 삼승면,미방문,
구촌공업사,충청북도 영동군,공구점,,충청북도 영동군 용산면 남부로 1272-15,,S20301 / 용산면,미방문,
경민공업사,충청북도 제천시,공구점,,충청북도 제천시 북부로 2343,,S20301 / 화산동,미방문,
백용철물,충청북도 청주시 서원구,철물점,,충청북도 청주시 서원구 남들로 26,,G21001 / 수곡1동,미방문,
우리철물,충청북도 충주시,철물점,,충청북도 충주시 연원5길 1,,G21001 / 연수동,미방문,
철물천국엔인테리어야스,충청북도 음성군,건자재점,,충청북도 음성군 맹동면 용두1안길 32,,G21001 / 맹동면,미방문,
미림철물,충청북도 충주시,철물점,,충청북도 충주시 봉계6길 19,,G21001 / 봉방동,미방문,
대림건재약업사,충청북도 청주시 청원구,건자재점,,충청북도 청주시 청원구 충청대로71번길 6,,Q10211 / 내덕2동,미방문,
대한중기공업사,충청북도 청주시 청원구,공구점,,충청북도 청주시 청원구 오창읍 괴정2길 144,,S20302 / 오창읍,미방문,
진양공업사,충청북도 제천시,공구점,,충청북도 제천시 내토로 788,,S20302 / 교동,미방문,
육교철물,충청북도 청주시 흥덕구,철물점,,충청북도 청주시 흥덕구 강내면 탑연월곡길 37,,G21001 / 강내면,미방문,
한일철물,충청북도 청주시 서원구,철물점,,충청북도 청주시 서원구 안뜸로 63-2,,G21001 / 산남동,미방문,
한양철물,충청북도 청주시 흥덕구,철물점,,충청북도 청주시 흥덕구 흥덕로161번길 26,,G21001 / 운천.신봉동,미방문,
강쌤철물오송,충청북도 청주시 흥덕구,철물점,,충청북도 청주시 흥덕구 오송읍 연제만수길 49,,G21001 / 오송읍,미방문,
미래종합철물,충청북도 충주시,철물점,,충청북도 충주시 호암수청2로 10,,G21001 / 호암.직동,미방문,
한결철물공구24시본사,충청북도 청주시 청원구,철물점,,충청북도 청주시 청원구 오창읍 주성2길 9-2,,G21001 / 오창읍,미방문,
우정카부분정비공업사,충청북도 청주시 서원구,공구점,,충청북도 청주시 서원구 직지대로 722,,S20301 / 사직1동,미방문,
종합공구상사,충청북도 보은군,공구점,,충청북도 보은군 보은읍 삼산로 21-14,,G21001 / 보은읍,미방문,
만능공업사,충청북도 음성군,공구점,,충청북도 음성군 소이면 소이로 394,,S20301 / 소이면,미방문,
금강철물공구,충청북도 청주시 흥덕구,철물점,,충청북도 청주시 흥덕구 오송읍 오송가락로 255,,G21001 / 오송읍,미방문,
가덕철물건재,충청북도 청주시 상당구,건자재점,,충청북도 청주시 상당구 가덕면 상장인차로 565,,G21001 / 가덕면,미방문,
명성철물,충청북도 청주시 흥덕구,철물점,,충청북도 청주시 흥덕구 풍산로109번길 3,,G21001 / 복대2동,미방문,
증평철물,충청북도 증평군,철물점,,충청북도 증평군 증평읍 삼보로 95,,G21001 / 증평읍,미방문,
한송건축자재,충청북도 청주시 흥덕구,건자재점,,충청북도 청주시 흥덕구 강내면 태성탑연로 90,,N11101 / 강내면,미방문,
우리농자재,충청북도 청주시 상당구,농자재점,,충청북도 청주시 상당구 용정로38번길 9-1,,G21001 / 용암1동,미방문,
남부농자재,충청북도 보은군,농자재점,,충청북도 보은군 마로면 기대1길 17-3,,G21001 / 마로면,미방문,
재성안전철물,충청북도 청주시 청원구,철물점,,충청북도 청주시 청원구 내수읍 도원세교로 124-16,,G21001 / 내수읍,미방문,
신대흥공업사,충청북도 제천시,공구점,,충청북도 제천시 덕산면 약초로 65,,G21001 / 덕산면,미방문,
태양공업사,충청북도 충주시,공구점,,충청북도 충주시 금가면 웃구라니길 3,,S20301 / 금가면,미방문,
중부타이어공업사,충청북도 청주시 청원구,공구점,,충청북도 청주시 청원구 오창읍 중부로 1375,,S20301 / 오창읍,미방문,
가정철물모타,충청북도 청주시 상당구,철물점,,충청북도 청주시 상당구 수영로259번길 56,,G21001 / 금천동,미방문,
상정철물,충청북도 청주시 흥덕구,철물점,,충청북도 청주시 흥덕구 오송읍 상정쌍청로 67-7,,G21001 / 오송읍,미방문,
현대종합공구철물건재,충청북도 충주시,건자재점,,충청북도 충주시 신니면 신덕로 177,,G21001 / 신니면,미방문,
우주철물,충청북도 청주시 흥덕구,철물점,,충청북도 청주시 흥덕구 봉명로 220,,G21001 / 봉명1동,미방문,
또또카부분정비공업사,충청북도 청주시 흥덕구,공구점,,충청북도 청주시 흥덕구 가로수로1351번길 6,,S20301 / 복대1동,미방문,
내수공업사,충청북도 청주시 청원구,공구점,,충청북도 청주시 청원구 내수읍 은곡길 72-56,,S20301 / 내수읍,미방문,
정진공업사,충청북도 음성군,공구점,,충청북도 음성군 금왕읍 덕금로 918,,S20301 / 금왕읍,미방문,
문암농자재,충청북도 청주시 서원구,농자재점,,충청북도 청주시 서원구 구룡산로375번길 81,,G21001 / 모충동,미방문,
청주상용트럭공업사,충청북도 청주시 흥덕구,공구점,,충청북도 청주시 흥덕구 송절로 31,,S20301 / 강서2동,미방문,
오창현대공업사,충청북도 청주시 청원구,공구점,,충청북도 청주시 청원구 오창읍 두릉유리로 1327,,G20202 / 오창읍,미방문,
삼성공업사,충청북도 청주시 흥덕구,공구점,,충청북도 청주시 흥덕구 강내면 황탄리길 1,,S20301 / 강내면,미방문,
중앙공업사,충청북도 괴산군,공구점,,충청북도 괴산군 불정면 문무로 745,,S20699 / 불정면,미방문,
진성종합건재,충청북도 제천시,건자재점,,충청북도 제천시 내토로 1001,,G21099 / 의림지동,미방문,
성일철물,충청북도 괴산군,철물점,,충청북도 괴산군 장연면 미선로 773,,G21001 / 장연면,미방문,
전진공업사,충청북도 충주시,공구점,,충청북도 충주시 대가주1길 20,,S20301 / 달천동,미방문,
덕인카３급공업사,충청북도 진천군,공구점,,충청북도 진천군 덕산읍 용몽2길 1,,S20301 / 덕산읍,미방문,
대소철물,충청북도 음성군,철물점,,충청북도 음성군 금왕읍 대금로 981,,G21001 / 금왕읍,미방문,
서원농자재마트,충청북도 청주시 서원구,농자재점,,충청북도 청주시 서원구 남이면 2순환로 1789,,G22199 / 남이면,미방문,
희망건재철물,충청북도 충주시,건자재점,,충청북도 충주시 신니면 용원1길 12,,G21001 / 신니면,미방문,
서원철물공구상사,충청북도 청주시 흥덕구,철물점,,충청북도 청주시 흥덕구 직지대로 590,,G21001 / 봉명1동,미방문,
태수철물점,충청북도 음성군,철물점,,충청북도 음성군 맹동면 대하2길 41,,G21001 / 맹동면,미방문,
푸른농자재,충청북도 옥천군,농자재점,,충청북도 옥천군 옥천읍 옥천로 1686,,G21001 / 옥천읍,미방문,
유진공구철물,충청북도 충주시,철물점,,충청북도 충주시 탄금대로 99-1,,G21001 / 봉방동,미방문,
남일철물점,충청북도 청주시 상당구,철물점,,충청북도 청주시 상당구 남일면 단재로 495,,G21001 / 남일면,미방문,
현대건재,충청북도 음성군,건자재점,,충청북도 음성군 대소면 오산로 51,,G21201 / 대소면,미방문,
화성철물종합건재,충청북도 제천시,건자재점,,충청북도 제천시 봉양읍 팔송로 3-7,,G21001 / 봉양읍,미방문,
동광전기조명철물,충청북도 청주시 상당구,건자재점,,충청북도 청주시 상당구 무심동로328번길 4,,G21201 / 성안동,미방문,
